"contrast","session_id","estimate","SE","df","z.ratio","p.value","region"
"co_longi0 - co_longi1","ses-02A",99.2186582183503,6.38952610414352,Inf,15.5283281735101,0,"mr_y_smri__vol__dst__gcpd"
"co_longi0 - co_longi2","ses-02A",105.93935043759,11.9029037753996,Inf,8.90029462025397,0.000000000000028643754035329,"mr_y_smri__vol__dst__gcpd"
"co_longi0 - co_longi3","ses-02A",124.151963445889,15.0461826218025,Inf,8.25139283275666,0.0000000000000455191440096314,"mr_y_smri__vol__dst__gcpd"
"co_longi1 - co_longi2","ses-02A",6.72069221923982,12.0817433104736,Inf,0.556268416447295,0.944869496991577,"mr_y_smri__vol__dst__gcpd"
"co_longi1 - co_longi3","ses-02A",24.9333052275391,15.1197679504367,Inf,1.64905343185633,0.351071883899574,"mr_y_smri__vol__dst__gcpd"
"co_longi2 - co_longi3","ses-02A",18.2126130082993,18.1769073101289,Inf,1.00196434396463,0.748250170926968,"mr_y_smri__vol__dst__gcpd"
"co_longi0 - co_longi1","ses-04A",87.4969937670131,7.05491034664055,Inf,12.4022828736127,0,"mr_y_smri__vol__dst__gcpd"
"co_longi0 - co_longi2","ses-04A",109.76042989464,12.8036292375598,Inf,8.57260295953081,0.00000000000003574918139293,"mr_y_smri__vol__dst__gcpd"
"co_longi0 - co_longi3","ses-04A",118.104945964713,16.0733895112671,Inf,7.34785565184764,0.00000000000123545618180287,"mr_y_smri__vol__dst__gcpd"
"co_longi1 - co_longi2","ses-04A",22.2634361276271,12.9002796635244,Inf,1.72581034739713,0.310155867152916,"mr_y_smri__vol__dst__gcpd"
"co_longi1 - co_longi3","ses-04A",30.6079521976998,16.0418611593847,Inf,1.90800505587182,0.224576777179564,"mr_y_smri__vol__dst__gcpd"
"co_longi2 - co_longi3","ses-04A",8.34451607007265,19.3024447615254,Inf,0.432303585020761,0.97293148438948,"mr_y_smri__vol__dst__gcpd"
"co_longi0 - co_longi1","ses-06A",57.2704074060935,6.98824285495102,Inf,8.19525145230444,0.0000000000000482947015711943,"mr_y_smri__vol__dst__gcpd"
"co_longi0 - co_longi2","ses-06A",81.1272181170538,12.0940487358963,Inf,6.70802804657636,0.000000000118374754443096,"mr_y_smri__vol__dst__gcpd"
"co_longi0 - co_longi3","ses-06A",77.6363382656071,15.1452065862546,Inf,5.12613266933367,0.00000176652407490874,"mr_y_smri__vol__dst__gcpd"
"co_longi1 - co_longi2","ses-06A",23.8568107109603,12.0352365385325,Inf,1.98224693254505,0.194641903715218,"mr_y_smri__vol__dst__gcpd"
"co_longi1 - co_longi3","ses-06A",20.3659308595136,14.9367106329795,Inf,1.36348165000577,0.522390245869342,"mr_y_smri__vol__dst__gcpd"
"co_longi2 - co_longi3","ses-06A",-3.49087985144673,17.9600846796711,Inf,-0.194368785766252,0.997399592719161,"mr_y_smri__vol__dst__gcpd"
"co_longi0 - co_longi1","ses-02A",67.7440623789874,3.62465801809557,Inf,18.6897803988087,0,"mr_y_smri__vol__dst__gcpv"
"co_longi0 - co_longi2","ses-02A",75.1518740571375,6.76509115133658,Inf,11.1087747934172,0.0000000000000159872115546023,"mr_y_smri__vol__dst__gcpv"
"co_longi0 - co_longi3","ses-02A",75.5210693703065,8.53998187813396,Inf,8.84323531923095,0.0000000000000293098878501041,"mr_y_smri__vol__dst__gcpv"
"co_longi1 - co_longi2","ses-02A",7.40781167815012,6.86979989829226,Inf,1.07831549503962,0.702809124625791,"mr_y_smri__vol__dst__gcpv"
"co_longi1 - co_longi3","ses-02A",7.77700699131912,8.58651334587118,Inf,0.90572350825713,0.801799111642854,"mr_y_smri__vol__dst__gcpv"
"co_longi2 - co_longi3","ses-02A",0.369195313168992,10.327141814835,Inf,0.0357499993501241,0.999983596928944,"mr_y_smri__vol__dst__gcpv"
"co_longi0 - co_longi1","ses-04A",75.6718634860161,3.95402818278779,Inf,19.1379170779364,0,"mr_y_smri__vol__dst__gcpv"
"co_longi0 - co_longi2","ses-04A",83.9149910997418,7.19293052703649,Inf,11.6663146938964,0,"mr_y_smri__vol__dst__gcpv"
"co_longi0 - co_longi3","ses-04A",89.8163285586317,9.02813007433305,Inf,9.94849739858969,0.0000000000000336397576461422,"mr_y_smri__vol__dst__gcpv"
"co_longi1 - co_longi2","ses-04A",8.24312761372566,7.24981671209348,Inf,1.13701186403447,0.666570147032243,"mr_y_smri__vol__dst__gcpv"
"co_longi1 - co_longi3","ses-04A",14.1444650726156,9.01517626398689,Inf,1.56896156641094,0.396465761016673,"mr_y_smri__vol__dst__gcpv"
"co_longi2 - co_longi3","ses-04A",5.90133745888992,10.8497694813408,Inf,0.543913625910572,0.948204948661018,"mr_y_smri__vol__dst__gcpv"
"co_longi0 - co_longi1","ses-06A",69.307839160425,3.93966804057996,Inf,17.592304337962,0,"mr_y_smri__vol__dst__gcpv"
"co_longi0 - co_longi2","ses-06A",74.7736273619806,6.87114344715629,Inf,10.8822684225762,0.0000000000000363042929052426,"mr_y_smri__vol__dst__gcpv"
"co_longi0 - co_longi3","ses-06A",72.2334243857621,8.60755868123263,Inf,8.39185965043203,0.0000000000000408562073062058,"mr_y_smri__vol__dst__gcpv"
"co_longi1 - co_longi2","ses-06A",5.46578820155558,6.84872386357934,Inf,0.798073963913477,0.855334011932549,"mr_y_smri__vol__dst__gcpv"
"co_longi1 - co_longi3","ses-06A",2.92558522533713,8.50233406360669,Inf,0.344092010905544,0.985999667261234,"mr_y_smri__vol__dst__gcpv"
"co_longi2 - co_longi3","ses-06A",-2.54020297621846,10.2277906840402,Inf,-0.248362823867941,0.994622950721771,"mr_y_smri__vol__dst__gcpv"
"co_longi0 - co_longi1","ses-02A",129.429701747514,13.363083104301,Inf,9.68561676503051,0.0000000000000485167461761193,"mr_y_smri__vol__dst__gfio"
"co_longi0 - co_longi2","ses-02A",107.450416533022,24.9019352099665,Inf,4.31494241821083,0.000094030470756401,"mr_y_smri__vol__dst__gfio"
"co_longi0 - co_longi3","ses-02A",122.243906714715,31.4679251003738,Inf,3.8847145569589,0.000592932765239529,"mr_y_smri__vol__dst__gfio"
"co_longi1 - co_longi2","ses-02A",-21.979285214492,25.2780100484102,Inf,-0.869502194690139,0.820634728405679,"mr_y_smri__vol__dst__gfio"
"co_longi1 - co_longi3","ses-02A",-7.1857950327996,31.6249854782169,Inf,-0.227218919602323,0.995867166452347,"mr_y_smri__vol__dst__gfio"
"co_longi2 - co_longi3","ses-02A",14.7934901816924,38.0232731635981,Inf,0.389064090249209,0.980007521909012,"mr_y_smri__vol__dst__gfio"
"co_longi0 - co_longi1","ses-04A",128.410007887678,14.7141679557387,Inf,8.72696358189906,0.0000000000000325295346215171,"mr_y_smri__vol__dst__gfio"
"co_longi0 - co_longi2","ses-04A",135.664628541539,26.7138117569589,Inf,5.07844517943788,0.00000227197180424632,"mr_y_smri__vol__dst__gfio"
"co_longi0 - co_longi3","ses-04A",167.021299942919,33.5344678171715,Inf,4.9805859706351,0.00000378111869769882,"mr_y_smri__vol__dst__gfio"
"co_longi1 - co_longi2","ses-04A",7.25462065386083,26.9162206632736,Inf,0.26952597634777,0.993155987166502,"mr_y_smri__vol__dst__gfio"
"co_longi1 - co_longi3","ses-04A",38.611292055241,33.4710080329405,Inf,1.15357422212207,0.65619017891033,"mr_y_smri__vol__dst__gfio"
"co_longi2 - co_longi3","ses-04A",31.3566714013801,40.2759605202299,Inf,0.778545588891176,0.864214801789031,"mr_y_smri__vol__dst__gfio"
"co_longi0 - co_longi1","ses-06A",98.3503434280128,14.5966451155346,Inf,6.73787316534418,0.0000000000964494040189834,"mr_y_smri__vol__dst__gfio"
"co_longi0 - co_longi2","ses-06A",103.195086342097,25.3011290555989,Inf,4.07867514984518,0.000264553051971372,"mr_y_smri__vol__dst__gfio"
"co_longi0 - co_longi3","ses-06A",116.95173474058,31.6868686642992,Inf,3.69085806425381,0.00127833847664083,"mr_y_smri__vol__dst__gfio"
"co_longi1 - co_longi2","ses-06A",4.84474291408426,25.1854704616994,Inf,0.192362613255602,0.997478553323088,"mr_y_smri__vol__dst__gfio"
"co_longi1 - co_longi3","ses-06A",18.6013913125671,31.2594247555335,Inf,0.595065055036698,0.933602470494107,"mr_y_smri__vol__dst__gfio"
"co_longi2 - co_longi3","ses-06A",13.7566483984828,37.5906280642798,Inf,0.365959525202905,0.983254014306796,"mr_y_smri__vol__dst__gfio"
"co_longi0 - co_longi1","ses-02A",68.7829400168606,5.59532013631038,Inf,12.2929409472926,0,"mr_y_smri__vol__dst__gfiob"
"co_longi0 - co_longi2","ses-02A",50.3988236688893,10.4172869338263,Inf,4.83799899043173,0.00000780934343969086,"mr_y_smri__vol__dst__gfiob"
"co_longi0 - co_longi3","ses-02A",70.5628875475862,13.1925288416512,Inf,5.34870064674836,0.000000529955547001748,"mr_y_smri__vol__dst__gfiob"
"co_longi1 - co_longi2","ses-02A",-18.3841163479712,10.5725353414041,Inf,-1.73885598433287,0.303474690868807,"mr_y_smri__vol__dst__gfiob"
"co_longi1 - co_longi3","ses-02A",1.77994753072563,13.2538703748045,Inf,0.134296434203046,0.999135901023928,"mr_y_smri__vol__dst__gfiob"
"co_longi2 - co_longi3","ses-02A",20.1640638786969,15.924346941499,Inf,1.26624118105271,0.584517292656869,"mr_y_smri__vol__dst__gfiob"
"co_longi0 - co_longi1","ses-04A",63.5383179541345,6.27186256789435,Inf,10.1306935964106,0.0000000000000397459842815806,"mr_y_smri__vol__dst__gfiob"
"co_longi0 - co_longi2","ses-04A",58.1508494566332,11.3814227208494,Inf,5.10927771359443,0.000001931329109639,"mr_y_smri__vol__dst__gfiob"
"co_longi0 - co_longi3","ses-04A",61.5954640549339,14.2912902882786,Inf,4.31000020379218,0.000096142446694869,"mr_y_smri__vol__dst__gfiob"
"co_longi1 - co_longi2","ses-04A",-5.38746849750129,11.4722289170348,Inf,-0.469609570769772,0.965729616669913,"mr_y_smri__vol__dst__gfiob"
"co_longi1 - co_longi3","ses-04A",-1.94285389920056,14.2657812562625,Inf,-0.136189800214949,0.999099008878406,"mr_y_smri__vol__dst__gfiob"
"co_longi2 - co_longi3","ses-04A",3.44461459830074,17.1615865170878,Inf,0.200716559326897,0.997139089548239,"mr_y_smri__vol__dst__gfiob"
"co_longi0 - co_longi1","ses-06A",50.1475252459336,6.15238009517924,Inf,8.15091468182,0.0000000000000504041253179821,"mr_y_smri__vol__dst__gfiob"
"co_longi0 - co_longi2","ses-06A",42.290221387977,10.5790083470727,Inf,3.99756007373592,0.000372484534491235,"mr_y_smri__vol__dst__gfiob"
"co_longi0 - co_longi3","ses-06A",55.0348206140401,13.2410740491288,Inf,4.15637133436779,0.000189440007523967,"mr_y_smri__vol__dst__gfiob"
"co_longi1 - co_longi2","ses-06A",-7.85730385795658,10.5195521363417,Inf,-0.746923800188423,0.878012041184929,"mr_y_smri__vol__dst__gfiob"
"co_longi1 - co_longi3","ses-06A",4.88729536810652,13.0501009127308,Inf,0.374502496248042,0.98209571983075,"mr_y_smri__vol__dst__gfiob"
"co_longi2 - co_longi3","ses-06A",12.7445992260631,15.6819838826566,Inf,0.812690493844846,0.848511901883059,"mr_y_smri__vol__dst__gfiob"
"co_longi0 - co_longi1","ses-02A",172.349104249984,13.8578395621372,Inf,12.4369389237903,0,"mr_y_smri__vol__dst__gfit"
"co_longi0 - co_longi2","ses-02A",163.803601657025,25.8114134531135,Inf,6.34616937792167,0.00000000132399335939226,"mr_y_smri__vol__dst__gfit"
"co_longi0 - co_longi3","ses-02A",147.270405899275,32.6335586191791,Inf,4.51285155927563,0.0000378675430577902,"mr_y_smri__vol__dst__gfit"
"co_longi1 - co_longi2","ses-02A",-8.54550259295971,26.198280512508,Inf,-0.326185628437706,0.988020297120993,"mr_y_smri__vol__dst__gfit"
"co_longi1 - co_longi3","ses-02A",-25.0786983507093,32.7915414011266,Inf,-0.764791689537583,0.870305676176529,"mr_y_smri__vol__dst__gfit"
"co_longi2 - co_longi3","ses-02A",-16.5331957577495,39.4195190737309,Inf,-0.419416475549222,0.975180338605174,"mr_y_smri__vol__dst__gfit"
"co_longi0 - co_longi1","ses-04A",163.64377095992,15.3247282420566,Inf,10.6784125874952,0.0000000000000398570065840431,"mr_y_smri__vol__dst__gfit"
"co_longi0 - co_longi2","ses-04A",189.362388211789,27.807675176729,Inf,6.80971663428584,0.000000000058697713356537,"mr_y_smri__vol__dst__gfit"
"co_longi0 - co_longi3","ses-04A",168.763192499933,34.9099857070426,Inf,4.83423837283002,0.00000795800796626889,"mr_y_smri__vol__dst__gfit"
"co_longi1 - co_longi2","ses-04A",25.7186172518686,28.0175375014119,Inf,0.917947098333412,0.79526874293907,"mr_y_smri__vol__dst__gfit"
"co_longi1 - co_longi3","ses-04A",5.11942154001254,34.8406152262967,Inf,0.146938322034811,0.998869691029343,"mr_y_smri__vol__dst__gfit"
"co_longi2 - co_longi3","ses-04A",-20.599195711856,41.9210891795498,Inf,-0.491380260270167,0.96104013819953,"mr_y_smri__vol__dst__gfit"
"co_longi0 - co_longi1","ses-06A",132.048397115363,15.166674320591,Inf,8.70648332812741,0.0000000000000327515792264421,"mr_y_smri__vol__dst__gfit"
"co_longi0 - co_longi2","ses-06A",155.772584530826,26.2259034900814,Inf,5.93964606747445,0.0000000171229839196485,"mr_y_smri__vol__dst__gfit"
"co_longi0 - co_longi3","ses-06A",134.393775695463,32.8407441425589,Inf,4.09228777253254,0.000249627447903467,"mr_y_smri__vol__dst__gfit"
"co_longi1 - co_longi2","ses-06A",23.7241874154626,26.0945671756084,Inf,0.909161943779566,0.799970764407052,"mr_y_smri__vol__dst__gfit"
"co_longi1 - co_longi3","ses-06A",2.34537858009981,32.3841705386369,Inf,0.0724236113227473,0.999863826793268,"mr_y_smri__vol__dst__gfit"
"co_longi2 - co_longi3","ses-06A",-21.3788088353628,38.9367932709848,Inf,-0.549064446231478,0.946829147731231,"mr_y_smri__vol__dst__gfit"
"co_longi0 - co_longi1","ses-02A",574.508654495539,36.8014513272837,Inf,15.6110325483172,0,"mr_y_smri__vol__dst__gfm"
"co_longi0 - co_longi2","ses-02A",494.928272094504,68.7456467500674,Inf,7.19941255180668,0.0000000000036569636208128,"mr_y_smri__vol__dst__gfm"
"co_longi0 - co_longi3","ses-02A",690.713004902449,86.7454034374275,Inf,7.9625314717763,0.0000000000000653921361504217,"mr_y_smri__vol__dst__gfm"
"co_longi1 - co_longi2","ses-02A",-79.5803824010356,69.8239530094949,Inf,-1.13972897510134,0.664871310735126,"mr_y_smri__vol__dst__gfm"
"co_longi1 - co_longi3","ses-02A",116.20435040691,87.2392048235903,Inf,1.33201982574108,0.542423943446735,"mr_y_smri__vol__dst__gfm"
"co_longi2 - co_longi3","ses-02A",195.784732807945,104.937988302449,Inf,1.86571837306106,0.242920689561086,"mr_y_smri__vol__dst__gfm"
"co_longi0 - co_longi1","ses-04A",575.582929100818,39.9874100635305,Inf,14.3941037488138,0,"mr_y_smri__vol__dst__gfm"
"co_longi0 - co_longi2","ses-04A",593.35067795946,72.8287419086557,Inf,8.14720483162624,0.0000000000000505151476204446,"mr_y_smri__vol__dst__gfm"
"co_longi0 - co_longi3","ses-04A",817.990075425303,91.4046729536436,Inf,8.94910565283846,0.0000000000000278665979180914,"mr_y_smri__vol__dst__gfm"
"co_longi1 - co_longi2","ses-04A",17.767748858642,73.4227022556278,Inf,0.241992576039791,0.995020375006175,"mr_y_smri__vol__dst__gfm"
"co_longi1 - co_longi3","ses-04A",242.407146324485,91.3003886503154,Inf,2.65505054149238,0.0396264931761955,"mr_y_smri__vol__dst__gfm"
"co_longi2 - co_longi3","ses-04A",224.639397465843,109.887661420379,Inf,2.04426406533921,0.171846703439636,"mr_y_smri__vol__dst__gfm"
"co_longi0 - co_longi1","ses-06A",455.725888005552,39.9047388664956,Inf,11.4203450755615,0,"mr_y_smri__vol__dst__gfm"
"co_longi0 - co_longi2","ses-06A",480.222391786264,69.8052553208724,Inf,6.87945899744705,0.0000000000360749208283551,"mr_y_smri__vol__dst__gfm"
"co_longi0 - co_longi3","ses-06A",614.400133190405,87.4543909796381,Inf,7.02537775757258,0.0000000000128381749675555,"mr_y_smri__vol__dst__gfm"
"co_longi1 - co_longi2","ses-06A",24.4965037807123,69.6257930427303,Inf,0.351830876320194,0.985063532889155,"mr_y_smri__vol__dst__gfm"
"co_longi1 - co_longi3","ses-06A",158.674245184854,86.4444438547514,Inf,1.83556326016125,0.256571445810631,"mr_y_smri__vol__dst__gfm"
"co_longi2 - co_longi3","ses-06A",134.177741404141,104.001113098103,Inf,1.29015678204879,0.569198788181844,"mr_y_smri__vol__dst__gfm"
"co_longi0 - co_longi1","ses-02A",1085.81408637611,47.9206895816321,Inf,22.6585655560412,0,"mr_y_smri__vol__dst__gfs"
"co_longi0 - co_longi2","ses-02A",974.367260540846,89.8943026757188,Inf,10.8390324140534,0.0000000000000373034936274053,"mr_y_smri__vol__dst__gfs"
"co_longi0 - co_longi3","ses-02A",1318.29133289774,113.264423189342,Inf,11.6390592542371,0,"mr_y_smri__vol__dst__gfs"
"co_longi1 - co_longi2","ses-02A",-111.446825835267,91.3958009444273,Inf,-1.21938671890442,0.614480232764868,"mr_y_smri__vol__dst__gfs"
"co_longi1 - co_longi3","ses-02A",232.477246521627,114.040923004973,Inf,2.03854230916292,0.173866330390333,"mr_y_smri__vol__dst__gfs"
"co_longi2 - co_longi3","ses-02A",343.924072356894,137.24042682011,Inf,2.50599681395408,0.0589745830571605,"mr_y_smri__vol__dst__gfs"
"co_longi0 - co_longi1","ses-04A",1184.88670641714,51.2968084315001,Inf,23.0986438074289,0,"mr_y_smri__vol__dst__gfs"
"co_longi0 - co_longi2","ses-04A",1250.63620829352,94.0076029679113,Inf,13.303564486379,0,"mr_y_smri__vol__dst__gfs"
"co_longi0 - co_longi3","ses-04A",1609.26447513561,117.95998960784,Inf,13.6424602993408,0,"mr_y_smri__vol__dst__gfs"
"co_longi1 - co_longi2","ses-04A",65.7495018763798,94.9131616754669,Inf,0.69273323863338,0.899916900247689,"mr_y_smri__vol__dst__gfs"
"co_longi1 - co_longi3","ses-04A",424.377768718476,118.016625547421,Inf,3.59591512424625,0.00183618350509529,"mr_y_smri__vol__dst__gfs"
"co_longi2 - co_longi3","ses-04A",358.628266842096,142.080130506871,Inf,2.52412681183984,0.0562658491236921,"mr_y_smri__vol__dst__gfs"
"co_longi0 - co_longi1","ses-06A",1012.15412638872,51.4222869675377,Inf,19.6831799221158,0,"mr_y_smri__vol__dst__gfs"
"co_longi0 - co_longi2","ses-06A",1099.03501200372,91.1414824014966,Inf,12.0585597583573,0,"mr_y_smri__vol__dst__gfs"
"co_longi0 - co_longi3","ses-06A",1330.12165622013,114.221532337405,Inf,11.64510428989,0,"mr_y_smri__vol__dst__gfs"
"co_longi1 - co_longi2","ses-06A",86.8808856149993,91.2068363101211,Inf,0.952569885436956,0.776325132599787,"mr_y_smri__vol__dst__gfs"
"co_longi1 - co_longi3","ses-06A",317.967529831411,113.27276055212,Inf,2.80709614810796,0.0257445242275216,"mr_y_smri__vol__dst__gfs"
"co_longi2 - co_longi3","ses-06A",231.086644216412,136.339136740147,Inf,1.69493991044441,0.326287368846445,"mr_y_smri__vol__dst__gfs"
"co_longi0 - co_longi1","ses-02A",79.9905903609114,4.53132155189751,Inf,17.6528170523266,0,"mr_y_smri__vol__dst__gilsci"
"co_longi0 - co_longi2","ses-02A",80.7492006143108,8.44658136330318,Inf,9.55998612233014,0.0000000000000319744231092045,"mr_y_smri__vol__dst__gilsci"
"co_longi0 - co_longi3","ses-02A",94.819825965064,10.6711139418395,Inf,8.88565397032191,0.0000000000000290878432451791,"mr_y_smri__vol__dst__gilsci"
"co_longi1 - co_longi2","ses-02A",0.758610253399315,8.57474422172296,Inf,0.0884703069599998,0.999752016101606,"mr_y_smri__vol__dst__gilsci"
"co_longi1 - co_longi3","ses-02A",14.8292356041525,10.725329379632,Inf,1.38263684771436,0.510251763323816,"mr_y_smri__vol__dst__gilsci"
"co_longi2 - co_longi3","ses-02A",14.0706253507532,12.8962597309095,Inf,1.09106249752624,0.695021647175339,"mr_y_smri__vol__dst__gilsci"
"co_longi0 - co_longi1","ses-04A",81.1336015960407,4.97878140503478,Inf,16.2958754353012,0,"mr_y_smri__vol__dst__gilsci"
"co_longi0 - co_longi2","ses-04A",91.8330469471262,9.04227383159972,Inf,10.1559683612103,0.0000000000000385247389544929,"mr_y_smri__vol__dst__gilsci"
"co_longi0 - co_longi3","ses-04A",102.899156637762,11.3505924815006,Inf,9.06553176016754,0.0000000000000522915044598449,"mr_y_smri__vol__dst__gilsci"
"co_longi1 - co_longi2","ses-04A",10.6994453510855,9.11118581266719,Inf,1.17431973961174,0.643112850905203,"mr_y_smri__vol__dst__gilsci"
"co_longi1 - co_longi3","ses-04A",21.7655550417216,11.3299623437197,Inf,1.92106155178763,0.219102366496013,"mr_y_smri__vol__dst__gilsci"
"co_longi2 - co_longi3","ses-04A",11.0661096906362,13.6339320993992,Inf,0.811659439841553,0.848997974110635,"mr_y_smri__vol__dst__gilsci"
"co_longi0 - co_longi1","ses-06A",65.4550332716539,4.94440550320957,Inf,13.2382008775706,0,"mr_y_smri__vol__dst__gilsci"
"co_longi0 - co_longi2","ses-06A",80.3662477512641,8.5815920922175,Inf,9.3649577942707,0.0000000000000383026943495679,"mr_y_smri__vol__dst__gilsci"
"co_longi0 - co_longi3","ses-06A",90.5514666355892,10.748164480418,Inf,8.42483075138684,0.0000000000000396349619791181,"mr_y_smri__vol__dst__gilsci"
"co_longi1 - co_longi2","ses-06A",14.9112144796102,8.54457440320728,Inf,1.74510909215246,0.300301347280184,"mr_y_smri__vol__dst__gilsci"
"co_longi1 - co_longi3","ses-06A",25.0964333639353,10.6058284361798,Inf,2.36628694448079,0.0836658036064413,"mr_y_smri__vol__dst__gilsci"
"co_longi2 - co_longi3","ses-06A",10.1852188843251,12.7549176970177,Inf,0.798532701367925,0.855122158559389,"mr_y_smri__vol__dst__gilsci"
"co_longi0 - co_longi1","ses-02A",136.643915501502,6.39476754761258,Inf,21.3680817143254,0,"mr_y_smri__vol__dst__gis"
"co_longi0 - co_longi2","ses-02A",127.622577567354,11.9430544482629,Inf,10.685924452594,0.0000000000000386357612569554,"mr_y_smri__vol__dst__gis"
"co_longi0 - co_longi3","ses-02A",139.802715890663,15.0715447569537,Inf,9.27593807702828,0.0000000000000419664303308309,"mr_y_smri__vol__dst__gis"
"co_longi1 - co_longi2","ses-02A",-9.02133793414789,12.1297914491268,Inf,-0.74373396871529,0.879362962611401,"mr_y_smri__vol__dst__gis"
"co_longi1 - co_longi3","ses-02A",3.15880038916053,15.1564630902279,Inf,0.208412765587584,0.996800983157052,"mr_y_smri__vol__dst__gis"
"co_longi2 - co_longi3","ses-02A",12.1801383233084,18.2308068937097,Inf,0.668107472934234,0.909122627307413,"mr_y_smri__vol__dst__gis"
"co_longi0 - co_longi1","ses-04A",143.76627914773,6.95463785470908,Inf,20.6720007786436,0,"mr_y_smri__vol__dst__gis"
"co_longi0 - co_longi2","ses-04A",138.790784513369,12.6627867296927,Inf,10.9605245256103,0.0000000000000364153152077051,"mr_y_smri__vol__dst__gis"
"co_longi0 - co_longi3","ses-04A",175.725713733258,15.8928160878913,Inf,11.0569274042718,0.000000000000021316282072803,"mr_y_smri__vol__dst__gis"
"co_longi1 - co_longi2","ses-04A",-4.97549463436086,12.7652758475436,Inf,-0.389767890156347,0.979902909934821,"mr_y_smri__vol__dst__gis"
"co_longi1 - co_longi3","ses-04A",31.9594345855281,15.873535688359,Inf,2.01337844403284,0.182949288737587,"mr_y_smri__vol__dst__gis"
"co_longi2 - co_longi3","ses-04A",36.934929219889,19.1048266791936,Inf,1.93327737749715,0.214061580674158,"mr_y_smri__vol__dst__gis"
"co_longi0 - co_longi1","ses-06A",124.68247335735,6.93787387203599,Inf,17.9712799132741,0,"mr_y_smri__vol__dst__gis"
"co_longi0 - co_longi2","ses-06A",140.307779636495,12.1279227263294,Inf,11.5689869405162,0,"mr_y_smri__vol__dst__gis"
"co_longi0 - co_longi3","ses-06A",140.694120342074,15.1939412955978,Inf,9.25988310767249,0.0000000000000430766533554561,"mr_y_smri__vol__dst__gis"
"co_longi1 - co_longi2","ses-06A",15.6253062791452,12.0947429020667,Inf,1.29190892321284,0.568076688259905,"mr_y_smri__vol__dst__gis"
"co_longi1 - co_longi3","ses-06A",16.0116469847239,15.0160236143678,Inf,1.06630406264169,0.710099672571203,"mr_y_smri__vol__dst__gis"
"co_longi2 - co_longi3","ses-06A",0.386340705578682,18.0652091886956,Inf,0.0213858971431362,0.999996487525954,"mr_y_smri__vol__dst__gis"
"co_longi0 - co_longi1","ses-02A",319.145318679,16.936911532795,Inf,18.8431827172881,0,"mr_y_smri__vol__dst__go"
"co_longi0 - co_longi2","ses-02A",268.714908701184,31.743450784525,Inf,8.46520784791877,0.0000000000000385247389544929,"mr_y_smri__vol__dst__go"
"co_longi0 - co_longi3","ses-02A",341.687811169644,40.0063967840001,Inf,8.54082943321445,0.0000000000000369704267200177,"mr_y_smri__vol__dst__go"
"co_longi1 - co_longi2","ses-02A",-50.4304099778161,32.2667928498075,Inf,-1.56291981705634,0.399991235862269,"mr_y_smri__vol__dst__go"
"co_longi1 - co_longi3","ses-02A",22.5424924906439,40.2708807569498,Inf,0.559771528879551,0.943901607334907,"mr_y_smri__vol__dst__go"
"co_longi2 - co_longi3","ses-02A",72.9729024684599,48.45930567455,Inf,1.50585943097373,0.433909372968638,"mr_y_smri__vol__dst__go"
"co_longi0 - co_longi1","ses-04A",329.817973654181,18.1810044395081,Inf,18.1408004575078,0,"mr_y_smri__vol__dst__go"
"co_longi0 - co_longi2","ses-04A",313.82268056969,33.2735317670557,Inf,9.43160115273389,0.00000000000003574918139293,"mr_y_smri__vol__dst__go"
"co_longi0 - co_longi3","ses-04A",402.047098764328,41.7529674389994,Inf,9.62918622135574,0.0000000000000290878432451791,"mr_y_smri__vol__dst__go"
"co_longi1 - co_longi2","ses-04A",-15.9952930844907,33.5827555931132,Inf,-0.476294836501472,0.964328246489199,"mr_y_smri__vol__dst__go"
"co_longi1 - co_longi3","ses-04A",72.2291251101472,41.7578870911808,Inf,1.72971216078128,0.308149032116964,"mr_y_smri__vol__dst__go"
"co_longi2 - co_longi3","ses-04A",88.2244181946379,50.2698448529214,Inf,1.75501671932275,0.295312378430648,"mr_y_smri__vol__dst__go"
"co_longi0 - co_longi1","ses-06A",271.138520562355,18.2130893890127,Inf,14.8870142111048,0,"mr_y_smri__vol__dst__go"
"co_longi0 - co_longi2","ses-06A",248.905808502094,32.194949244576,Inf,7.73120673715701,0.0000000000000873745520379998,"mr_y_smri__vol__dst__go"
"co_longi0 - co_longi3","ses-06A",334.147220406406,40.3456093932251,Inf,8.28212103948333,0.0000000000000448530101948563,"mr_y_smri__vol__dst__go"
"co_longi1 - co_longi2","ses-06A",-22.2327120602618,32.1957875659949,Inf,-0.690547234314092,0.900753242382981,"mr_y_smri__vol__dst__go"
"co_longi1 - co_longi3","ses-06A",63.0086998440501,39.9828941107556,Inf,1.57589142170427,0.392438596600259,"mr_y_smri__vol__dst__go"
"co_longi2 - co_longi3","ses-06A",85.2414119043119,48.1211080282896,Inf,1.77139337386412,0.287171712603105,"mr_y_smri__vol__dst__go"
"co_longi0 - co_longi1","ses-02A",373.837566171878,20.0882835422262,Inf,18.6097316570657,0,"mr_y_smri__vol__dst__gom"
"co_longi0 - co_longi2","ses-02A",327.351834862573,37.4357395313881,Inf,8.74436671908413,0.000000000000031641356201817,"mr_y_smri__vol__dst__gom"
"co_longi0 - co_longi3","ses-02A",402.053701392432,47.3049379074594,Inf,8.49919097619264,0.0000000000000378586051397178,"mr_y_smri__vol__dst__gom"
"co_longi1 - co_longi2","ses-02A",-46.4857313093057,38.0014541816902,Inf,-1.22326190695364,0.612007445121098,"mr_y_smri__vol__dst__gom"
"co_longi1 - co_longi3","ses-02A",28.2161352205539,47.5416074364828,Inf,0.593504021887599,0.934079096684479,"mr_y_smri__vol__dst__gom"
"co_longi2 - co_longi3","ses-02A",74.7018665298597,57.1607355743199,Inf,1.30687377933989,0.558496578647034,"mr_y_smri__vol__dst__gom"
"co_longi0 - co_longi1","ses-04A",351.220327230983,22.1126938177496,Inf,15.8831994928208,0,"mr_y_smri__vol__dst__gom"
"co_longi0 - co_longi2","ses-04A",337.746917415,40.1478040257152,Inf,8.41258757760868,0.0000000000000401900734914307,"mr_y_smri__vol__dst__gom"
"co_longi0 - co_longi3","ses-04A",373.80050717952,50.3982316719836,Inf,7.41693695946311,0.00000000000074584782794318,"mr_y_smri__vol__dst__gom"
"co_longi1 - co_longi2","ses-04A",-13.4734098159827,40.4522028277137,Inf,-0.333069867007395,0.98726716989673,"mr_y_smri__vol__dst__gom"
"co_longi1 - co_longi3","ses-04A",22.580179948537,50.3033316318267,Inf,0.448880406447088,0.969859659254792,"mr_y_smri__vol__dst__gom"
"co_longi2 - co_longi3","ses-04A",36.0535897645198,60.5307456737547,Inf,0.595624411416298,0.933431208214061,"mr_y_smri__vol__dst__gom"
"co_longi0 - co_longi1","ses-06A",277.3479600363,21.939494411865,Inf,12.6414927723361,0,"mr_y_smri__vol__dst__gom"
"co_longi0 - co_longi2","ses-06A",269.523532310949,38.0356625348377,Inf,7.08607434047155,0.00000000000830702173715281,"mr_y_smri__vol__dst__gom"
"co_longi0 - co_longi3","ses-06A",288.511812349684,47.6358850776258,Inf,6.05660652425236,0.0000000083356006541635,"mr_y_smri__vol__dst__gom"
"co_longi1 - co_longi2","ses-06A",-7.82442772535162,37.8631017587339,Inf,-0.206650468712505,0.996880597081768,"mr_y_smri__vol__dst__gom"
"co_longi1 - co_longi3","ses-06A",11.1638523133838,46.9948627703561,Inf,0.237554738013318,0.995285598275139,"mr_y_smri__vol__dst__gom"
"co_longi2 - co_longi3","ses-06A",18.9882800387354,56.513713811105,Inf,0.335994199606188,0.986938336849281,"mr_y_smri__vol__dst__gom"
"co_longi0 - co_longi1","ses-02A",197.307205433842,10.9549437974501,Inf,18.0107912082367,0,"mr_y_smri__vol__dst__gos"
"co_longi0 - co_longi2","ses-02A",153.5584395939,20.485069564945,Inf,7.49611511481887,0.000000000000420330437123084,"mr_y_smri__vol__dst__gos"
"co_longi0 - co_longi3","ses-02A",170.016749193651,25.837597937071,Inf,6.58020724711857,0.000000000281845435878836,"mr_y_smri__vol__dst__gos"
"co_longi1 - co_longi2","ses-02A",-43.7487658399414,20.8114832783441,Inf,-2.10214549606203,0.152356041125242,"mr_y_smri__vol__dst__gos"
"co_longi1 - co_longi3","ses-02A",-27.290456240191,25.9921234706807,Inf,-1.04995100808038,0.719946179929509,"mr_y_smri__vol__dst__gos"
"co_longi2 - co_longi3","ses-02A",16.4583095997504,31.2695542694906,Inf,0.526336559130573,0.952741268229157,"mr_y_smri__vol__dst__gos"
"co_longi0 - co_longi1","ses-04A",206.189585976228,11.853752531572,Inf,17.3944567702971,0,"mr_y_smri__vol__dst__gos"
"co_longi0 - co_longi2","ses-04A",191.671492618337,21.6207272052866,Inf,8.86517325705264,0.0000000000000291988655476416,"mr_y_smri__vol__dst__gos"
"co_longi0 - co_longi3","ses-04A",197.154062086948,27.1336748269947,Inf,7.26602877582964,0.00000000000224964491479795,"mr_y_smri__vol__dst__gos"
"co_longi1 - co_longi2","ses-04A",-14.5180933578913,21.8041459298664,Inf,-0.665840955412292,0.909945994052826,"mr_y_smri__vol__dst__gos"
"co_longi1 - co_longi3","ses-04A",-9.03552388928064,27.112851196721,Inf,-0.333256130966167,0.987246384344289,"mr_y_smri__vol__dst__gos"
"co_longi2 - co_longi3","ses-04A",5.48256946861068,32.6349851924944,Inf,0.167996689328102,0.998314936816618,"mr_y_smri__vol__dst__gos"
"co_longi0 - co_longi1","ses-06A",178.399602002693,11.8468043354868,Inf,15.0588797578349,0,"mr_y_smri__vol__dst__gos"
"co_longi0 - co_longi2","ses-06A",167.452440166408,20.7937210109361,Inf,8.05302908884556,0.0000000000000565103519534205,"mr_y_smri__vol__dst__gos"
"co_longi0 - co_longi3","ses-06A",161.765859344473,26.0536070296373,Inf,6.20896212798696,0.00000000319856785502282,"mr_y_smri__vol__dst__gos"
"co_longi1 - co_longi2","ses-06A",-10.9471618362853,20.7572196797808,Inf,-0.527390566037548,0.952476142024243,"mr_y_smri__vol__dst__gos"
"co_longi1 - co_longi3","ses-06A",-16.6337426582203,25.7735934950994,Inf,-0.645379258479537,0.917195355891599,"mr_y_smri__vol__dst__gos"
"co_longi2 - co_longi3","ses-06A",-5.68658082193497,31.0122799265581,Inf,-0.183365455084298,0.99781329938993,"mr_y_smri__vol__dst__gos"
"co_longi0 - co_longi1","ses-02A",220.297590090194,18.5141825234562,Inf,11.8988559074154,0,"mr_y_smri__vol__dst__gotml"
"co_longi0 - co_longi2","ses-02A",153.699594859033,34.8124855290658,Inf,4.41507098741069,0.0000596411530755514,"mr_y_smri__vol__dst__gotml"
"co_longi0 - co_longi3","ses-02A",270.519143323808,43.836106250098,Inf,6.17114900170229,0.00000000406554678811233,"mr_y_smri__vol__dst__gotml"
"co_longi1 - co_longi2","ses-02A",-66.5979952311616,35.4136774367574,Inf,-1.88057270669204,0.236370268863658,"mr_y_smri__vol__dst__gotml"
"co_longi1 - co_longi3","ses-02A",50.2215532336131,44.1645416169627,Inf,1.13714648437162,0.666486016341046,"mr_y_smri__vol__dst__gotml"
"co_longi2 - co_longi3","ses-02A",116.819548464775,53.158910484261,Inf,2.19755347505405,0.123858792982803,"mr_y_smri__vol__dst__gotml"
"co_longi0 - co_longi1","ses-04A",270.562394167833,19.6847086836264,Inf,13.7448005208675,0,"mr_y_smri__vol__dst__gotml"
"co_longi0 - co_longi2","ses-04A",210.633373516149,36.2067425667363,Inf,5.81751791473396,0.0000000357953364726882,"mr_y_smri__vol__dst__gotml"
"co_longi0 - co_longi3","ses-04A",336.085001358879,45.4279182184641,Inf,7.39820389177063,0.000000000000855426840473683,"mr_y_smri__vol__dst__gotml"
"co_longi1 - co_longi2","ses-04A",-59.9290206516837,36.5892777981049,Inf,-1.63788476455766,0.357244474109174,"mr_y_smri__vol__dst__gotml"
"co_longi1 - co_longi3","ses-04A",65.5226071910463,45.4942577956284,Inf,1.44023906237553,0.474127202945313,"mr_y_smri__vol__dst__gotml"
"co_longi2 - co_longi3","ses-04A",125.45162784273,54.7768374534303,Inf,2.29023130350279,0.100259620596409,"mr_y_smri__vol__dst__gotml"
"co_longi0 - co_longi1","ses-06A",291.53631142324,19.7594169408956,Inf,14.7542972697668,0,"mr_y_smri__vol__dst__gotml"
"co_longi0 - co_longi2","ses-06A",239.244513678835,35.2623948677239,Inf,6.78469271801555,0.0000000000698213709071638,"mr_y_smri__vol__dst__gotml"
"co_longi0 - co_longi3","ses-06A",317.42413252553,44.1972932659734,Inf,7.18198127236692,0.00000000000415079082216607,"mr_y_smri__vol__dst__gotml"
"co_longi1 - co_longi2","ses-06A",-52.2917977444042,35.3511505308557,Inf,-1.47921063272784,0.450101711124591,"mr_y_smri__vol__dst__gotml"
"co_longi1 - co_longi3","ses-06A",25.88782110229,43.9090562865486,Inf,0.589578171148731,0.935269131573349,"mr_y_smri__vol__dst__gotml"
"co_longi2 - co_longi3","ses-06A",78.1796188466943,52.8597983426345,Inf,1.47899956673951,0.450230767338973,"mr_y_smri__vol__dst__gotml"
"co_longi0 - co_longi1","ses-02A",131.37463672911,15.8915464505507,Inf,8.26695105714882,0.0000000000000455191440096314,"mr_y_smri__vol__dst__gpc"
"co_longi0 - co_longi2","ses-02A",112.727387258311,29.674653604093,Inf,3.79877685388591,0.000837483582272092,"mr_y_smri__vol__dst__gpc"
"co_longi0 - co_longi3","ses-02A",152.616342603346,37.4508518833067,Inf,4.07511004232651,0.000268599065524455,"mr_y_smri__vol__dst__gpc"
"co_longi1 - co_longi2","ses-02A",-18.6472494707995,30.1374612079941,Inf,-0.618739891263743,0.926134471574145,"mr_y_smri__vol__dst__gpc"
"co_longi1 - co_longi3","ses-02A",21.241705874236,37.6601279497281,Inf,0.564037007590395,0.942709847715143,"mr_y_smri__vol__dst__gpc"
"co_longi2 - co_longi3","ses-02A",39.8889553450356,45.2980114684284,Inf,0.880589545809029,0.814953200777669,"mr_y_smri__vol__dst__gpc"
"co_longi0 - co_longi1","ses-04A",113.845144741244,17.2955699567902,Inf,6.58232975413156,0.000000000277849965257815,"mr_y_smri__vol__dst__gpc"
"co_longi0 - co_longi2","ses-04A",137.734898566706,31.484099111757,Inf,4.37474479030822,0.000071730020327232,"mr_y_smri__vol__dst__gpc"
"co_longi0 - co_longi3","ses-04A",156.619401409042,39.5155220410416,Inf,3.96349063151372,0.000429196643492613,"mr_y_smri__vol__dst__gpc"
"co_longi1 - co_longi2","ses-04A",23.8897538254624,31.7374109447793,Inf,0.752731653726538,0.87553295716279,"mr_y_smri__vol__dst__gpc"
"co_longi1 - co_longi3","ses-04A",42.7742566677984,39.4653458555222,Inf,1.08384345152808,0.69943814437824,"mr_y_smri__vol__dst__gpc"
"co_longi2 - co_longi3","ses-04A",18.884502842336,47.4984839625309,Inf,0.397581170321836,0.978718459712828,"mr_y_smri__vol__dst__gpc"
"co_longi0 - co_longi1","ses-06A",71.9114029523622,17.248938301526,Inf,4.16903357733039,0.000179301389145903,"mr_y_smri__vol__dst__gpc"
"co_longi0 - co_longi2","ses-06A",101.759201689621,30.1355074491254,Inf,3.37672102789078,0.00408729168046773,"mr_y_smri__vol__dst__gpc"
"co_longi0 - co_longi3","ses-06A",107.963931034156,37.7532817188682,Inf,2.85972307886015,0.022042446930972,"mr_y_smri__vol__dst__gpc"
"co_longi1 - co_longi2","ses-06A",29.847798737259,30.0491028425596,Inf,0.993300828102745,0.753257128821207,"mr_y_smri__vol__dst__gpc"
"co_longi1 - co_longi3","ses-06A",36.0525280817941,37.3063463775391,Inf,0.966391286805295,0.768587864254827,"mr_y_smri__vol__dst__gpc"
"co_longi2 - co_longi3","ses-06A",6.20472934453515,44.880760116727,Inf,0.138249203631974,0.999057713927638,"mr_y_smri__vol__dst__gpc"
"co_longi0 - co_longi1","ses-02A",435.885860302072,27.171497196872,Inf,16.0420258458283,0,"mr_y_smri__vol__dst__gpia"
"co_longi0 - co_longi2","ses-02A",413.181806888637,50.6318721260077,Inf,8.16050818465394,0.0000000000000496269692007445,"mr_y_smri__vol__dst__gpia"
"co_longi0 - co_longi3","ses-02A",521.16572583838,63.9842721053282,Inf,8.145216139686,0.0000000000000505151476204446,"mr_y_smri__vol__dst__gpia"
"co_longi1 - co_longi2","ses-02A",-22.7040534134346,51.3960833341191,Inf,-0.44174676241064,0.971206495722726,"mr_y_smri__vol__dst__gpia"
"co_longi1 - co_longi3","ses-02A",85.2798655363082,64.3029108725899,Inf,1.32622091875875,0.546126680590773,"mr_y_smri__vol__dst__gpia"
"co_longi2 - co_longi3","ses-02A",107.983918949743,77.3117033992597,Inf,1.39673444254724,0.501353716877306,"mr_y_smri__vol__dst__gpia"
"co_longi0 - co_longi1","ses-04A",420.393053147151,29.9272220045515,Inf,14.0471792899192,0,"mr_y_smri__vol__dst__gpia"
"co_longi0 - co_longi2","ses-04A",439.966127534402,54.3310429337913,Inf,8.09787745231676,0.0000000000000530686605770825,"mr_y_smri__vol__dst__gpia"
"co_longi0 - co_longi3","ses-04A",566.225356678633,68.2033256941975,Inf,8.30201974633043,0.0000000000000439648317751562,"mr_y_smri__vol__dst__gpia"
"co_longi1 - co_longi2","ses-04A",19.5730743872509,54.742465921241,Inf,0.357548277335754,0.984347047332384,"mr_y_smri__vol__dst__gpia"
"co_longi1 - co_longi3","ses-04A",145.832303531482,68.0736744438571,Inf,2.14227165968182,0.139831197967012,"mr_y_smri__vol__dst__gpia"
"co_longi2 - co_longi3","ses-04A",126.259229144231,81.9132692001813,Inf,1.54137700005204,0.41266801970342,"mr_y_smri__vol__dst__gpia"
"co_longi0 - co_longi1","ses-06A",306.81566975721,29.6837690986358,Inf,10.336142581412,0.0000000000000381916720471054,"mr_y_smri__vol__dst__gpia"
"co_longi0 - co_longi2","ses-06A",345.358476530188,51.4437649977914,Inf,6.71332039062488,0.000000000114159681707804,"mr_y_smri__vol__dst__gpia"
"co_longi0 - co_longi3","ses-06A",406.975789535567,64.4270890038164,Inf,6.31684274159057,0.0000000016011636461144,"mr_y_smri__vol__dst__gpia"
"co_longi1 - co_longi2","ses-06A",38.5428067729773,51.2069400863556,Inf,0.752687169121579,0.875552040358281,"mr_y_smri__vol__dst__gpia"
"co_longi1 - co_longi3","ses-06A",100.160119778357,63.5560075774704,Inf,1.57593473215366,0.392413483642757,"mr_y_smri__vol__dst__gpia"
"co_longi2 - co_longi3","ses-06A",61.6173130053796,76.4276619132354,Inf,0.806217427864413,0.851551393161573,"mr_y_smri__vol__dst__gpia"
"co_longi0 - co_longi1","ses-02A",403.697399308004,27.1937887741676,Inf,14.8452061116063,0,"mr_y_smri__vol__dst__gpis"
"co_longi0 - co_longi2","ses-02A",370.580156946966,50.6861530787663,Inf,7.31127012876838,0.00000000000161559654543453,"mr_y_smri__vol__dst__gpis"
"co_longi0 - co_longi3","ses-02A",526.398940886668,64.0392958986717,Inf,8.21993642340447,0.0000000000000472955008490317,"mr_y_smri__vol__dst__gpis"
"co_longi1 - co_longi2","ses-02A",-33.1172423610388,51.4542154693275,Inf,-0.643625445630989,0.91780126138631,"mr_y_smri__vol__dst__gpis"
"co_longi1 - co_longi3","ses-02A",122.701541578664,64.3630512755335,Inf,1.90639721310581,0.225257117401404,"mr_y_smri__vol__dst__gpis"
"co_longi2 - co_longi3","ses-02A",155.818783939703,77.3892556095148,Inf,2.013442082011,0.182925904393426,"mr_y_smri__vol__dst__gpis"
"co_longi0 - co_longi1","ses-04A",374.076939179991,29.8963612845692,Inf,12.5124571388247,0,"mr_y_smri__vol__dst__gpis"
"co_longi0 - co_longi2","ses-04A",406.798273751373,54.2911131585304,Inf,7.49290721970498,0.000000000000429767332832398,"mr_y_smri__vol__dst__gpis"
"co_longi0 - co_longi3","ses-04A",501.263295444792,68.1512100162778,Inf,7.35516354478616,0.00000000000117117426867708,"mr_y_smri__vol__dst__gpis"
"co_longi1 - co_longi2","ses-04A",32.721334571382,54.7041229060045,Inf,0.598151159970254,0.93265444906445,"mr_y_smri__vol__dst__gpis"
"co_longi1 - co_longi3","ses-04A",127.186356264801,68.0258484619051,Inf,1.869676882252,0.241163821817269,"mr_y_smri__vol__dst__gpis"
"co_longi2 - co_longi3","ses-04A",94.4650216934194,81.8582435506014,Inf,1.15400743524414,0.655917914722363,"mr_y_smri__vol__dst__gpis"
"co_longi0 - co_longi1","ses-06A",257.778532790046,29.681382968151,Inf,8.68485585953492,0.0000000000000333066907387547,"mr_y_smri__vol__dst__gpis"
"co_longi0 - co_longi2","ses-06A",305.507106324219,51.4970651080715,Inf,5.93251490513262,0.00000001788353265475,"mr_y_smri__vol__dst__gpis"
"co_longi0 - co_longi3","ses-06A",371.980762482869,64.4973293957865,Inf,5.76738240121877,0.0000000482454395323018,"mr_y_smri__vol__dst__gpis"
"co_longi1 - co_longi2","ses-06A",47.7285735341731,51.2712245111919,Inf,0.930903718200732,0.788255312776577,"mr_y_smri__vol__dst__gpis"
"co_longi1 - co_longi3","ses-06A",114.202229692823,63.6387510447224,Inf,1.79453914192261,0.275893860782907,"mr_y_smri__vol__dst__gpis"
"co_longi2 - co_longi3","ses-06A",66.4736561586499,76.5324306072647,Inf,0.868568470009367,0.821109728137031,"mr_y_smri__vol__dst__gpis"
"co_longi0 - co_longi1","ses-02A",370.670776569108,20.4408728487403,Inf,18.1338037427277,0,"mr_y_smri__vol__dst__gprcn"
"co_longi0 - co_longi2","ses-02A",286.205460543577,38.2829577493446,Inf,7.47605402951074,0.000000000000485389506366118,"mr_y_smri__vol__dst__gprcn"
"co_longi0 - co_longi3","ses-02A",499.780563908431,48.2591347208686,Inf,10.3561857625332,0.0000000000000371924713249427,"mr_y_smri__vol__dst__gprcn"
"co_longi1 - co_longi2","ses-02A",-84.465316025531,38.9074303665213,Inf,-2.17093021126913,0.131368323926312,"mr_y_smri__vol__dst__gprcn"
"co_longi1 - co_longi3","ses-02A",129.109787339323,48.5686124349792,Inf,2.65829680664993,0.0392738779784603,"mr_y_smri__vol__dst__gprcn"
"co_longi2 - co_longi3","ses-02A",213.575103364854,58.4401107528109,Inf,3.6545978543441,0.00146956237529583,"mr_y_smri__vol__dst__gprcn"
"co_longi0 - co_longi1","ses-04A",405.414742524451,21.9945036236499,Inf,18.4325479429562,0,"mr_y_smri__vol__dst__gprcn"
"co_longi0 - co_longi2","ses-04A",381.944996435791,40.2090995319143,Inf,9.49896916076516,0.0000000000000340838468559923,"mr_y_smri__vol__dst__gprcn"
"co_longi0 - co_longi3","ses-04A",529.365202796499,50.4576828128504,Inf,10.4912705714199,0.0000000000000356381590904675,"mr_y_smri__vol__dst__gprcn"
"co_longi1 - co_longi2","ses-04A",-23.46974608866,40.5720920673633,Inf,-0.578470196944548,0.938569338098413,"mr_y_smri__vol__dst__gprcn"
"co_longi1 - co_longi3","ses-04A",123.950460272048,50.4491664358383,Inf,2.45693772620979,0.0668505343904422,"mr_y_smri__vol__dst__gprcn"
"co_longi2 - co_longi3","ses-04A",147.420206360708,60.7302396382325,Inf,2.42745965171361,0.0719849038153587,"mr_y_smri__vol__dst__gprcn"
"co_longi0 - co_longi1","ses-06A",323.246419214687,22.0193348782224,Inf,14.6801173151867,0,"mr_y_smri__vol__dst__gprcn"
"co_longi0 - co_longi2","ses-06A",302.764531312744,38.8380071088482,Inf,7.79557330179713,0.0000000000000616173778666962,"mr_y_smri__vol__dst__gprcn"
"co_longi0 - co_longi3","ses-06A",436.900957563941,48.668142711265,Inf,8.97714466228879,0.0000000000000269784194983913,"mr_y_smri__vol__dst__gprcn"
"co_longi1 - co_longi2","ses-06A",-20.4818879019423,38.8172710026225,Inf,-0.527648837048811,0.952411042359987,"mr_y_smri__vol__dst__gprcn"
"co_longi1 - co_longi3","ses-06A",113.654538349255,48.2036761559238,Inf,2.35779814762712,0.0854009047414828,"mr_y_smri__vol__dst__gprcn"
"co_longi2 - co_longi3","ses-06A",134.136426251197,58.0112253222976,Inf,2.31224949147281,0.0952088016844443,"mr_y_smri__vol__dst__gprcn"
"co_longi0 - co_longi1","ses-02A",225.020839023535,23.6397131349447,Inf,9.51876352048048,0.0000000000000331956684362922,"mr_y_smri__vol__dst__gps"
"co_longi0 - co_longi2","ses-02A",164.233898492505,44.1714785732949,Inf,3.7180982796396,0.00115020771716101,"mr_y_smri__vol__dst__gps"
"co_longi0 - co_longi3","ses-02A",298.072553970014,55.7301910406588,Inf,5.34849331043116,0.000000530562272227364,"mr_y_smri__vol__dst__gps"
"co_longi1 - co_longi2","ses-02A",-60.78694053103,44.8672640423772,Inf,-1.35481718862146,0.527896756423218,"mr_y_smri__vol__dst__gps"
"co_longi1 - co_longi3","ses-02A",73.0517149464791,56.0517473072144,Inf,1.30329059228233,0.560789714535125,"mr_y_smri__vol__dst__gps"
"co_longi2 - co_longi3","ses-02A",133.838655477509,67.4259153953765,Inf,1.98497350303214,0.193597610935492,"mr_y_smri__vol__dst__gps"
"co_longi0 - co_longi1","ses-04A",248.428714752802,25.6563415043349,Inf,9.68293607686924,0.000000000000049293902293357,"mr_y_smri__vol__dst__gps"
"co_longi0 - co_longi2","ses-04A",228.234111511267,46.7457367270338,Inf,4.88245832649965,0.00000624211651123474,"mr_y_smri__vol__dst__gps"
"co_longi0 - co_longi3","ses-04A",316.799448656579,58.6678161571541,Inf,5.39988479898356,0.000000399030682940449,"mr_y_smri__vol__dst__gps"
"co_longi1 - co_longi2","ses-04A",-20.1946032415349,47.1309329040868,Inf,-0.428478750518936,0.973611543603954,"mr_y_smri__vol__dst__gps"
"co_longi1 - co_longi3","ses-04A",68.3707339037771,58.6066196351932,Inf,1.1666042902553,0.64798545259584,"mr_y_smri__vol__dst__gps"
"co_longi2 - co_longi3","ses-04A",88.565337145312,70.539418461419,Inf,1.25554390831493,0.591367229090325,"mr_y_smri__vol__dst__gps"
"co_longi0 - co_longi1","ses-06A",121.23435184586,25.6143573209942,Inf,4.7330624120908,0.0000131482298704189,"mr_y_smri__vol__dst__gps"
"co_longi0 - co_longi2","ses-06A",130.321216428898,44.8483509026965,Inf,2.9058195854658,0.0191916973077247,"mr_y_smri__vol__dst__gps"
"co_longi0 - co_longi3","ses-06A",182.131716041367,56.1890933766756,Inf,3.24140691896215,0.00653141109497457,"mr_y_smri__vol__dst__gps"
"co_longi1 - co_longi2","ses-06A",9.08686458303785,44.7428750865208,Inf,0.203090761723878,0.997037423771053,"mr_y_smri__vol__dst__gps"
"co_longi1 - co_longi3","ses-06A",60.8973641955062,55.5522740609059,Inf,1.09621730568114,0.691858426441592,"mr_y_smri__vol__dst__gps"
"co_longi2 - co_longi3","ses-06A",51.8104996124684,66.8373401633023,Inf,0.775172971962691,0.86572100815637,"mr_y_smri__vol__dst__gps"
"co_longi0 - co_longi1","ses-02A",79.5115911054046,6.95501276766325,Inf,11.4322710484569,0,"mr_y_smri__vol__dst__gr"
"co_longi0 - co_longi2","ses-02A",72.4171455732353,12.9479945609727,Inf,5.59292369426167,0.00000013372154139546,"mr_y_smri__vol__dst__gr"
"co_longi0 - co_longi3","ses-02A",114.238558087401,16.3894754504294,Inf,6.97023882386716,0.0000000000190129023636132,"mr_y_smri__vol__dst__gr"
"co_longi1 - co_longi2","ses-02A",-7.09444553216931,13.1406871999586,Inf,-0.539883905933905,0.949266591318938,"mr_y_smri__vol__dst__gr"
"co_longi1 - co_longi3","ses-02A",34.7269669819959,16.4658173258627,Inf,2.10903390306963,0.150149134066368,"mr_y_smri__vol__dst__gr"
"co_longi2 - co_longi3","ses-02A",41.8214125141652,19.7865257009959,Inf,2.1136309196546,0.148689511949583,"mr_y_smri__vol__dst__gr"
"co_longi0 - co_longi1","ses-04A",73.8080684429114,7.76595075284924,Inf,9.50406084095138,0.0000000000000335287353436797,"mr_y_smri__vol__dst__gr"
"co_longi0 - co_longi2","ses-04A",81.8505936041423,14.0885568756445,Inf,5.80972162916424,0.0000000375020172693752,"mr_y_smri__vol__dst__gr"
"co_longi0 - co_longi3","ses-04A",83.792091953307,17.6895354717684,Inf,4.73681697787004,0.0000129078421633455,"mr_y_smri__vol__dst__gr"
"co_longi1 - co_longi2","ses-04A",8.04252516123096,14.1980517549116,Inf,0.566452728871677,0.942028453871425,"mr_y_smri__vol__dst__gr"
"co_longi1 - co_longi3","ses-04A",9.98402351039562,17.6555309023675,Inf,0.565489849362549,0.94230060909357,"mr_y_smri__vol__dst__gr"
"co_longi2 - co_longi3","ses-04A",1.94149834916467,21.240503586008,Inf,0.0914054763957487,0.999726560279545,"mr_y_smri__vol__dst__gr"
"co_longi0 - co_longi1","ses-06A",47.1613751540305,7.63914731113021,Inf,6.17364389417082,0.00000000400188937543788,"mr_y_smri__vol__dst__gr"
"co_longi0 - co_longi2","ses-06A",42.9996541601406,13.1523015654983,Inf,3.26936346053219,0.00593799175300669,"mr_y_smri__vol__dst__gr"
"co_longi0 - co_longi3","ses-06A",72.0457704962274,16.4642691331624,Inf,4.37588634597285,0.0000713578283912941,"mr_y_smri__vol__dst__gr"
"co_longi1 - co_longi2","ses-06A",-4.16172099388991,13.0790317361791,Inf,-0.318197942924,0.98885769774267,"mr_y_smri__vol__dst__gr"
"co_longi1 - co_longi3","ses-06A",24.8843953421969,16.2271358223324,Inf,1.53350508769083,0.417340262630539,"mr_y_smri__vol__dst__gr"
"co_longi2 - co_longi3","ses-06A",29.0461163360868,19.5029316123475,Inf,1.48932052439221,0.443934576843675,"mr_y_smri__vol__dst__gr"
"co_longi0 - co_longi1","ses-02A",283.482911776073,14.4256095705394,Inf,19.6513644979699,0,"mr_y_smri__vol__dst__gsca"
"co_longi0 - co_longi2","ses-02A",242.072293857551,26.9276338414619,Inf,8.98973505369119,0.0000000000000265343302885412,"mr_y_smri__vol__dst__gsca"
"co_longi0 - co_longi3","ses-02A",336.285272703391,33.9900282400152,Inf,9.89364499284217,0.0000000000000368594044175552,"mr_y_smri__vol__dst__gsca"
"co_longi1 - co_longi2","ses-02A",-41.4106179185215,27.3452726638764,Inf,-1.51436112660254,0.428788132259303,"mr_y_smri__vol__dst__gsca"
"co_longi1 - co_longi3","ses-02A",52.8023609273176,34.1765097473495,Inf,1.54498985758523,0.410530723705335,"mr_y_smri__vol__dst__gsca"
"co_longi2 - co_longi3","ses-02A",94.2129788458391,41.1055555901975,Inf,2.29197677766716,0.0998516766886276,"mr_y_smri__vol__dst__gsca"
"co_longi0 - co_longi1","ses-04A",263.473490971517,15.7263567422905,Inf,16.753625476586,0,"mr_y_smri__vol__dst__gsca"
"co_longi0 - co_longi2","ses-04A",254.513905476392,28.6135580374079,Inf,8.89487092600137,0.0000000000000287547763377916,"mr_y_smri__vol__dst__gsca"
"co_longi0 - co_longi3","ses-04A",345.103713121151,35.9136454804841,Inf,9.60926434796723,0.0000000000000296429547574917,"mr_y_smri__vol__dst__gsca"
"co_longi1 - co_longi2","ses-04A",-8.9595854951253,28.8408794705213,Inf,-0.310655765691301,0.989613066070916,"mr_y_smri__vol__dst__gsca"
"co_longi1 - co_longi3","ses-04A",81.6302221496331,35.8636887379065,Inf,2.27612454330034,0.103604867701939,"mr_y_smri__vol__dst__gsca"
"co_longi2 - co_longi3","ses-04A",90.5898076447584,43.1624517945605,Inf,2.09881051419268,0.153433030378757,"mr_y_smri__vol__dst__gsca"
"co_longi0 - co_longi1","ses-06A",210.195828005886,15.6734149809248,Inf,13.4109782878654,0,"mr_y_smri__vol__dst__gsca"
"co_longi0 - co_longi2","ses-06A",213.611680414074,27.3487296173565,Inf,7.81066189920969,0.0000000000000567323965583455,"mr_y_smri__vol__dst__gsca"
"co_longi0 - co_longi3","ses-06A",275.429833012713,34.2606209285854,Inf,8.03925397577684,0.0000000000000572875080706581,"mr_y_smri__vol__dst__gsca"
"co_longi1 - co_longi2","ses-06A",3.41585240818788,27.262423807177,Inf,0.125295257397056,0.999297649378049,"mr_y_smri__vol__dst__gsca"
"co_longi1 - co_longi3","ses-06A",65.2340050068267,33.8453752065473,Inf,1.92741267037889,0.216471823616745,"mr_y_smri__vol__dst__gsca"
"co_longi2 - co_longi3","ses-06A",61.8181525986388,40.7148158045328,Inf,1.51832082196861,0.426410601076073,"mr_y_smri__vol__dst__gsca"
"co_longi0 - co_longi1","ses-02A",70.5424969968273,9.60714236948993,Inf,7.34271381476077,0.00000000000128275168265191,"mr_y_smri__vol__dst__gscma"
"co_longi0 - co_longi2","ses-02A",41.4272977408409,17.9090647340665,Inf,2.31320274710037,0.0949947649539722,"mr_y_smri__vol__dst__gscma"
"co_longi0 - co_longi3","ses-02A",117.010304614215,22.6247910769568,Inf,5.17177392782157,0.0000013855310905253,"mr_y_smri__vol__dst__gscma"
"co_longi1 - co_longi2","ses-02A",-29.1151992559864,18.1810276099597,Inf,-1.60140559051992,0.377768490919647,"mr_y_smri__vol__dst__gscma"
"co_longi1 - co_longi3","ses-02A",46.4678076173882,22.7400872675325,Inf,2.04343136729002,0.172139575552868,"mr_y_smri__vol__dst__gscma"
"co_longi2 - co_longi3","ses-02A",75.5830068733746,27.3432875668068,Inf,2.76422528522606,0.0291492534524457,"mr_y_smri__vol__dst__gscma"
"co_longi0 - co_longi1","ses-04A",63.8936234312827,10.552155085661,Inf,6.05503074136065,0.00000000841758884817523,"mr_y_smri__vol__dst__gscma"
"co_longi0 - co_longi2","ses-04A",56.9920509954914,19.1656422468433,Inf,2.97365724881347,0.0155869302383542,"mr_y_smri__vol__dst__gscma"
"co_longi0 - co_longi3","ses-04A",111.428081586833,24.0581301811312,Inf,4.63161853177707,0.0000215323919580124,"mr_y_smri__vol__dst__gscma"
"co_longi1 - co_longi2","ses-04A",-6.90157243579131,19.3118776214218,Inf,-0.357374491030105,0.984369139838872,"mr_y_smri__vol__dst__gscma"
"co_longi1 - co_longi3","ses-04A",47.5344581555499,24.0147374135798,Inf,1.97938696296842,0.19574147146142,"mr_y_smri__vol__dst__gscma"
"co_longi2 - co_longi3","ses-04A",54.4360305913412,28.8983502490895,Inf,1.88370720550237,0.235002757990403,"mr_y_smri__vol__dst__gscma"
"co_longi0 - co_longi1","ses-06A",27.2312850940919,10.4811038803596,Inf,2.59813139960574,0.0462607939223635,"mr_y_smri__vol__dst__gscma"
"co_longi0 - co_longi2","ses-06A",24.8653677563629,18.1951530584029,Inf,1.36659294244736,0.520415213967482,"mr_y_smri__vol__dst__gscma"
"co_longi0 - co_longi3","ses-06A",65.0177412325985,22.7890623826264,Inf,2.85302397005003,0.0224862126067895,"mr_y_smri__vol__dst__gscma"
"co_longi1 - co_longi2","ses-06A",-2.36591733772904,18.1174725783348,Inf,-0.130587604175995,0.999205240591479,"mr_y_smri__vol__dst__gscma"
"co_longi1 - co_longi3","ses-06A",37.7864561385066,22.4882418312057,Inf,1.68027613817601,0.334104905298757,"mr_y_smri__vol__dst__gscma"
"co_longi2 - co_longi3","ses-06A",40.1523734762356,27.0454430509292,Inf,1.48462620488874,0.446794585091495,"mr_y_smri__vol__dst__gscma"
"co_longi0 - co_longi1","ses-02A",85.0335455552885,8.58773628125342,Inf,9.90174159643354,0.0000000000000366373598126302,"mr_y_smri__vol__dst__gscmp"
"co_longi0 - co_longi2","ses-02A",95.4263328717752,15.9974615637317,Inf,5.96509217988179,0.0000000146573551074169,"mr_y_smri__vol__dst__gscmp"
"co_longi0 - co_longi3","ses-02A",132.378410540469,20.2226267994771,Inf,6.54605417254164,0.000000000354410389924453,"mr_y_smri__vol__dst__gscmp"
"co_longi1 - co_longi2","ses-02A",10.3927873164867,16.2377183651999,Inf,0.64003988015706,0.919032383393768,"mr_y_smri__vol__dst__gscmp"
"co_longi1 - co_longi3","ses-02A",47.3448649851806,20.3213547668041,Inf,2.32980849596311,0.0913270524959362,"mr_y_smri__vol__dst__gscmp"
"co_longi2 - co_longi3","ses-02A",36.952077668694,24.4299925347723,Inf,1.51257015801779,0.429865109111229,"mr_y_smri__vol__dst__gscmp"
"co_longi0 - co_longi1","ses-04A",78.8273044033177,9.48447650721805,Inf,8.31119190851779,0.0000000000000436317648677687,"mr_y_smri__vol__dst__gscmp"
"co_longi0 - co_longi2","ses-04A",99.5125950271797,17.2124385128766,Inf,5.78143503331817,0.0000000443843403141742,"mr_y_smri__vol__dst__gscmp"
"co_longi0 - co_longi3","ses-04A",130.272658488273,21.6081975800355,Inf,6.02885354068756,0.00000000990031046033124,"mr_y_smri__vol__dst__gscmp"
"co_longi1 - co_longi2","ses-04A",20.685290623862,17.3423523337477,Inf,1.19276152541366,0.631427990860118,"mr_y_smri__vol__dst__gscmp"
"co_longi1 - co_longi3","ses-04A",51.4453540849558,21.5657062543272,Inf,2.38551677734334,0.0798399555420972,"mr_y_smri__vol__dst__gscmp"
"co_longi2 - co_longi3","ses-04A",30.7600634610938,25.9489293944142,Inf,1.18540780598506,0.636093401212167,"mr_y_smri__vol__dst__gscmp"
"co_longi0 - co_longi1","ses-06A",45.1456339168914,9.39350958177995,Inf,4.80604544274462,0.00000916240726123174,"mr_y_smri__vol__dst__gscmp"
"co_longi0 - co_longi2","ses-06A",68.6773513065517,16.2543720142675,Inf,4.22516177470708,0.000140233217065799,"mr_y_smri__vol__dst__gscmp"
"co_longi0 - co_longi3","ses-06A",82.058974052604,20.3549594292981,Inf,4.03139953865452,0.000323198454167839,"mr_y_smri__vol__dst__gscmp"
"co_longi1 - co_longi2","ses-06A",23.5317173896603,16.1749216242487,Inf,1.45482728982023,0.465089202478634,"mr_y_smri__vol__dst__gscmp"
"co_longi1 - co_longi3","ses-06A",36.9133401357126,20.0742632000923,Inf,1.83883910297355,0.255065721510984,"mr_y_smri__vol__dst__gscmp"
"co_longi2 - co_longi3","ses-06A",13.3816227460523,24.1373027639039,Inf,0.554395943778103,0.945382833832133,"mr_y_smri__vol__dst__gscmp"
"co_longi0 - co_longi1","ses-02A",113.462022592739,7.05192453818183,Inf,16.0895117323522,0,"mr_y_smri__vol__dst__gsfm"
"co_longi0 - co_longi2","ses-02A",93.5582626028931,13.130974063628,Inf,7.1250055136461,0.00000000000627320417834198,"mr_y_smri__vol__dst__gsfm"
"co_longi0 - co_longi3","ses-02A",145.379771664459,16.6090606379396,Inf,8.75303997219279,0.0000000000000319744231092045,"mr_y_smri__vol__dst__gsfm"
"co_longi1 - co_longi2","ses-02A",-19.9037599898455,13.3269038706613,Inf,-1.49350218047741,0.441392224604309,"mr_y_smri__vol__dst__gsfm"
"co_longi1 - co_longi3","ses-02A",31.9177490717203,16.687844725034,Inf,1.9126345910829,0.222625426162899,"mr_y_smri__vol__dst__gsfm"
"co_longi2 - co_longi3","ses-02A",51.8215090615658,20.0579769084788,Inf,2.58358603651897,0.0480992521558782,"mr_y_smri__vol__dst__gsfm"
"co_longi0 - co_longi1","ses-04A",108.294116515496,7.8278438181561,Inf,13.8344758826582,0,"mr_y_smri__vol__dst__gsfm"
"co_longi0 - co_longi2","ses-04A",112.333127602649,14.2005664078311,Inf,7.9104681022231,0.0000000000000723865412055602,"mr_y_smri__vol__dst__gsfm"
"co_longi0 - co_longi3","ses-04A",153.931033614187,17.8285597954763,Inf,8.63395783955835,0.0000000000000340838468559923,"mr_y_smri__vol__dst__gsfm"
"co_longi1 - co_longi2","ses-04A",4.0390110871531,14.3082899018612,Inf,0.282284683554512,0.992157919258204,"mr_y_smri__vol__dst__gsfm"
"co_longi1 - co_longi3","ses-04A",45.6369170986912,17.7927551143265,Inf,2.56491570897556,0.0505488480887999,"mr_y_smri__vol__dst__gsfm"
"co_longi2 - co_longi3","ses-04A",41.5979060115381,21.4074257936165,Inf,1.94315311016714,0.210043780729895,"mr_y_smri__vol__dst__gsfm"
"co_longi0 - co_longi1","ses-06A",85.1113476976207,7.72979198086885,Inf,11.0108199429261,0.0000000000000275335310107039,"mr_y_smri__vol__dst__gsfm"
"co_longi0 - co_longi2","ses-06A",82.3903497615311,13.3411707016347,Inf,6.1756461710992,0.00000000395150445697823,"mr_y_smri__vol__dst__gsfm"
"co_longi0 - co_longi3","ses-06A",117.003838776564,16.7041182464198,Inf,7.00449057235583,0.000000000014902412637241,"mr_y_smri__vol__dst__gsfm"
"co_longi1 - co_longi2","ses-06A",-2.72099793608957,13.2704812018309,Inf,-0.205041391845999,0.9969521440906,"mr_y_smri__vol__dst__gsfm"
"co_longi1 - co_longi3","ses-06A",31.8924910789438,16.4674104277484,Inf,1.93670347981389,0.212661910494959,"mr_y_smri__vol__dst__gsfm"
"co_longi2 - co_longi3","ses-06A",34.6134890150334,19.7964886832972,Inf,1.7484660824845,0.298605571652652,"mr_y_smri__vol__dst__gsfm"
"co_longi0 - co_longi1","ses-02A",230.937665134256,11.4552834169243,Inf,20.1599259249286,0,"mr_y_smri__vol__dst__gssc"
"co_longi0 - co_longi2","ses-02A",196.305729736891,21.3684140252244,Inf,9.18672436359392,0.0000000000000459632332194815,"mr_y_smri__vol__dst__gssc"
"co_longi0 - co_longi3","ses-02A",297.932924375372,26.9830594714192,Inf,11.0414804774435,0.0000000000000230926389122033,"mr_y_smri__vol__dst__gssc"
"co_longi1 - co_longi2","ses-02A",-34.6319353973649,21.6963049304126,Inf,-1.59621352614841,0.380733389054128,"mr_y_smri__vol__dst__gssc"
"co_longi1 - co_longi3","ses-02A",66.9952592411161,27.1257939458898,Inf,2.46979901767143,0.0647065661168533,"mr_y_smri__vol__dst__gssc"
"co_longi2 - co_longi3","ses-02A",101.627194638481,32.6213992626926,Inf,3.11535363091266,0.00993174777915351,"mr_y_smri__vol__dst__gssc"
"co_longi0 - co_longi1","ses-04A",216.72024138833,12.5321096318225,Inf,17.2931970558267,0,"mr_y_smri__vol__dst__gssc"
"co_longi0 - co_longi2","ses-04A",204.929420257884,22.7809337120981,Inf,8.99565500026249,0.0000000000000264233079860787,"mr_y_smri__vol__dst__gssc"
"co_longi0 - co_longi3","ses-04A",295.922531448877,28.5945234054708,Inf,10.3489233673417,0.0000000000000371924713249427,"mr_y_smri__vol__dst__gssc"
"co_longi1 - co_longi2","ses-04A",-11.7908211304463,22.9579086666766,Inf,-0.513584285992073,0.955879611369163,"mr_y_smri__vol__dst__gssc"
"co_longi1 - co_longi3","ses-04A",79.2022900605472,28.5484472840428,Inf,2.77431165599039,0.0283149504836357,"mr_y_smri__vol__dst__gssc"
"co_longi2 - co_longi3","ses-04A",90.9931111909935,34.3563636958532,Inf,2.64850820641348,0.0403453323094846,"mr_y_smri__vol__dst__gssc"
"co_longi0 - co_longi1","ses-06A",178.646258067612,12.4710772185867,Inf,14.3248457961081,0,"mr_y_smri__vol__dst__gssc"
"co_longi0 - co_longi2","ses-06A",171.995361208914,21.7065968014975,Inf,7.9236447233888,0.0000000000000700550728538474,"mr_y_smri__vol__dst__gssc"
"co_longi0 - co_longi3","ses-06A",234.050327411541,27.1900580947902,Inf,8.60793774678939,0.00000000000003530509218308,"mr_y_smri__vol__dst__gssc"
"co_longi1 - co_longi2","ses-06A",-6.65089685869777,21.6259546843477,Inf,-0.30754234695181,0.989915022518733,"mr_y_smri__vol__dst__gssc"
"co_longi1 - co_longi3","ses-06A",55.404069343929,26.8457068006077,Inf,2.06379626192874,0.165079004458371,"mr_y_smri__vol__dst__gssc"
"co_longi2 - co_longi3","ses-06A",62.0549662026268,32.2905458527809,Inf,1.92176888199871,0.218808350979219,"mr_y_smri__vol__dst__gssc"
"co_longi0 - co_longi1","ses-02A",138.883305336025,8.09910214033534,Inf,17.1479878793422,0,"mr_y_smri__vol__dst__gstf"
"co_longi0 - co_longi2","ses-02A",120.585335931032,15.0783085071698,Inf,7.99727209943297,0.0000000000000609512440519211,"mr_y_smri__vol__dst__gstf"
"co_longi0 - co_longi3","ses-02A",147.575838948564,19.0815972899809,Inf,7.73393530456966,0.0000000000000859312621059871,"mr_y_smri__vol__dst__gstf"
"co_longi1 - co_longi2","ses-02A",-18.297969404993,15.3027553168116,Inf,-1.19573037836466,0.629542374172294,"mr_y_smri__vol__dst__gstf"
"co_longi1 - co_longi3","ses-02A",8.69253361253934,19.1708183093631,Inf,0.45342527753726,0.968981808118331,"mr_y_smri__vol__dst__gstf"
"co_longi2 - co_longi3","ses-02A",26.9905030175323,23.0387560517082,Inf,1.1715260562226,0.644878335953176,"mr_y_smri__vol__dst__gstf"
"co_longi0 - co_longi1","ses-04A",122.916954140801,9.02659466070501,Inf,13.6172010332854,0,"mr_y_smri__vol__dst__gstf"
"co_longi0 - co_longi2","ses-04A",123.098925527906,16.3745419916244,Inf,7.5177019052424,0.000000000000360600438398251,"mr_y_smri__vol__dst__gstf"
"co_longi0 - co_longi3","ses-04A",152.224811007788,20.5592269885912,Inf,7.40420887868307,0.000000000000818123346846278,"mr_y_smri__vol__dst__gstf"
"co_longi1 - co_longi2","ses-04A",0.18197138710534,16.5005665275334,Inf,0.0110281902625402,0.999999518276171,"mr_y_smri__vol__dst__gstf"
"co_longi1 - co_longi3","ses-04A",29.3078568669866,20.5188191063318,Inf,1.42834033065493,0.481535168813835,"mr_y_smri__vol__dst__gstf"
"co_longi2 - co_longi3","ses-04A",29.1258854798812,24.6858310224585,Inf,1.17986246658593,0.639606335584764,"mr_y_smri__vol__dst__gstf"
"co_longi0 - co_longi1","ses-06A",91.3922253840497,8.89046853447868,Inf,10.279798531384,0.0000000000000431876756579186,"mr_y_smri__vol__dst__gstf"
"co_longi0 - co_longi2","ses-06A",84.4413988977019,15.3176269898609,Inf,5.51269455468499,0.000000211573773056806,"mr_y_smri__vol__dst__gstf"
"co_longi0 - co_longi3","ses-06A",96.9291975059838,19.176136887204,Inf,5.05467801341487,0.0000025733952205842,"mr_y_smri__vol__dst__gstf"
"co_longi1 - co_longi2","ses-06A",-6.95082648634777,15.2332300165829,Inf,-0.456293673684511,0.968419809233716,"mr_y_smri__vol__dst__gstf"
"co_longi1 - co_longi3","ses-06A",5.53697212193413,18.9008617744823,Inf,0.29294813051379,0.991255212941576,"mr_y_smri__vol__dst__gstf"
"co_longi2 - co_longi3","ses-06A",12.4877986082819,22.7181647163572,Inf,0.549683425760647,0.946662394847227,"mr_y_smri__vol__dst__gstf"
"co_longi0 - co_longi1","ses-02A",547.561879888377,26.7181661307009,Inf,20.4939918858875,0,"mr_y_smri__vol__dst__gti"
"co_longi0 - co_longi2","ses-02A",501.60417501944,49.8457387396266,Inf,10.0631305243486,0.0000000000000445199432874688,"mr_y_smri__vol__dst__gti"
"co_longi0 - co_longi3","ses-02A",703.841318515773,62.938194102888,Inf,11.1830555126061,0.0000000000000106581410364015,"mr_y_smri__vol__dst__gti"
"co_longi1 - co_longi2","ses-02A",-45.9577048689362,50.6121209657791,Inf,-0.908037521288825,0.800569410299323,"mr_y_smri__vol__dst__gti"
"co_longi1 - co_longi3","ses-02A",156.279438627396,63.2734225254542,Inf,2.46990651666625,0.0646888874474891,"mr_y_smri__vol__dst__gti"
"co_longi2 - co_longi3","ses-02A",202.237143496333,76.0942533126134,Inf,2.65771900889143,0.0393364430964337,"mr_y_smri__vol__dst__gti"
"co_longi0 - co_longi1","ses-04A",558.783661441579,29.2097149097546,Inf,19.1300621443235,0,"mr_y_smri__vol__dst__gti"
"co_longi0 - co_longi2","ses-04A",524.911098783008,53.1063714987004,Inf,9.88414542303749,0.0000000000000368594044175552,"mr_y_smri__vol__dst__gti"
"co_longi0 - co_longi3","ses-04A",760.472634510219,66.658159693412,Inf,11.4085453004995,0,"mr_y_smri__vol__dst__gti"
"co_longi1 - co_longi2","ses-04A",-33.8725626585707,53.520547223117,Inf,-0.632888944826413,0.921457114482767,"mr_y_smri__vol__dst__gti"
"co_longi1 - co_longi3","ses-04A",201.68897306864,66.5533703003387,Inf,3.03048473966785,0.0130435392179535,"mr_y_smri__vol__dst__gti"
"co_longi2 - co_longi3","ses-04A",235.561535727211,80.0939827636675,Inf,2.94106407996066,0.0172362961413322,"mr_y_smri__vol__dst__gti"
"co_longi0 - co_longi1","ses-06A",480.912723656991,29.0763351266297,Inf,16.5396609154,0,"mr_y_smri__vol__dst__gti"
"co_longi0 - co_longi2","ses-06A",475.174009758296,50.6329872469661,Inf,9.38467263328943,0.0000000000000376365605347928,"mr_y_smri__vol__dst__gti"
"co_longi0 - co_longi3","ses-06A",653.490951220098,63.4249107153288,Inf,10.3033799157113,0.0000000000000408562073062058,"mr_y_smri__vol__dst__gti"
"co_longi1 - co_longi2","ses-06A",-5.73871389869529,50.4501524804908,Inf,-0.113750179465056,0.999473915764019,"mr_y_smri__vol__dst__gti"
"co_longi1 - co_longi3","ses-06A",172.578227563107,62.6280712903944,Inf,2.75560501876059,0.0298790658098853,"mr_y_smri__vol__dst__gti"
"co_longi2 - co_longi3","ses-06A",178.316941461802,75.3320876441715,Inf,2.36707818724042,0.0835055276809041,"mr_y_smri__vol__dst__gti"
"co_longi0 - co_longi1","ses-02A",542.77130577426,25.7111824107088,Inf,21.1103206808643,0,"mr_y_smri__vol__dst__gtm"
"co_longi0 - co_longi2","ses-02A",490.13694053864,48.0954329545967,Inf,10.1909248015574,0.0000000000000363042929052426,"mr_y_smri__vol__dst__gtm"
"co_longi0 - co_longi3","ses-02A",590.113925444084,60.6540621691955,Inf,9.72917401307684,0.000000000000046296300126869,"mr_y_smri__vol__dst__gtm"
"co_longi1 - co_longi2","ses-02A",-52.6343652356202,48.8659329890164,Inf,-1.0771177795265,0.70353821826543,"mr_y_smri__vol__dst__gtm"
"co_longi1 - co_longi3","ses-02A",47.3426196698238,61.0228091615405,Inf,0.775818424623778,0.865433383194167,"mr_y_smri__vol__dst__gtm"
"co_longi2 - co_longi3","ses-02A",99.976984905444,73.415973608653,Inf,1.36178790515502,0.523465946418964,"mr_y_smri__vol__dst__gtm"
"co_longi0 - co_longi1","ses-04A",562.290343222565,27.7834071572531,Inf,20.2383508991544,0,"mr_y_smri__vol__dst__gtm"
"co_longi0 - co_longi2","ses-04A",556.618811552731,50.7018227642089,Inf,10.9782800934261,0.0000000000000328626015289046,"mr_y_smri__vol__dst__gtm"
"co_longi0 - co_longi3","ses-04A",688.094701075263,63.6287343696418,Inf,10.8142132307375,0.0000000000000414113188185183,"mr_y_smri__vol__dst__gtm"
"co_longi1 - co_longi2","ses-04A",-5.67153166983375,51.138013374644,Inf,-0.110906374643132,0.99951227784214,"mr_y_smri__vol__dst__gtm"
"co_longi1 - co_longi3","ses-04A",125.804357852698,63.5883865707231,Inf,1.97841720221629,0.196115286313872,"mr_y_smri__vol__dst__gtm"
"co_longi2 - co_longi3","ses-04A",131.475889522532,76.5413817006299,Inf,1.7177099054308,0.314345374516894,"mr_y_smri__vol__dst__gtm"
"co_longi0 - co_longi1","ses-06A",517.236502793884,27.7793134123807,Inf,18.6194847624766,0,"mr_y_smri__vol__dst__gtm"
"co_longi0 - co_longi2","ses-06A",539.244650009783,48.8140541781245,Inf,11.04691382613,0.0000000000000222044604925031,"mr_y_smri__vol__dst__gtm"
"co_longi0 - co_longi3","ses-06A",606.013426765005,61.1636603833242,Inf,9.90806343124341,0.000000000000035527136788005,"mr_y_smri__vol__dst__gtm"
"co_longi1 - co_longi2","ses-06A",22.008147215899,48.7420117206867,Inf,0.451523161210814,0.969351085058914,"mr_y_smri__vol__dst__gtm"
"co_longi1 - co_longi3","ses-06A",88.7769239711212,60.5231259041209,Inf,1.4668264840081,0.457694374583157,"mr_y_smri__vol__dst__gtm"
"co_longi2 - co_longi3","ses-06A",66.7687767552222,72.8279443011914,Inf,0.916801612291697,0.795884307850021,"mr_y_smri__vol__dst__gtm"
"co_longi0 - co_longi1","ses-02A",33.5782434243563,5.04272022720172,Inf,6.65875597127652,0.000000000165694014064854,"mr_y_smri__vol__dst__gtsgtt"
"co_longi0 - co_longi2","ses-02A",28.4653313364399,9.39766635190949,Inf,3.02897871349264,0.0131058564238625,"mr_y_smri__vol__dst__gtsgtt"
"co_longi0 - co_longi3","ses-02A",32.0648532011161,11.8749059705245,Inf,2.70021954537631,0.0349552359334824,"mr_y_smri__vol__dst__gtsgtt"
"co_longi1 - co_longi2","ses-02A",-5.11291208791644,9.53973978716626,Inf,-0.535959282117402,0.950288153006003,"mr_y_smri__vol__dst__gtsgtt"
"co_longi1 - co_longi3","ses-02A",-1.51339022324026,11.9344121400609,Inf,-0.126808945885166,0.999271989435591,"mr_y_smri__vol__dst__gtsgtt"
"co_longi2 - co_longi3","ses-02A",3.59952186467618,14.3492151195902,Inf,0.250851481051529,0.994462255174719,"mr_y_smri__vol__dst__gtsgtt"
"co_longi0 - co_longi1","ses-04A",28.5920186872563,5.54979957019106,Inf,5.15190113185871,0.0000015405047583128,"mr_y_smri__vol__dst__gtsgtt"
"co_longi0 - co_longi2","ses-04A",23.9996333442395,10.076529863321,Inf,2.38173594181458,0.0805808047154574,"mr_y_smri__vol__dst__gtsgtt"
"co_longi0 - co_longi3","ses-04A",30.7701755152264,12.6492022434898,Inf,2.43257834944199,0.0710709518985522,"mr_y_smri__vol__dst__gtsgtt"
"co_longi1 - co_longi2","ses-04A",-4.5923853430168,10.1529652857056,Inf,-0.452319614397031,0.969196791202635,"mr_y_smri__vol__dst__gtsgtt"
"co_longi1 - co_longi3","ses-04A",2.17815682797003,12.6254649026388,Inf,0.172520920597133,0.99817615046277,"mr_y_smri__vol__dst__gtsgtt"
"co_longi2 - co_longi3","ses-04A",6.77054217098683,15.1924595615701,Inf,0.445651485432495,0.970473966656537,"mr_y_smri__vol__dst__gtsgtt"
"co_longi0 - co_longi1","ses-06A",12.9453318735841,5.50689610878564,Inf,2.35074924564697,0.0868635117202553,"mr_y_smri__vol__dst__gtsgtt"
"co_longi0 - co_longi2","ses-06A",15.6900367473759,9.54823301193482,Inf,1.64323982539639,0.354278228049268,"mr_y_smri__vol__dst__gtsgtt"
"co_longi0 - co_longi3","ses-06A",17.2596672553141,11.958282111759,Inf,1.44332330463604,0.472212202548154,"mr_y_smri__vol__dst__gtsgtt"
"co_longi1 - co_longi2","ses-06A",2.74470487379177,9.50513551502977,Inf,0.28876020436024,0.991617315593793,"mr_y_smri__vol__dst__gtsgtt"
"co_longi1 - co_longi3","ses-06A",4.31433538172997,11.7976275898917,Inf,0.365695166155825,0.983289079639983,"mr_y_smri__vol__dst__gtsgtt"
"co_longi2 - co_longi3","ses-06A",1.5696305079382,14.1873526407009,Inf,0.110635898584435,0.999515826616616,"mr_y_smri__vol__dst__gtsgtt"
"co_longi0 - co_longi1","ses-02A",233.511389238126,17.4047547938093,Inf,13.4165285293869,0,"mr_y_smri__vol__dst__gtsl"
"co_longi0 - co_longi2","ses-02A",201.797027712731,32.5267196540814,Inf,6.20403870598767,0.00000000330029303885482,"mr_y_smri__vol__dst__gtsl"
"co_longi0 - co_longi3","ses-02A",234.161962886751,41.0353290939733,Inf,5.70635030976616,0.0000000691539912001105,"mr_y_smri__vol__dst__gtsl"
"co_longi1 - co_longi2","ses-02A",-31.7143615253944,33.0403923106486,Inf,-0.959866372869099,0.772252504318446,"mr_y_smri__vol__dst__gtsl"
"co_longi1 - co_longi3","ses-02A",0.650573648625041,41.2740216209156,Inf,0.0157623033345353,0.999998593551717,"mr_y_smri__vol__dst__gtsl"
"co_longi2 - co_longi3","ses-02A",32.3649351740194,49.6505721527742,Inf,0.65185422384324,0.914937224271878,"mr_y_smri__vol__dst__gtsl"
"co_longi0 - co_longi1","ses-04A",255.308063530966,18.8764877606831,Inf,13.5251889423379,0,"mr_y_smri__vol__dst__gtsl"
"co_longi0 - co_longi2","ses-04A",268.47040622526,34.4010077738789,Inf,7.804143645731,0.0000000000000587307980026708,"mr_y_smri__vol__dst__gtsl"
"co_longi0 - co_longi3","ses-04A",291.63165324627,43.1742259663649,Inf,6.7547627483459,0.0000000000858603188547136,"mr_y_smri__vol__dst__gtsl"
"co_longi1 - co_longi2","ses-04A",13.1623426942935,34.6862896280315,Inf,0.379468165532943,0.981399869310806,"mr_y_smri__vol__dst__gtsl"
"co_longi1 - co_longi3","ses-04A",36.3235897153037,43.131790441878,Inf,0.842153533233249,0.834318443674687,"mr_y_smri__vol__dst__gtsl"
"co_longi2 - co_longi3","ses-04A",23.1612470210102,51.9144142618665,Inf,0.446142894036719,0.970380976038932,"mr_y_smri__vol__dst__gtsl"
"co_longi0 - co_longi1","ses-06A",237.832805659165,18.8502895284894,Inf,12.6169311776202,0,"mr_y_smri__vol__dst__gtsl"
"co_longi0 - co_longi2","ses-06A",267.852774272468,33.0233413460693,Inf,8.11101370589654,0.0000000000000527355936696949,"mr_y_smri__vol__dst__gtsl"
"co_longi0 - co_longi3","ses-06A",278.025208370076,41.3745784377613,Inf,6.71971096426522,0.000000000109265263503744,"mr_y_smri__vol__dst__gtsl"
"co_longi1 - co_longi2","ses-06A",30.0199686133031,32.9500591462593,Inf,0.911074802022358,0.798950690482666,"mr_y_smri__vol__dst__gtsl"
"co_longi1 - co_longi3","ses-06A",40.1924027109116,40.9110484029869,Inf,0.982433945837895,0.75948928315352,"mr_y_smri__vol__dst__gtsl"
"co_longi2 - co_longi3","ses-06A",10.1724340976084,49.2229382926687,Inf,0.206660440242827,0.99688015030234,"mr_y_smri__vol__dst__gtsl"
"co_longi0 - co_longi1","ses-02A",150.910613617713,7.55554365126386,Inf,19.9734950366502,0,"mr_y_smri__vol__dst__gtspp"
"co_longi0 - co_longi2","ses-02A",127.640421307669,14.0898813090731,Inf,9.05901323849161,0.0000000000000528466159721575,"mr_y_smri__vol__dst__gtspp"
"co_longi0 - co_longi3","ses-02A",145.900119567979,17.7952812267709,Inf,8.19880943204703,0.0000000000000480726569662693,"mr_y_smri__vol__dst__gtspp"
"co_longi1 - co_longi2","ses-02A",-23.2701923100442,14.3051128674595,Inf,-1.62670455840848,0.363476423104645,"mr_y_smri__vol__dst__gtspp"
"co_longi1 - co_longi3","ses-02A",-5.01049404973417,17.8879284651183,Inf,-0.280104767832938,0.992334698200604,"mr_y_smri__vol__dst__gtspp"
"co_longi2 - co_longi3","ses-02A",18.25969826031,21.5107277947179,Inf,0.848864735520189,0.831004965344694,"mr_y_smri__vol__dst__gtspp"
"co_longi0 - co_longi1","ses-04A",134.193511252327,8.27932253953199,Inf,16.2082719463557,0,"mr_y_smri__vol__dst__gtspp"
"co_longi0 - co_longi2","ses-04A",129.324699889769,15.0446140010208,Inf,8.59607962563842,0.000000000000035527136788005,"mr_y_smri__vol__dst__gtspp"
"co_longi0 - co_longi3","ses-04A",151.904343457221,18.8844147782425,Inf,8.04389996942009,0.0000000000000567323965583455,"mr_y_smri__vol__dst__gtspp"
"co_longi1 - co_longi2","ses-04A",-4.86881136255723,15.1605131518564,Inf,-0.321150828721194,0.988552648014653,"mr_y_smri__vol__dst__gtspp"
"co_longi1 - co_longi3","ses-04A",17.7108322048942,18.8523509060214,Inf,0.939449530362677,0.783579353181906,"mr_y_smri__vol__dst__gtspp"
"co_longi2 - co_longi3","ses-04A",22.5796435674514,22.6870491626098,Inf,0.995265775007208,0.75212446262297,"mr_y_smri__vol__dst__gtspp"
"co_longi0 - co_longi1","ses-06A",117.156032587449,8.23282895496168,Inf,14.2303494009605,0,"mr_y_smri__vol__dst__gtspp"
"co_longi0 - co_longi2","ses-06A",121.115763224164,14.3138510703199,Inf,8.46143798961978,0.0000000000000386357612569554,"mr_y_smri__vol__dst__gtspp"
"co_longi0 - co_longi3","ses-06A",134.052323472812,17.9289826181273,Inf,7.47685054573464,0.000000000000483058038014406,"mr_y_smri__vol__dst__gtspp"
"co_longi1 - co_longi2","ses-06A",3.95973063671509,14.2572617791072,Inf,0.277734301162776,0.992523982288927,"mr_y_smri__vol__dst__gtspp"
"co_longi1 - co_longi3","ses-06A",16.8962908853628,17.6977786004209,Inf,0.954712524483776,0.775131998562074,"mr_y_smri__vol__dst__gtspp"
"co_longi2 - co_longi3","ses-06A",12.9365602486477,21.286003280941,Inf,0.607749612640093,0.929657098130796,"mr_y_smri__vol__dst__gtspp"
"co_longi0 - co_longi1","ses-02A",135.561804143909,9.29147015989028,Inf,14.589919766315,0,"mr_y_smri__vol__dst__gtspt"
"co_longi0 - co_longi2","ses-02A",134.278980268888,17.2997888501545,Inf,7.76188550230128,0.0000000000000732747196252603,"mr_y_smri__vol__dst__gtspt"
"co_longi0 - co_longi3","ses-02A",175.372012898988,21.8858006587266,Inf,8.01304990544459,0.0000000000000593969318174459,"mr_y_smri__vol__dst__gtspt"
"co_longi1 - co_longi2","ses-02A",-1.28282387502122,17.5576335297328,Inf,-0.0730635978276245,0.999860189708972,"mr_y_smri__vol__dst__gtspt"
"co_longi1 - co_longi3","ses-02A",39.8102087550793,21.9890053492045,Inf,1.8104597330738,0.268293260220449,"mr_y_smri__vol__dst__gtspt"
"co_longi2 - co_longi3","ses-02A",41.0930326301005,26.4282813033593,Inf,1.5548885740397,0.404698046076806,"mr_y_smri__vol__dst__gtspt"
"co_longi0 - co_longi1","ses-04A",121.508407199171,10.3282196669933,Inf,11.7647001242126,0,"mr_y_smri__vol__dst__gtspt"
"co_longi0 - co_longi2","ses-04A",132.884117034317,18.7357487110791,Inf,7.09254372929001,0.00000000000792865773036056,"mr_y_smri__vol__dst__gtspt"
"co_longi0 - co_longi3","ses-04A",153.501864754857,23.5229104412262,Inf,6.52563232506424,0.00000000040622183394845,"mr_y_smri__vol__dst__gtspt"
"co_longi1 - co_longi2","ses-04A",11.375709835146,18.87843977242,Inf,0.602576800428447,0.931281609669943,"mr_y_smri__vol__dst__gtspt"
"co_longi1 - co_longi3","ses-04A",31.9934575556854,23.4758365722659,Inf,1.36282502466737,0.522807226921309,"mr_y_smri__vol__dst__gtspt"
"co_longi2 - co_longi3","ses-04A",20.6177477205394,28.2444545579433,Inf,0.729975070973393,0.885102729147024,"mr_y_smri__vol__dst__gtspt"
"co_longi0 - co_longi1","ses-06A",93.5049115044311,10.1899462879759,Inf,9.17619277490861,0.0000000000000472955008490317,"mr_y_smri__vol__dst__gtspt"
"co_longi0 - co_longi2","ses-06A",114.740556775004,17.5760736329314,Inf,6.52822462919253,0.000000000399255850602742,"mr_y_smri__vol__dst__gtspt"
"co_longi0 - co_longi3","ses-06A",122.319863601395,22.0054938364372,Inf,5.5586057059467,0.000000162843419748704,"mr_y_smri__vol__dst__gtspt"
"co_longi1 - co_longi2","ses-06A",21.2356452705732,17.4814501244476,Inf,1.21475307365236,0.617435191656018,"mr_y_smri__vol__dst__gtspt"
"co_longi1 - co_longi3","ses-06A",28.8149520969635,21.6919876676286,Inf,1.32836845283499,0.544755125965866,"mr_y_smri__vol__dst__gtspt"
"co_longi2 - co_longi3","ses-06A",7.57930682639026,26.0758095656017,Inf,0.290664295860966,0.991453905455919,"mr_y_smri__vol__dst__gtspt"
"co_longi0 - co_longi1","ses-02A",34.2367334846153,3.0765206891537,Inf,11.1283937095945,0.000000000000014210854715202,"mr_y_smri__vol__dst__lfah"
"co_longi0 - co_longi2","ses-02A",36.0986989513045,5.72920201057101,Inf,6.30082494642334,0.00000000177569681181211,"mr_y_smri__vol__dst__lfah"
"co_longi0 - co_longi3","ses-02A",32.3940216825431,7.25937539035948,Inf,4.46237037494474,0.0000479328060257744,"mr_y_smri__vol__dst__lfah"
"co_longi1 - co_longi2","ses-02A",1.86196546668928,5.81497022555207,Inf,0.32020206371951,0.988651236282697,"mr_y_smri__vol__dst__lfah"
"co_longi1 - co_longi3","ses-02A",-1.84271180207216,7.29339774686865,Inf,-0.252654779847062,0.994343883184749,"mr_y_smri__vol__dst__lfah"
"co_longi2 - co_longi3","ses-02A",-3.70467726876143,8.76143112593551,Inf,-0.422839284531368,0.974594802078952,"mr_y_smri__vol__dst__lfah"
"co_longi0 - co_longi1","ses-04A",28.4957286437596,3.46286681401444,Inf,8.22894156033827,0.0000000000000465183447317941,"mr_y_smri__vol__dst__lfah"
"co_longi0 - co_longi2","ses-04A",34.9932833108232,6.28766386997522,Inf,5.56538708723326,0.000000156639458959162,"mr_y_smri__vol__dst__lfah"
"co_longi0 - co_longi3","ses-04A",32.0502290751127,7.89569290180999,Inf,4.05920410959316,0.000287372916689899,"mr_y_smri__vol__dst__lfah"
"co_longi1 - co_longi2","ses-04A",6.49755466706359,6.33972259367914,Inf,1.02489573811034,0.734840502996204,"mr_y_smri__vol__dst__lfah"
"co_longi1 - co_longi3","ses-04A",3.55450043135308,7.88336299672739,Inf,0.450886307382859,0.969474118978142,"mr_y_smri__vol__dst__lfah"
"co_longi2 - co_longi3","ses-04A",-2.94305423571051,9.48313343806511,Inf,-0.310346179871007,0.989643347777019,"mr_y_smri__vol__dst__lfah"
"co_longi0 - co_longi1","ses-06A",22.0314530011169,3.3859564193262,Inf,6.50671487540915,0.000000000460784188582863,"mr_y_smri__vol__dst__lfah"
"co_longi0 - co_longi2","ses-06A",26.9220824325825,5.81599190647102,Inf,4.62897522306183,0.0000218079635696533,"mr_y_smri__vol__dst__lfah"
"co_longi0 - co_longi3","ses-06A",19.8135089975078,7.27831103602426,Inf,2.72226741883386,0.0328520792701543,"mr_y_smri__vol__dst__lfah"
"co_longi1 - co_longi2","ses-06A",4.89062943146556,5.78371505949981,Inf,0.845586164109633,0.832627334341443,"mr_y_smri__vol__dst__lfah"
"co_longi1 - co_longi3","ses-06A",-2.21794400360916,7.17410668434134,Inf,-0.30915960706999,0.989758885717957,"mr_y_smri__vol__dst__lfah"
"co_longi2 - co_longi3","ses-06A",-7.10857343507472,8.61939192021899,Inf,-0.824718669352967,0.84278786953362,"mr_y_smri__vol__dst__lfah"
"co_longi0 - co_longi1","ses-02A",184.804405929835,13.5431158281918,Inf,13.6456343041193,0,"mr_y_smri__vol__dst__scc"
"co_longi0 - co_longi2","ses-02A",144.00795797116,25.6421405433023,Inf,5.61606616764196,0.000000117007789235402,"mr_y_smri__vol__dst__scc"
"co_longi0 - co_longi3","ses-02A",234.466353022923,32.2443343418732,Inf,7.27155197365759,0.00000000000216038298361809,"mr_y_smri__vol__dst__scc"
"co_longi1 - co_longi2","ses-02A",-40.7964479586754,26.1273730172231,Inf,-1.56144469372342,0.400854013596128,"mr_y_smri__vol__dst__scc"
"co_longi1 - co_longi3","ses-02A",49.6619470930876,32.5452700562726,Inf,1.52593439867665,0.421853228791827,"mr_y_smri__vol__dst__scc"
"co_longi2 - co_longi3","ses-02A",90.458395051763,39.1893206930181,Inf,2.308240955753,0.0961130289721293,"mr_y_smri__vol__dst__scc"
"co_longi0 - co_longi1","ses-04A",202.709258682805,14.1556192904102,Inf,14.3200558396008,0,"mr_y_smri__vol__dst__scc"
"co_longi0 - co_longi2","ses-04A",179.99987328434,26.3324490928352,Inf,6.83566775918753,0.0000000000489993601249239,"mr_y_smri__vol__dst__scc"
"co_longi0 - co_longi3","ses-04A",264.191606683018,33.0325661705039,Inf,7.99791349298576,0.0000000000000613953332617712,"mr_y_smri__vol__dst__scc"
"co_longi1 - co_longi2","ses-04A",-22.7093853984649,26.688949162606,Inf,-0.850890953409401,0.829998832137504,"mr_y_smri__vol__dst__scc"
"co_longi1 - co_longi3","ses-04A",61.4823480002131,33.1815001268979,Inf,1.85291044000671,0.248661015640154,"mr_y_smri__vol__dst__scc"
"co_longi2 - co_longi3","ses-04A",84.1917333986779,39.9626826212825,Inf,2.10675880286978,0.150875409026671,"mr_y_smri__vol__dst__scc"
"co_longi0 - co_longi1","ses-06A",190.674929947845,14.2325363306082,Inf,13.3971152799929,0,"mr_y_smri__vol__dst__scc"
"co_longi0 - co_longi2","ses-06A",182.406771503228,25.8977306799299,Inf,7.0433496184509,0.0000000000112898579374132,"mr_y_smri__vol__dst__scc"
"co_longi0 - co_longi3","ses-06A",242.248664997487,32.4676482285284,Inf,7.46123227935649,0.000000000000540789635294914,"mr_y_smri__vol__dst__scc"
"co_longi1 - co_longi2","ses-06A",-8.26815844461691,26.0981831961993,Inf,-0.316809732787109,0.988999288449174,"mr_y_smri__vol__dst__scc"
"co_longi1 - co_longi3","ses-06A",51.5737350496423,32.4246744246573,Inf,1.59057063686114,0.383967693186387,"mr_y_smri__vol__dst__scc"
"co_longi2 - co_longi3","ses-06A",59.8418934942592,39.0489118981745,Inf,1.53248555683972,0.41794691093324,"mr_y_smri__vol__dst__scc"
"co_longi0 - co_longi1","ses-02A",67.1960615606481,3.56400756699325,Inf,18.8540737631872,0,"mr_y_smri__vol__dst__scia"
"co_longi0 - co_longi2","ses-02A",73.2585705339753,6.64290956043813,Inf,11.0280848877225,0.0000000000000248689957516035,"mr_y_smri__vol__dst__scia"
"co_longi0 - co_longi3","ses-02A",65.9765952336036,8.39296609772666,Inf,7.86093908463113,0.000000000000081601392309949,"mr_y_smri__vol__dst__scia"
"co_longi1 - co_longi2","ses-02A",6.06250897332718,6.74357195588128,Inf,0.899005603112143,0.805351539568776,"mr_y_smri__vol__dst__scia"
"co_longi1 - co_longi3","ses-02A",-1.21946632704457,8.43539799810044,Inf,-0.144565357475626,0.998923294053189,"mr_y_smri__vol__dst__scia"
"co_longi2 - co_longi3","ses-02A",-7.28197530037175,10.1426082413869,Inf,-0.717958845206866,0.889998605276659,"mr_y_smri__vol__dst__scia"
"co_longi0 - co_longi1","ses-04A",61.1784634280816,3.91819867854287,Inf,15.6139257978702,0,"mr_y_smri__vol__dst__scia"
"co_longi0 - co_longi2","ses-04A",69.9916671156618,7.11536201618346,Inf,9.83669797214393,0.0000000000000396349619791181,"mr_y_smri__vol__dst__scia"
"co_longi0 - co_longi3","ses-04A",60.7081305941077,8.93185807431763,Inf,6.79680869187408,0.0000000000641994235550669,"mr_y_smri__vol__dst__scia"
"co_longi1 - co_longi2","ses-04A",8.81320368758027,7.16949112446067,Inf,1.22926488569204,0.608174410634978,"mr_y_smri__vol__dst__scia"
"co_longi1 - co_longi3","ses-04A",-0.470332833973876,8.91542885098628,Inf,-0.0527549310117421,0.999947320558541,"mr_y_smri__vol__dst__scia"
"co_longi2 - co_longi3","ses-04A",-9.28353652155414,10.7282949735331,Inf,-0.8653319604333,0.822751972750907,"mr_y_smri__vol__dst__scia"
"co_longi0 - co_longi1","ses-06A",50.5809733455886,3.89002725490447,Inf,13.0027298091079,0,"mr_y_smri__vol__dst__scia"
"co_longi0 - co_longi2","ses-06A",61.3675207140802,6.7491871228479,Inf,9.09257953544269,0.0000000000000507371922253697,"mr_y_smri__vol__dst__scia"
"co_longi0 - co_longi3","ses-06A",50.449798063693,8.45299759380278,Inf,5.96827308938071,0.0000000143745869651823,"mr_y_smri__vol__dst__scia"
"co_longi1 - co_longi2","ses-06A",10.7865473684915,6.71959001969848,Inf,1.60523891143221,0.375586336357857,"mr_y_smri__vol__dst__scia"
"co_longi1 - co_longi3","ses-06A",-0.131175281895607,8.34047439805479,Inf,-0.0157275564476525,0.999998602831904,"mr_y_smri__vol__dst__scia"
"co_longi2 - co_longi3","ses-06A",-10.9177226503871,10.0303165870231,Inf,-1.08847238825064,0.696608062592699,"mr_y_smri__vol__dst__scia"
"co_longi0 - co_longi1","ses-02A",68.8667698185256,5.81104701176581,Inf,11.8510088937654,0,"mr_y_smri__vol__dst__scii"
"co_longi0 - co_longi2","ses-02A",79.9611536745889,10.8303493154764,Inf,7.38306321849894,0.000000000000954791801177635,"mr_y_smri__vol__dst__scii"
"co_longi0 - co_longi3","ses-02A",87.5165326422681,13.6843798340443,Inf,6.39535979734665,0.000000000960730495158657,"mr_y_smri__vol__dst__scii"
"co_longi1 - co_longi2","ses-02A",11.0943838560633,10.9942774048799,Inf,1.00910532338751,0.744098264249385,"mr_y_smri__vol__dst__scii"
"co_longi1 - co_longi3","ses-02A",18.6497628237425,13.7532650949011,Inf,1.35602438366848,0.527129011271911,"mr_y_smri__vol__dst__scii"
"co_longi2 - co_longi3","ses-02A",7.55537896767919,16.5364287797699,Inf,0.456893024987486,0.968301599271319,"mr_y_smri__vol__dst__scii"
"co_longi0 - co_longi1","ses-04A",78.2724755856127,6.39184563784267,Inf,12.2456767607471,0,"mr_y_smri__vol__dst__scii"
"co_longi0 - co_longi2","ses-04A",79.3449276995097,11.6064373248849,Inf,6.83628623310524,0.0000000000487884177502451,"mr_y_smri__vol__dst__scii"
"co_longi0 - co_longi3","ses-04A",98.2676537094888,14.5695881853262,Inf,6.74471045162825,0.0000000000920166165485625,"mr_y_smri__vol__dst__scii"
"co_longi1 - co_longi2","ses-04A",1.07245211389697,11.6946022940917,Inf,0.0917048811859801,0.999723870131015,"mr_y_smri__vol__dst__scii"
"co_longi1 - co_longi3","ses-04A",19.9951781238761,14.5425193652555,Inf,1.37494595136301,0.515119183850348,"mr_y_smri__vol__dst__scii"
"co_longi2 - co_longi3","ses-04A",18.9227260099792,17.4994488064374,Inf,1.08133268763403,0.700970418347461,"mr_y_smri__vol__dst__scii"
"co_longi0 - co_longi1","ses-06A",59.3708137571377,6.34423211987002,Inf,9.35823479270081,0.0000000000000388578058618805,"mr_y_smri__vol__dst__scii"
"co_longi0 - co_longi2","ses-06A",66.6887847679881,11.003747880523,Inf,6.06055186760773,0.00000000813372158514625,"mr_y_smri__vol__dst__scii"
"co_longi0 - co_longi3","ses-06A",76.3897285745439,13.7814028691097,Inf,5.54295736798811,0.000000178082641077992,"mr_y_smri__vol__dst__scii"
"co_longi1 - co_longi2","ses-06A",7.31797101085046,10.95480310645,Inf,0.668014836938673,0.909156358894773,"mr_y_smri__vol__dst__scii"
"co_longi1 - co_longi3","ses-06A",17.0189148174063,13.5971212958644,Inf,1.25165573264266,0.59385613986705,"mr_y_smri__vol__dst__scii"
"co_longi2 - co_longi3","ses-06A",9.7009438065558,16.3516876380424,Inf,0.593268659559422,0.934150789762829,"mr_y_smri__vol__dst__scii"
"co_longi0 - co_longi1","ses-02A",147.12824958307,6.16512263109202,Inf,23.8646103876459,0,"mr_y_smri__vol__dst__scis"
"co_longi0 - co_longi2","ses-02A",132.884380413085,11.508423359353,Inf,11.5467059443107,0,"mr_y_smri__vol__dst__scis"
"co_longi0 - co_longi3","ses-02A",164.738590106673,14.5266000367167,Inf,11.3404781359911,0,"mr_y_smri__vol__dst__scis"
"co_longi1 - co_longi2","ses-02A",-14.2438691699845,11.6869797460748,Inf,-1.21878102636128,0.61486660847486,"mr_y_smri__vol__dst__scis"
"co_longi1 - co_longi3","ses-02A",17.6103405236029,14.606394308266,Inf,1.20565966876828,0.623227913435011,"mr_y_smri__vol__dst__scis"
"co_longi2 - co_longi3","ses-02A",31.8542096935874,17.5678041387406,Inf,1.81321521130478,0.266990855983332,"mr_y_smri__vol__dst__scis"
"co_longi0 - co_longi1","ses-04A",139.56499935003,6.72027919260518,Inf,20.7677382665297,0,"mr_y_smri__vol__dst__scis"
"co_longi0 - co_longi2","ses-04A",135.220414024244,12.2276994751699,Inf,11.0585326617512,0.000000000000021316282072803,"mr_y_smri__vol__dst__scis"
"co_longi0 - co_longi3","ses-04A",166.833421208503,15.347287732113,Inf,10.8705475599716,0.0000000000000380806497446429,"mr_y_smri__vol__dst__scis"
"co_longi1 - co_longi2","ses-04A",-4.3445853257853,12.3249210975174,Inf,-0.352504108660007,0.984980269742964,"mr_y_smri__vol__dst__scis"
"co_longi1 - co_longi3","ses-04A",27.2684218584732,15.3260583264201,Inf,1.77921950169444,0.28332839188565,"mr_y_smri__vol__dst__scis"
"co_longi2 - co_longi3","ses-04A",31.6130071842585,18.4451617405085,Inf,1.71389156836892,0.316330987261578,"mr_y_smri__vol__dst__scis"
"co_longi0 - co_longi1","ses-06A",118.732356907221,6.69796216412022,Inf,17.7266389385191,0,"mr_y_smri__vol__dst__scis"
"co_longi0 - co_longi2","ses-06A",114.358136961128,11.6883141185954,Inf,9.78397190568236,0.0000000000000427435864480685,"mr_y_smri__vol__dst__scis"
"co_longi0 - co_longi3","ses-06A",143.407670874483,14.642363027835,Inf,9.7940250902034,0.0000000000000418554080283684,"mr_y_smri__vol__dst__scis"
"co_longi1 - co_longi2","ses-06A",-4.37421994609277,11.6516483706097,Inf,-0.375416405212362,0.981968904989612,"mr_y_smri__vol__dst__scis"
"co_longi1 - co_longi3","ses-06A",24.6753139672617,14.4651631574415,Inf,1.70584415112993,0.320538279606094,"mr_y_smri__vol__dst__scis"
"co_longi2 - co_longi3","ses-06A",29.0495339133545,17.4011565707502,Inf,1.66940247880903,0.339964777001838,"mr_y_smri__vol__dst__scis"
"co_longi0 - co_longi1","ses-02A",67.9106277124381,6.20689079994813,Inf,10.9411668259099,0.0000000000000377475828372553,"mr_y_smri__vol__dst__scm"
"co_longi0 - co_longi2","ses-02A",77.7602543700014,11.5614613389091,Inf,6.72581536974966,0.00000000010478140577419,"mr_y_smri__vol__dst__scm"
"co_longi0 - co_longi3","ses-02A",91.053059186685,14.6163202502026,Inf,6.22954735720318,0.00000000280539436126048,"mr_y_smri__vol__dst__scm"
"co_longi1 - co_longi2","ses-02A",9.84962665756336,11.7348859526968,Inf,0.83934575054816,0.835695985887417,"mr_y_smri__vol__dst__scm"
"co_longi1 - co_longi3","ses-02A",23.142431474247,14.687319585881,Inf,1.57567426370255,0.39256452319998,"mr_y_smri__vol__dst__scm"
"co_longi2 - co_longi3","ses-02A",13.2928048166836,17.6563442384158,Inf,0.752862803148222,0.875476687613306,"mr_y_smri__vol__dst__scm"
"co_longi0 - co_longi1","ses-04A",55.2204064855717,6.86024293144714,Inf,8.04933688753835,0.0000000000000569544411632705,"mr_y_smri__vol__dst__scm"
"co_longi0 - co_longi2","ses-04A",65.1692968830456,12.4489786629628,Inf,5.23491112382832,0.000000986744520203864,"mr_y_smri__vol__dst__scm"
"co_longi0 - co_longi3","ses-04A",90.9845683877888,15.6284197531866,Inf,5.82173820672031,0.0000000349032384105996,"mr_y_smri__vol__dst__scm"
"co_longi1 - co_longi2","ses-04A",9.94889039747392,12.5429231377764,Inf,0.793187543939434,0.857581490239485,"mr_y_smri__vol__dst__scm"
"co_longi1 - co_longi3","ses-04A",35.7641619022172,15.5974844472336,Inf,2.29294422592359,0.0996261326790926,"mr_y_smri__vol__dst__scm"
"co_longi2 - co_longi3","ses-04A",25.8152715047432,18.7674386643814,Inf,1.37553514714492,0.514745985715592,"mr_y_smri__vol__dst__scm"
"co_longi0 - co_longi1","ses-06A",30.7691625199376,6.79154740477878,Inf,4.53050839316637,0.0000348499890363563,"mr_y_smri__vol__dst__scm"
"co_longi0 - co_longi2","ses-06A",44.9048695824477,11.7471364533887,Inf,3.82262262472436,0.000761538401839235,"mr_y_smri__vol__dst__scm"
"co_longi0 - co_longi3","ses-06A",52.0594696331658,14.7103092680017,Inf,3.53897859553551,0.0022713373636869,"mr_y_smri__vol__dst__scm"
"co_longi1 - co_longi2","ses-06A",14.1357070625101,11.688874502611,Inf,1.20933003937655,0.620890856568861,"mr_y_smri__vol__dst__scm"
"co_longi1 - co_longi3","ses-06A",21.2903071132282,14.5064611135513,Inf,1.46764306928998,0.457192473703457,"mr_y_smri__vol__dst__scm"
"co_longi2 - co_longi3","ses-06A",7.15460005071809,17.4420634635151,Inf,0.410192295520763,0.976716359074972,"mr_y_smri__vol__dst__scm"
"co_longi0 - co_longi1","ses-02A",107.635738236571,7.30059796502409,Inf,14.743413998721,0,"mr_y_smri__vol__dst__scta"
"co_longi0 - co_longi2","ses-02A",96.3550445384679,13.613350797745,Inf,7.07798145879179,0.00000000000880506778599965,"mr_y_smri__vol__dst__scta"
"co_longi0 - co_longi3","ses-02A",133.690094749474,17.1943539203304,Inf,7.77523222849332,0.0000000000000683897383169096,"mr_y_smri__vol__dst__scta"
"co_longi1 - co_longi2","ses-02A",-11.2806936981026,13.8210398349198,Inf,-0.81619717711841,0.846853288961943,"mr_y_smri__vol__dst__scta"
"co_longi1 - co_longi3","ses-02A",26.0543565129031,17.2834674729328,Inf,1.50747276573443,0.432935820404297,"mr_y_smri__vol__dst__scta"
"co_longi2 - co_longi3","ses-02A",37.3350502110057,20.7834908271225,Inf,1.79638014237163,0.275008387207057,"mr_y_smri__vol__dst__scta"
"co_longi0 - co_longi1","ses-04A",94.1595780686903,8.0038077806175,Inf,11.764347751668,0,"mr_y_smri__vol__dst__scta"
"co_longi0 - co_longi2","ses-04A",80.6711789227821,14.5424775677732,Inf,5.54727889706726,0.00000017374111271895,"mr_y_smri__vol__dst__scta"
"co_longi0 - co_longi3","ses-04A",138.568973752465,18.254257344392,Inf,7.5910496460178,0.000000000000215161222172355,"mr_y_smri__vol__dst__scta"
"co_longi1 - co_longi2","ses-04A",-13.4883991459083,14.6542614227704,Inf,-0.920442099180066,0.793925426700484,"mr_y_smri__vol__dst__scta"
"co_longi1 - co_longi3","ses-04A",44.4093956837743,18.2228347406171,Inf,2.43701906513972,0.070285749536648,"mr_y_smri__vol__dst__scta"
"co_longi2 - co_longi3","ses-04A",57.8977948296826,21.9293047375414,Inf,2.64020202749819,0.0412739333981499,"mr_y_smri__vol__dst__scta"
"co_longi0 - co_longi1","ses-06A",74.3796874615702,7.95706194313742,Inf,9.34763207740503,0.0000000000000395239396766556,"mr_y_smri__vol__dst__scta"
"co_longi0 - co_longi2","ses-06A",69.235822322287,13.8299933444525,Inf,5.00620792779042,0.0000033120409663745,"mr_y_smri__vol__dst__scta"
"co_longi0 - co_longi3","ses-06A",116.293206359772,17.3226913891597,Inf,6.71334515793233,0.000000000114140252804873,"mr_y_smri__vol__dst__scta"
"co_longi1 - co_longi2","ses-06A",-5.14386513928315,13.7743852892315,Inf,-0.373437001454033,0.982242857439251,"mr_y_smri__vol__dst__scta"
"co_longi1 - co_longi3","ses-06A",41.9135188982014,17.0981776898024,Inf,2.45134421097982,0.0678009961055883,"mr_y_smri__vol__dst__scta"
"co_longi2 - co_longi3","ses-06A",47.0573840374845,20.5644787773809,Inf,2.28828479179562,0.100716095168575,"mr_y_smri__vol__dst__scta"
"co_longi0 - co_longi1","ses-02A",240.3505027383,15.6784280944852,Inf,15.3300127595599,0,"mr_y_smri__vol__dst__sfi"
"co_longi0 - co_longi2","ses-02A",227.367424282067,29.2004758479967,Inf,7.78642873717639,0.0000000000000643929354282591,"mr_y_smri__vol__dst__sfi"
"co_longi0 - co_longi3","ses-02A",264.558826461571,36.9215641972503,Inf,7.16542844848578,0.00000000000468158845023936,"mr_y_smri__vol__dst__sfi"
"co_longi1 - co_longi2","ses-02A",-12.9830784562339,29.6376882999543,Inf,-0.438059754351825,0.971887820206071,"mr_y_smri__vol__dst__sfi"
"co_longi1 - co_longi3","ses-02A",24.2083237232704,37.0995143925865,Inf,0.652524005222772,0.914701740167281,"mr_y_smri__vol__dst__sfi"
"co_longi2 - co_longi3","ses-02A",37.1914021795044,44.5970055290073,Inf,0.833943932744855,0.838331601377139,"mr_y_smri__vol__dst__sfi"
"co_longi0 - co_longi1","ses-04A",216.239256010369,17.3506934657421,Inf,12.4628595645079,0,"mr_y_smri__vol__dst__sfi"
"co_longi0 - co_longi2","ses-04A",234.282452800167,31.4819037981129,Inf,7.44181337642643,0.000000000000622502049907325,"mr_y_smri__vol__dst__sfi"
"co_longi0 - co_longi3","ses-04A",255.508201961401,39.5230957662595,Inf,6.4647820978519,0.000000000608527450651764,"mr_y_smri__vol__dst__sfi"
"co_longi1 - co_longi2","ses-04A",18.0431967897984,31.7195817257303,Inf,0.568834638041967,0.941352027912622,"mr_y_smri__vol__dst__sfi"
"co_longi1 - co_longi3","ses-04A",39.2689459510321,39.4442166597057,Inf,0.995556491584416,0.751956735212221,"mr_y_smri__vol__dst__sfi"
"co_longi2 - co_longi3","ses-04A",21.2257491612338,47.4597068070617,Inf,0.447237258492198,0.970173240907789,"mr_y_smri__vol__dst__sfi"
"co_longi0 - co_longi1","ses-06A",163.747697387427,17.1645331378291,Inf,9.53988646662009,0.0000000000000321964677141295,"mr_y_smri__vol__dst__sfi"
"co_longi0 - co_longi2","ses-06A",176.317498251845,29.6692651153207,Inf,5.94276594201175,0.0000000168002350919849,"mr_y_smri__vol__dst__sfi"
"co_longi0 - co_longi3","ses-06A",183.108954332755,37.1517520889843,Inf,4.92867614679867,0.00000493518947985994,"mr_y_smri__vol__dst__sfi"
"co_longi1 - co_longi2","ses-06A",12.5698008644176,29.5188116562167,Inf,0.425823404099343,0.974077390666617,"mr_y_smri__vol__dst__sfi"
"co_longi1 - co_longi3","ses-06A",19.3612569453271,36.6330561723096,Inf,0.52851874695516,0.952191385571913,"mr_y_smri__vol__dst__sfi"
"co_longi2 - co_longi3","ses-06A",6.79145608090951,44.0441475957029,Inf,0.154196560761051,0.998694849203676,"mr_y_smri__vol__dst__sfi"
"co_longi0 - co_longi1","ses-02A",222.654335506519,14.828447431958,Inf,15.0153504962805,0,"mr_y_smri__vol__dst__sfm"
"co_longi0 - co_longi2","ses-02A",188.621716706509,27.6088965055999,Inf,6.8319179894876,0.0000000000502972108407107,"mr_y_smri__vol__dst__sfm"
"co_longi0 - co_longi3","ses-02A",248.965547657562,34.9698888912158,Inf,7.11942632794867,0.00000000000653110898696241,"mr_y_smri__vol__dst__sfm"
"co_longi1 - co_longi2","ses-02A",-34.0326188000099,28.0207882268512,Inf,-1.21454894575013,0.617565320151141,"mr_y_smri__vol__dst__sfm"
"co_longi1 - co_longi3","ses-02A",26.3112121510425,35.1327070920655,Inf,0.748909330615879,0.87716733059254,"mr_y_smri__vol__dst__sfm"
"co_longi2 - co_longi3","ses-02A",60.3438309510523,42.2092512249618,Inf,1.42963519133374,0.480727502425791,"mr_y_smri__vol__dst__sfm"
"co_longi0 - co_longi1","ses-04A",213.028794493647,16.6429424520736,Inf,12.7999477921109,0,"mr_y_smri__vol__dst__sfm"
"co_longi0 - co_longi2","ses-04A",206.502883626658,30.2061930776436,Inf,6.83644188778942,0.0000000000487359042011803,"mr_y_smri__vol__dst__sfm"
"co_longi0 - co_longi3","ses-04A",264.659965921267,37.9296737755855,Inf,6.97764941209758,0.0000000000180379045033874,"mr_y_smri__vol__dst__sfm"
"co_longi1 - co_longi2","ses-04A",-6.5259108669899,30.4497588366909,Inf,-0.214317325204113,0.996524555352363,"mr_y_smri__vol__dst__sfm"
"co_longi1 - co_longi3","ses-04A",51.6311714276195,37.8642887369836,Inf,1.36358487508546,0.522324699155338,"mr_y_smri__vol__dst__sfm"
"co_longi2 - co_longi3","ses-04A",58.1570822946094,45.5496119654386,Inf,1.27678546062559,0.577763391472355,"mr_y_smri__vol__dst__sfm"
"co_longi0 - co_longi1","ses-06A",161.563384777446,16.3099173358493,Inf,9.90583713274427,0.0000000000000358602036953926,"mr_y_smri__vol__dst__sfm"
"co_longi0 - co_longi2","ses-06A",148.141590987423,28.0345934399973,Inf,5.28424253073233,0.000000754820589365934,"mr_y_smri__vol__dst__sfm"
"co_longi0 - co_longi3","ses-06A",152.794228101882,35.0873617076768,Inf,4.35467988088862,0.000078581519965204,"mr_y_smri__vol__dst__sfm"
"co_longi1 - co_longi2","ses-06A",-13.4217937900225,27.8772502096471,Inf,-0.481460462889479,0.96322201960045,"mr_y_smri__vol__dst__sfm"
"co_longi1 - co_longi3","ses-06A",-8.76915667556378,34.5819463172432,Inf,-0.253576146209889,0.994282773005996,"mr_y_smri__vol__dst__sfm"
"co_longi2 - co_longi3","ses-06A",4.65263711445873,41.553952937869,Inf,0.11196617374562,0.999498206488119,"mr_y_smri__vol__dst__sfm"
"co_longi0 - co_longi1","ses-02A",226.571418952015,20.2438496881206,Inf,11.1921113050434,0.00000000000000976996261670138,"mr_y_smri__vol__dst__sfs"
"co_longi0 - co_longi2","ses-02A",187.257117018546,37.6986461175074,Inf,4.96721066414061,0.00000405077454990188,"mr_y_smri__vol__dst__sfs"
"co_longi0 - co_longi3","ses-02A",321.536770723661,47.6756386107885,Inf,6.74425723687947,0.0000000000923047194234528,"mr_y_smri__vol__dst__sfs"
"co_longi1 - co_longi2","ses-02A",-39.3143019334689,38.2620059520205,Inf,-1.02750237357571,0.733302388924858,"mr_y_smri__vol__dst__sfs"
"co_longi1 - co_longi3","ses-02A",94.9653517716461,47.9034311383392,Inf,1.98243318933456,0.194570442420308,"mr_y_smri__vol__dst__sfs"
"co_longi2 - co_longi3","ses-02A",134.279653705115,57.5808772592806,Inf,2.33201819938359,0.090847603451917,"mr_y_smri__vol__dst__sfs"
"co_longi0 - co_longi1","ses-04A",220.99038758163,22.4379923514387,Inf,9.84893764648515,0.0000000000000390798504668055,"mr_y_smri__vol__dst__sfs"
"co_longi0 - co_longi2","ses-04A",211.241272969773,40.7079985445722,Inf,5.18918346571326,0.00000126223028262817,"mr_y_smri__vol__dst__sfs"
"co_longi0 - co_longi3","ses-04A",299.022053979691,51.1069909504539,Inf,5.85090314296885,0.0000000293030628650826,"mr_y_smri__vol__dst__sfs"
"co_longi1 - co_longi2","ses-04A",-9.74911461185727,41.0158817477493,Inf,-0.237691211219475,0.995277582790522,"mr_y_smri__vol__dst__sfs"
"co_longi1 - co_longi3","ses-04A",78.0316663980607,51.0044225307256,Inf,1.52990000722101,0.419486930348989,"mr_y_smri__vol__dst__sfs"
"co_longi2 - co_longi3","ses-04A",87.780781009918,61.3675751120209,Inf,1.43040980272859,0.480244512886942,"mr_y_smri__vol__dst__sfs"
"co_longi0 - co_longi1","ses-06A",139.610585475995,22.1768891914942,Inf,6.2953187108651,0.00000000183988113633404,"mr_y_smri__vol__dst__sfs"
"co_longi0 - co_longi2","ses-06A",146.55949797114,38.3031896740731,Inf,3.82630008670908,0.000750416636482454,"mr_y_smri__vol__dst__sfs"
"co_longi0 - co_longi3","ses-06A",182.796120499609,47.9607214596978,Inf,3.81137136673842,0.00079653119796419,"mr_y_smri__vol__dst__sfs"
"co_longi1 - co_longi2","ses-06A",6.94891249514523,38.1042111411689,Inf,0.182365998062545,0.997848567434621,"mr_y_smri__vol__dst__sfs"
"co_longi1 - co_longi3","ses-06A",43.1855350236142,47.2856242634159,Inf,0.913290999036807,0.797766246579159,"mr_y_smri__vol__dst__sfs"
"co_longi2 - co_longi3","ses-06A",36.236622528469,56.8483142375592,Inf,0.637426509729777,0.919923247870463,"mr_y_smri__vol__dst__sfs"
"co_longi0 - co_longi1","ses-02A",50.8200814363315,4.94608423925965,Inf,10.2748111390716,0.0000000000000434097202628436,"mr_y_smri__vol__dst__sipj"
"co_longi0 - co_longi2","ses-02A",37.3199300865536,9.21492109474891,Inf,4.04994570249986,0.000298863888314127,"mr_y_smri__vol__dst__sipj"
"co_longi0 - co_longi3","ses-02A",70.1644524633713,11.6825884084202,Inf,6.00589954986351,0.0000000114075965340632,"mr_y_smri__vol__dst__sipj"
"co_longi1 - co_longi2","ses-02A",-13.5001513497779,9.35344335657549,Inf,-1.44333491262202,0.472204999326978,"mr_y_smri__vol__dst__sipj"
"co_longi1 - co_longi3","ses-02A",19.3443710270398,11.737783915424,Inf,1.64804286451555,0.351628191489533,"mr_y_smri__vol__dst__sipj"
"co_longi2 - co_longi3","ses-02A",32.8445223768177,14.0984027314239,Inf,2.32966265771445,0.0913587663481974,"mr_y_smri__vol__dst__sipj"
"co_longi0 - co_longi1","ses-04A",48.8076429264435,5.58164607754192,Inf,8.744309877121,0.000000000000031863400806742,"mr_y_smri__vol__dst__sipj"
"co_longi0 - co_longi2","ses-04A",38.7660609280629,10.1396304122678,Inf,3.8232222824572,0.000759714388512855,"mr_y_smri__vol__dst__sipj"
"co_longi0 - co_longi3","ses-04A",68.6872314234967,12.7333660156183,Inf,5.39427134500393,0.000000411695349145091,"mr_y_smri__vol__dst__sipj"
"co_longi1 - co_longi2","ses-04A",-10.0415819983806,10.2260257438501,Inf,-0.98196330127758,0.759757958974755,"mr_y_smri__vol__dst__sipj"
"co_longi1 - co_longi3","ses-04A",19.8795884970532,12.7158692422338,Inf,1.56336842714821,0.399729006596708,"mr_y_smri__vol__dst__sipj"
"co_longi2 - co_longi3","ses-04A",29.9211704954338,15.2957258776576,Inf,1.95617852560626,0.204822987172933,"mr_y_smri__vol__dst__sipj"
"co_longi0 - co_longi1","ses-06A",35.1728535968549,5.44573573312511,Inf,6.45878818226651,0.000000000633116559178859,"mr_y_smri__vol__dst__sipj"
"co_longi0 - co_longi2","ses-06A",33.2548173743697,9.34927773119365,Inf,3.55693972630802,0.00212472282019749,"mr_y_smri__vol__dst__sipj"
"co_longi0 - co_longi3","ses-06A",45.8766669346766,11.698993382826,Inf,3.92142002593343,0.000510448284802512,"mr_y_smri__vol__dst__sipj"
"co_longi1 - co_longi2","ses-06A",-1.91803622248521,9.2983168923047,Inf,-0.206277786044546,0.996897265237861,"mr_y_smri__vol__dst__sipj"
"co_longi1 - co_longi3","ses-06A",10.7038133378217,11.532985940876,Inf,0.928104256147972,0.789778490959694,"mr_y_smri__vol__dst__sipj"
"co_longi2 - co_longi3","ses-06A",12.6218495603069,13.8546941548159,Inf,0.911016109000106,0.798982020902689,"mr_y_smri__vol__dst__sipj"
"co_longi0 - co_longi1","ses-02A",202.599623651831,17.792288910335,Inf,11.3869342316124,0,"mr_y_smri__vol__dst__sipt"
"co_longi0 - co_longi2","ses-02A",159.85997779798,33.1496184110886,Inf,4.82237761580104,0.00000844490802065501,"mr_y_smri__vol__dst__sipt"
"co_longi0 - co_longi3","ses-02A",302.656647000651,41.8974435469414,Inf,7.22374974171295,0.00000000000306255021342849,"mr_y_smri__vol__dst__sipt"
"co_longi1 - co_longi2","ses-02A",-42.7396458538517,33.648810118461,Inf,-1.27016811897319,0.582002106697972,"mr_y_smri__vol__dst__sipt"
"co_longi1 - co_longi3","ses-02A",100.05702334882,42.1042145636407,Inf,2.37641348700575,0.0816331177592383,"mr_y_smri__vol__dst__sipt"
"co_longi2 - co_longi3","ses-02A",142.796669202671,50.6198739567434,Inf,2.82096058407211,0.0247201287728729,"mr_y_smri__vol__dst__sipt"
"co_longi0 - co_longi1","ses-04A",195.63862381178,19.6201181803023,Inf,9.97132749221626,0.0000000000000329736238313671,"mr_y_smri__vol__dst__sipt"
"co_longi0 - co_longi2","ses-04A",198.650238075964,35.6132088154175,Inf,5.57799324137186,0.000000145710454035886,"mr_y_smri__vol__dst__sipt"
"co_longi0 - co_longi3","ses-04A",292.409153982335,44.7071278468391,Inf,6.54054885798283,0.000000000367704089399012,"mr_y_smri__vol__dst__sipt"
"co_longi1 - co_longi2","ses-04A",3.01161426418385,35.8823658285213,Inf,0.0839302034480136,0.999788206266917,"mr_y_smri__vol__dst__sipt"
"co_longi1 - co_longi3","ses-04A",96.7705301705556,44.6206973611707,Inf,2.16873639125968,0.132002161500503,"mr_y_smri__vol__dst__sipt"
"co_longi2 - co_longi3","ses-04A",93.7589159063717,53.6911760002748,Inf,1.74626303409506,0.299717817200711,"mr_y_smri__vol__dst__sipt"
"co_longi0 - co_longi1","ses-06A",114.943293062075,19.4482130264073,Inf,5.91022388051805,0.0000000204791030800067,"mr_y_smri__vol__dst__sipt"
"co_longi0 - co_longi2","ses-06A",122.845255737345,33.6816756190565,Inf,3.64724300319078,0.00151145807012543,"mr_y_smri__vol__dst__sipt"
"co_longi0 - co_longi3","ses-06A",195.6546819829,42.1807217061993,Inf,4.63848587858905,0.0000208319450595296,"mr_y_smri__vol__dst__sipt"
"co_longi1 - co_longi2","ses-06A",7.90196267527033,33.5222500256784,Inf,0.235722920425011,0.99539232868046,"mr_y_smri__vol__dst__sipt"
"co_longi1 - co_longi3","ses-06A",80.7113889208252,41.6052150051632,Inf,1.93993442674936,0.211347622467059,"mr_y_smri__vol__dst__sipt"
"co_longi2 - co_longi3","ses-06A",72.8094262455548,50.0290497396928,Inf,1.45534297821748,0.464770650665417,"mr_y_smri__vol__dst__sipt"
"co_longi0 - co_longi1","ses-02A",84.2776287113601,6.72316220242416,Inf,12.5354150582552,0,"mr_y_smri__vol__dst__soa"
"co_longi0 - co_longi2","ses-02A",94.874292646399,12.5184486415623,Inf,7.57875798854248,0.000000000000234368080498371,"mr_y_smri__vol__dst__soa"
"co_longi0 - co_longi3","ses-02A",87.5046361761218,15.8580951200017,Inf,5.51797902042805,0.000000205315332402201,"mr_y_smri__vol__dst__soa"
"co_longi1 - co_longi2","ses-02A",10.5966639350388,12.7054001057603,Inf,0.834028353836302,0.838290559720538,"mr_y_smri__vol__dst__soa"
"co_longi1 - co_longi3","ses-02A",3.22700746476165,15.9320562111274,Inf,0.202548084314931,0.997060867397467,"mr_y_smri__vol__dst__soa"
"co_longi2 - co_longi3","ses-02A",-7.3696564702772,19.1403666238064,Inf,-0.385032147770407,0.980600241217128,"mr_y_smri__vol__dst__soa"
"co_longi0 - co_longi1","ses-04A",69.3311100991589,7.55334422539738,Inf,9.17886276995558,0.0000000000000465183447317941,"mr_y_smri__vol__dst__soa"
"co_longi0 - co_longi2","ses-04A",75.7951942750215,13.7108266194868,Inf,5.52812725144494,0.000000193796227621057,"mr_y_smri__vol__dst__soa"
"co_longi0 - co_longi3","ses-04A",81.1974330907034,17.2168221958773,Inf,4.7161684175461,0.0000142840192367544,"mr_y_smri__vol__dst__soa"
"co_longi1 - co_longi2","ses-04A",6.46408417586255,13.8223501920246,Inf,0.467654493343129,0.966133007836544,"mr_y_smri__vol__dst__soa"
"co_longi1 - co_longi3","ses-04A",11.8663229915444,17.1880385979353,Inf,0.690382612532059,0.900816074457338,"mr_y_smri__vol__dst__soa"
"co_longi2 - co_longi3","ses-04A",5.40223881568187,20.6764513895635,Inf,0.261274950614044,0.993755301459863,"mr_y_smri__vol__dst__soa"
"co_longi0 - co_longi1","ses-06A",45.8122559082744,7.39652982800123,Inf,6.19374990348066,0.0000000035231695338922,"mr_y_smri__vol__dst__soa"
"co_longi0 - co_longi2","ses-06A",52.8903415528169,12.7103681591775,Inf,4.16119666168973,0.000185514011197374,"mr_y_smri__vol__dst__soa"
"co_longi0 - co_longi3","ses-06A",53.4746278345454,15.9073407891753,Inf,3.3616321259009,0.00431074983148072,"mr_y_smri__vol__dst__soa"
"co_longi1 - co_longi2","ses-06A",7.07808564454249,12.6392166446113,Inf,0.560009836334294,0.943835408426383,"mr_y_smri__vol__dst__soa"
"co_longi1 - co_longi3","ses-06A",7.66237192627095,15.6785678055687,Inf,0.488716317797181,0.961633533993359,"mr_y_smri__vol__dst__soa"
"co_longi2 - co_longi3","ses-06A",0.584286281728458,18.8386860451023,Inf,0.0310152353688363,0.99998928792083,"mr_y_smri__vol__dst__soa"
"co_longi0 - co_longi1","ses-02A",101.028662875847,7.56926336966242,Inf,13.3472252109458,0,"mr_y_smri__vol__dst__sohs"
"co_longi0 - co_longi2","ses-02A",67.814177873724,14.1345444900767,Inf,4.79776181831212,0.00000954834412270067,"mr_y_smri__vol__dst__sohs"
"co_longi0 - co_longi3","ses-02A",135.458291574245,17.8383091297129,Inf,7.59367328984199,0.00000000000021183055309848,"mr_y_smri__vol__dst__sohs"
"co_longi1 - co_longi2","ses-02A",-33.2144850021231,14.3550560459413,Inf,-2.31378302500701,0.0948646604885481,"mr_y_smri__vol__dst__sohs"
"co_longi1 - co_longi3","ses-02A",34.4296286983981,17.9380911453537,Inf,1.9193585548993,0.219811329108825,"mr_y_smri__vol__dst__sohs"
"co_longi2 - co_longi3","ses-02A",67.6441137005212,21.5761968747692,Inf,3.13512682949342,0.00931028045291882,"mr_y_smri__vol__dst__sohs"
"co_longi0 - co_longi1","ses-04A",83.4265287225964,8.23726251156589,Inf,10.12794342847,0.0000000000000401900734914307,"mr_y_smri__vol__dst__sohs"
"co_longi0 - co_longi2","ses-04A",67.8821104830526,14.9951667598463,Inf,4.52693268239108,0.000035441899393418,"mr_y_smri__vol__dst__sohs"
"co_longi0 - co_longi3","ses-04A",127.92858506724,18.8203262527677,Inf,6.79736277411381,0.0000000000639532871105075,"mr_y_smri__vol__dst__sohs"
"co_longi1 - co_longi2","ses-04A",-15.5444182395438,15.1159007390402,Inf,-1.028348790317,0.732802351365897,"mr_y_smri__vol__dst__sohs"
"co_longi1 - co_longi3","ses-04A",44.5020563446433,18.7965581943037,Inf,2.3675640978852,0.0834072228611353,"mr_y_smri__vol__dst__sohs"
"co_longi2 - co_longi3","ses-04A",60.0464745841872,22.62261787498,Inf,2.65426728754487,0.0397119743298522,"mr_y_smri__vol__dst__sohs"
"co_longi0 - co_longi1","ses-06A",52.0685980582682,8.21534688043161,Inf,6.33796707748178,0.00000000139640310425904,"mr_y_smri__vol__dst__sohs"
"co_longi0 - co_longi2","ses-06A",34.0348752890667,14.3539695107928,Inf,2.3711124134321,0.0826921778815471,"mr_y_smri__vol__dst__sohs"
"co_longi0 - co_longi3","ses-06A",98.0374117520307,17.9824636570357,Inf,5.45183427709435,0.000000298393707298672,"mr_y_smri__vol__dst__sohs"
"co_longi1 - co_longi2","ses-06A",-18.0337227692014,14.3130447700806,Inf,-1.25995014051087,0.588546084274132,"mr_y_smri__vol__dst__sohs"
"co_longi1 - co_longi3","ses-06A",45.9688136937625,17.769864562495,Inf,2.58689724573276,0.0476754130543484,"mr_y_smri__vol__dst__sohs"
"co_longi2 - co_longi3","ses-06A",64.0025364629639,21.3777952895416,Inf,2.99387919081979,0.0146354175641156,"mr_y_smri__vol__dst__sohs"
"co_longi0 - co_longi1","ses-02A",120.92981722866,7.17047044363263,Inf,16.8649767374811,0,"mr_y_smri__vol__dst__soml"
"co_longi0 - co_longi2","ses-02A",113.825489986998,13.3661676879709,Inf,8.5159405930121,0.0000000000000373034936274053,"mr_y_smri__vol__dst__soml"
"co_longi0 - co_longi3","ses-02A",111.807328418396,16.8862521978535,Inf,6.62120446315542,0.000000000213758566403044,"mr_y_smri__vol__dst__soml"
"co_longi1 - co_longi2","ses-02A",-7.10432724166218,13.5690003833646,Inf,-0.523570420881702,0.953432895329697,"mr_y_smri__vol__dst__soml"
"co_longi1 - co_longi3","ses-02A",-9.12248881026459,16.9720807114153,Inf,-0.537499730609275,0.949888638160366,"mr_y_smri__vol__dst__soml"
"co_longi2 - co_longi3","ses-02A",-2.0181615686024,20.4074619368029,Inf,-0.0988933153398581,0.999653890223385,"mr_y_smri__vol__dst__soml"
"co_longi0 - co_longi1","ses-04A",117.83136787095,7.8781537552339,Inf,14.9567235588247,0,"mr_y_smri__vol__dst__soml"
"co_longi0 - co_longi2","ses-04A",120.894791550426,14.3081310371423,Inf,8.4493768778464,0.0000000000000395239396766556,"mr_y_smri__vol__dst__soml"
"co_longi0 - co_longi3","ses-04A",109.553524921009,17.960707850817,Inf,6.09962178723514,0.0000000063751599554962,"mr_y_smri__vol__dst__soml"
"co_longi1 - co_longi2","ses-04A",3.06342367947611,14.417192328325,Inf,0.212484068306247,0.996611990541537,"mr_y_smri__vol__dst__soml"
"co_longi1 - co_longi3","ses-04A",-8.27784294994136,17.9280982739509,Inf,-0.461724541189563,0.967338802538422,"mr_y_smri__vol__dst__soml"
"co_longi2 - co_longi3","ses-04A",-11.3412666294175,21.5738296024431,Inf,-0.525695569048766,0.952902074704989,"mr_y_smri__vol__dst__soml"
"co_longi0 - co_longi1","ses-06A",98.619904096771,7.82395037979931,Inf,12.604873409141,0,"mr_y_smri__vol__dst__soml"
"co_longi0 - co_longi2","ses-06A",98.8155114738859,13.5797957913922,Inf,7.27665665904359,0.00000000000208111305965986,"mr_y_smri__vol__dst__soml"
"co_longi0 - co_longi3","ses-06A",92.8439499111553,17.0082756522286,Inf,5.45875148131139,0.000000287009921162706,"mr_y_smri__vol__dst__soml"
"co_longi1 - co_longi2","ses-06A",0.195607377114916,13.5213022733219,Inf,0.0144666078134248,0.999998912645323,"mr_y_smri__vol__dst__soml"
"co_longi1 - co_longi3","ses-06A",-5.7759541856157,16.783139762017,Inf,-0.344152182935855,0.985992536642214,"mr_y_smri__vol__dst__soml"
"co_longi2 - co_longi3","ses-06A",-5.97156156273062,20.1839916360605,Inf,-0.295856323684849,0.99099792374615,"mr_y_smri__vol__dst__soml"
"co_longi0 - co_longi1","ses-02A",45.607486026784,3.13015184586676,Inf,14.5703749442721,0,"mr_y_smri__vol__dst__somo"
"co_longi0 - co_longi2","ses-02A",40.2955499356809,5.82740403296327,Inf,6.91483715694763,0.0000000000281316081540695,"mr_y_smri__vol__dst__somo"
"co_longi0 - co_longi3","ses-02A",49.698632131693,7.37819129020133,Inf,6.73588284403736,0.0000000000977785630240646,"mr_y_smri__vol__dst__somo"
"co_longi1 - co_longi2","ses-02A",-5.3119360911031,5.91416498946763,Inf,-0.898171779205174,0.805790628958337,"mr_y_smri__vol__dst__somo"
"co_longi1 - co_longi3","ses-02A",4.09114610490893,7.41249005165001,Inf,0.551926016278194,0.94605568550166,"mr_y_smri__vol__dst__somo"
"co_longi2 - co_longi3","ses-02A",9.40308219601203,8.90665263069512,Inf,1.05573694022893,0.716473167491522,"mr_y_smri__vol__dst__somo"
"co_longi0 - co_longi1","ses-04A",37.2595616556906,3.50233416062341,Inf,10.6384942004102,0.000000000000038968828164343,"mr_y_smri__vol__dst__somo"
"co_longi0 - co_longi2","ses-04A",42.2301888421086,6.35456053858313,Inf,6.645650566345,0.000000000181125336951027,"mr_y_smri__vol__dst__somo"
"co_longi0 - co_longi3","ses-04A",37.0344339919987,7.97900753932103,Inf,4.64148376969075,0.0000205330576921181,"mr_y_smri__vol__dst__somo"
"co_longi1 - co_longi2","ses-04A",4.97062718641798,6.40459508317512,Inf,0.776103269896926,0.865306355732261,"mr_y_smri__vol__dst__somo"
"co_longi1 - co_longi3","ses-04A",-0.225127663691855,7.96419026287319,Inf,-0.0282674893819824,0.999991889702782,"mr_y_smri__vol__dst__somo"
"co_longi2 - co_longi3","ses-04A",-5.19575485010984,9.5810602455419,Inf,-0.542294351246506,0.948633102442977,"mr_y_smri__vol__dst__somo"
"co_longi0 - co_longi1","ses-06A",24.498175207544,3.44013475363227,Inf,7.12128360136985,0.00000000000644417852413426,"mr_y_smri__vol__dst__somo"
"co_longi0 - co_longi2","ses-06A",23.3926271086902,5.91862433922525,Inf,3.95237571569754,0.000449391790237508,"mr_y_smri__vol__dst__somo"
"co_longi0 - co_longi3","ses-06A",23.5277003583246,7.4084701207398,Inf,3.17578393040413,0.00814118420802135,"mr_y_smri__vol__dst__somo"
"co_longi1 - co_longi2","ses-06A",-1.10554809885375,5.88541811860752,Inf,-0.187845294348487,0.997650542219123,"mr_y_smri__vol__dst__somo"
"co_longi1 - co_longi3","ses-06A",-0.970474849219364,7.30158739220954,Inf,-0.132912858134769,0.999162217738525,"mr_y_smri__vol__dst__somo"
"co_longi2 - co_longi3","ses-06A",0.135073249634386,8.77480826328086,Inf,0.0153932992700951,0.999998690028838,"mr_y_smri__vol__dst__somo"
"co_longi0 - co_longi1","ses-02A",101.337265286129,8.11737066187181,Inf,12.4840012249436,0,"mr_y_smri__vol__dst__sost"
"co_longi0 - co_longi2","ses-02A",100.201512742774,15.1230738582585,Inf,6.62573718027931,0.000000000207301731336429,"mr_y_smri__vol__dst__sost"
"co_longi0 - co_longi3","ses-02A",125.557669064111,19.114855936799,Inf,6.56859091584329,0.000000000304724356858799,"mr_y_smri__vol__dst__sost"
"co_longi1 - co_longi2","ses-02A",-1.1357525433553,15.3506274113434,Inf,-0.0739873695661475,0.999854826741179,"mr_y_smri__vol__dst__sost"
"co_longi1 - co_longi3","ses-02A",24.2204037779819,19.2088923851942,Inf,1.2608953859646,0.58794080634669,"mr_y_smri__vol__dst__sost"
"co_longi2 - co_longi3","ses-02A",25.3561563213372,23.0935543832447,Inf,1.09797547404544,0.690777754430961,"mr_y_smri__vol__dst__sost"
"co_longi0 - co_longi1","ses-04A",87.4977247585415,8.95517877365752,Inf,9.77062847878862,0.0000000000000432986979603811,"mr_y_smri__vol__dst__sost"
"co_longi0 - co_longi2","ses-04A",97.1655311521913,16.2539698516612,Inf,5.97795689538951,0.0000000135460587191716,"mr_y_smri__vol__dst__sost"
"co_longi0 - co_longi3","ses-04A",125.450373228264,20.4046004340119,Inf,6.14814162296235,0.00000000470110106398636,"mr_y_smri__vol__dst__sost"
"co_longi1 - co_longi2","ses-04A",9.66780639364979,16.3767506396475,Inf,0.590337277911797,0.935039988751752,"mr_y_smri__vol__dst__sost"
"co_longi1 - co_longi3","ses-04A",37.9526484697227,20.3649408757479,Inf,1.86362674467273,0.243852294889276,"mr_y_smri__vol__dst__sost"
"co_longi2 - co_longi3","ses-04A",28.2848420760729,24.5045441770329,Inf,1.15426926009026,0.655753346060162,"mr_y_smri__vol__dst__sost"
"co_longi0 - co_longi1","ses-06A",50.9585858921084,8.87462785398923,Inf,5.74205327034666,0.0000000560454656017839,"mr_y_smri__vol__dst__sost"
"co_longi0 - co_longi2","ses-06A",61.0195087478882,15.3658591140688,Inf,3.97110947685441,0.000415850242492577,"mr_y_smri__vol__dst__sost"
"co_longi0 - co_longi3","ses-06A",69.9373605089429,19.2429408913831,Inf,3.63444241208788,0.00158703098402735,"mr_y_smri__vol__dst__sost"
"co_longi1 - co_longi2","ses-06A",10.0609228557798,15.2924304573444,Inf,0.657902148637719,0.912797985003336,"mr_y_smri__vol__dst__sost"
"co_longi1 - co_longi3","ses-06A",18.9787746168345,18.9795654706112,Inf,0.999958331302267,0.749412492652538,"mr_y_smri__vol__dst__sost"
"co_longi2 - co_longi3","ses-06A",8.9178517610547,22.8219931591309,Inf,0.390756920259909,0.979755322679833,"mr_y_smri__vol__dst__sost"
"co_longi0 - co_longi1","ses-02A",147.783334839884,7.02627962790234,Inf,21.0329424199139,0,"mr_y_smri__vol__dst__sotl"
"co_longi0 - co_longi2","ses-02A",139.102314422829,13.0806769357292,Inf,10.6341831624079,0.0000000000000396349619791181,"mr_y_smri__vol__dst__sotl"
"co_longi0 - co_longi3","ses-02A",155.488311811139,16.5595375199454,Inf,9.38965303975782,0.0000000000000380806497446429,"mr_y_smri__vol__dst__sotl"
"co_longi1 - co_longi2","ses-02A",-8.68102041705455,13.2753679235233,Inf,-0.653919384160513,0.914210005472518,"mr_y_smri__vol__dst__sotl"
"co_longi1 - co_longi3","ses-02A",7.70497697125487,16.6365722777298,Inf,0.46313488395497,0.967054436527787,"mr_y_smri__vol__dst__sotl"
"co_longi2 - co_longi3","ses-02A",16.3859973883094,19.990901706162,Inf,0.819672750592265,0.845201113553054,"mr_y_smri__vol__dst__sotl"
"co_longi0 - co_longi1","ses-04A",132.158202940855,7.85354306830331,Inf,16.827844679969,0,"mr_y_smri__vol__dst__sotl"
"co_longi0 - co_longi2","ses-04A",133.698825897417,14.2482571283492,Inf,9.38352141550014,0.0000000000000380806497446429,"mr_y_smri__vol__dst__sotl"
"co_longi0 - co_longi3","ses-04A",149.211742826269,17.8903295328032,Inf,8.34035742900531,0.000000000000042632564145606,"mr_y_smri__vol__dst__sotl"
"co_longi1 - co_longi2","ses-04A",1.54062295656139,14.3596776406258,Inf,0.107288129658477,0.999558341661567,"mr_y_smri__vol__dst__sotl"
"co_longi1 - co_longi3","ses-04A",17.0535398854131,17.8564756782094,Inf,0.955033915579646,0.774952828859381,"mr_y_smri__vol__dst__sotl"
"co_longi2 - co_longi3","ses-04A",15.5129169288517,21.4819511101655,Inf,0.722137242064144,0.888308603540259,"mr_y_smri__vol__dst__sotl"
"co_longi0 - co_longi1","ses-06A",102.322440203043,7.71979608613718,Inf,13.2545522007748,0,"mr_y_smri__vol__dst__sotl"
"co_longi0 - co_longi2","ses-06A",110.969400436839,13.2863052859081,Inf,8.35216398004475,0.0000000000000420774526332934,"mr_y_smri__vol__dst__sotl"
"co_longi0 - co_longi3","ses-06A",118.385769666016,16.6313972407759,Inf,7.11820948968525,0.00000000000658928467345277,"mr_y_smri__vol__dst__sotl"
"co_longi1 - co_longi2","ses-06A",8.64696023379693,13.2119788739657,Inf,0.654478811711987,0.914012428537547,"mr_y_smri__vol__dst__sotl"
"co_longi1 - co_longi3","ses-06A",16.0633294629737,16.3915938400639,Inf,0.979973614506728,0.760892654445637,"mr_y_smri__vol__dst__sotl"
"co_longi2 - co_longi3","ses-06A",7.41636922917675,19.6997454812635,Inf,0.376470307001199,0.981821963863392,"mr_y_smri__vol__dst__sotl"
"co_longi0 - co_longi1","ses-02A",174.832724613874,9.05997300674315,Inf,19.2972677163331,0,"mr_y_smri__vol__dst__sotml"
"co_longi0 - co_longi2","ses-02A",148.265657083107,16.8996854627707,Inf,8.77327908911265,0.0000000000000311972669919669,"mr_y_smri__vol__dst__sotml"
"co_longi0 - co_longi3","ses-02A",178.632945541967,21.3405923343328,Inf,8.37057110427912,0.0000000000000416333634234434,"mr_y_smri__vol__dst__sotml"
"co_longi1 - co_longi2","ses-02A",-26.5670675307672,17.158867449086,Inf,-1.54829959550636,0.408576698984555,"mr_y_smri__vol__dst__sotml"
"co_longi1 - co_longi3","ses-02A",3.80022092809249,21.453269878476,Inf,0.177139473358569,0.99802690773351,"mr_y_smri__vol__dst__sotml"
"co_longi2 - co_longi3","ses-02A",30.3672884588597,25.7994692521553,Inf,1.17705089829795,0.641385640781595,"mr_y_smri__vol__dst__sotml"
"co_longi0 - co_longi1","ses-04A",159.332412515721,9.91348941863738,Inf,16.0722835106049,0,"mr_y_smri__vol__dst__sotml"
"co_longi0 - co_longi2","ses-04A",155.890080243759,18.0199958499335,Inf,8.65094984160797,0.0000000000000343058914609173,"mr_y_smri__vol__dst__sotml"
"co_longi0 - co_longi3","ses-04A",189.32361387547,22.618682303026,Inf,8.3702317994953,0.0000000000000420774526332934,"mr_y_smri__vol__dst__sotml"
"co_longi1 - co_longi2","ses-04A",-3.44233227196267,18.1598414678944,Inf,-0.189557396635236,0.997586296275511,"mr_y_smri__vol__dst__sotml"
"co_longi1 - co_longi3","ses-04A",29.9912013597488,22.5819996510193,Inf,1.32810210890226,0.544925211533365,"mr_y_smri__vol__dst__sotml"
"co_longi2 - co_longi3","ses-04A",33.4335336317115,27.1760100803686,Inf,1.23025909737438,0.60753931287952,"mr_y_smri__vol__dst__sotml"
"co_longi0 - co_longi1","ses-06A",110.917038438996,9.86437880567552,Inf,11.2441990138476,0.000000000000007105427357601,"mr_y_smri__vol__dst__sotml"
"co_longi0 - co_longi2","ses-06A",116.640068567652,17.1672892550008,Inf,6.79432068948656,0.0000000000653163079178398,"mr_y_smri__vol__dst__sotml"
"co_longi0 - co_longi3","ses-06A",130.022837280414,21.5039352652009,Inf,6.04646710831694,0.00000000887708773156248,"mr_y_smri__vol__dst__sotml"
"co_longi1 - co_longi2","ses-06A",5.72303012865626,17.1030304635073,Inf,0.334620822951083,0.987093435234205,"mr_y_smri__vol__dst__sotml"
"co_longi1 - co_longi3","ses-06A",19.1057988414179,21.2310123384199,Inf,0.899900510483141,0.804879830603215,"mr_y_smri__vol__dst__sotml"
"co_longi2 - co_longi3","ses-06A",13.3827687127617,25.5369124582953,Inf,0.524055863629454,0.953311955162357,"mr_y_smri__vol__dst__sotml"
"co_longi0 - co_longi1","ses-02A",66.0314923325942,7.18454281143942,Inf,9.19077164206707,0.000000000000046296300126869,"mr_y_smri__vol__dst__spc"
"co_longi0 - co_longi2","ses-02A",63.1779637815417,13.3775544556958,Inf,4.72268410424166,0.0000138352482106363,"mr_y_smri__vol__dst__spc"
"co_longi0 - co_longi3","ses-02A",89.5295042532116,16.9464469913339,Inf,5.28308407650262,0.000000759605583766643,"mr_y_smri__vol__dst__spc"
"co_longi1 - co_longi2","ses-02A",-2.85352855105248,13.577341603956,Inf,-0.210168428716639,0.996720355677388,"mr_y_smri__vol__dst__spc"
"co_longi1 - co_longi3","ses-02A",23.4980119206174,17.0254881844721,Inf,1.38016670453235,0.511814108264557,"mr_y_smri__vol__dst__spc"
"co_longi2 - co_longi3","ses-02A",26.3515404716698,20.4539666145292,Inf,1.2883339925348,0.570366196430728,"mr_y_smri__vol__dst__spc"
"co_longi0 - co_longi1","ses-04A",50.6866096753088,8.07190231705116,Inf,6.27938838757228,0.00000000203860028857861,"mr_y_smri__vol__dst__spc"
"co_longi0 - co_longi2","ses-04A",48.631964563883,14.6521667931799,Inf,3.31909711719359,0.00500215411652694,"mr_y_smri__vol__dst__spc"
"co_longi0 - co_longi3","ses-04A",77.4375832882726,18.3988792313837,Inf,4.20882067404324,0.000150683923404005,"mr_y_smri__vol__dst__spc"
"co_longi1 - co_longi2","ses-04A",-2.05464511142574,14.7713746620233,Inf,-0.139096404934347,0.999040368786162,"mr_y_smri__vol__dst__spc"
"co_longi1 - co_longi3","ses-04A",26.7509736129638,18.3681451171055,Inf,1.45637860776981,0.464131118760222,"mr_y_smri__vol__dst__spc"
"co_longi2 - co_longi3","ses-04A",28.8056187243896,22.0960607318097,Inf,1.30365403471763,0.560557097599305,"mr_y_smri__vol__dst__spc"
"co_longi0 - co_longi1","ses-06A",21.3979428675437,7.90416506486157,Inf,2.70717307798511,0.0342798013032986,"mr_y_smri__vol__dst__spc"
"co_longi0 - co_longi2","ses-06A",27.6132487134935,13.5826135803945,Inf,2.03298492959788,0.175844094022826,"mr_y_smri__vol__dst__spc"
"co_longi0 - co_longi3","ses-06A",44.6099730645858,16.998960339973,Inf,2.62427655411875,0.0431051881015067,"mr_y_smri__vol__dst__spc"
"co_longi1 - co_longi2","ses-06A",6.21530584594983,13.5065857508305,Inf,0.460168540044819,0.967650794455809,"mr_y_smri__vol__dst__spc"
"co_longi1 - co_longi3","ses-06A",23.2120301970421,16.7544998640862,Inf,1.3854206562619,0.508492152756812,"mr_y_smri__vol__dst__spc"
"co_longi2 - co_longi3","ses-06A",16.9967243510923,20.1314569564397,Inf,0.844286848580788,0.833268355242119,"mr_y_smri__vol__dst__spc"
"co_longi0 - co_longi1","ses-02A",205.910257221009,16.1335545290636,Inf,12.7628574874851,0,"mr_y_smri__vol__dst__spct"
"co_longi0 - co_longi2","ses-02A",172.056621379801,30.0644867911939,Inf,5.72291895666741,0.0000000627373153427868,"mr_y_smri__vol__dst__spct"
"co_longi0 - co_longi3","ses-02A",271.855172398638,37.9919146758994,Inf,7.15560599453262,0.00000000000502731190010763,"mr_y_smri__vol__dst__spct"
"co_longi1 - co_longi2","ses-02A",-33.8536358412079,30.5184833694709,Inf,-1.10928303452567,0.683806548077135,"mr_y_smri__vol__dst__spct"
"co_longi1 - co_longi3","ses-02A",65.9449151776292,38.1814657312982,Inf,1.72714467385082,0.309468758509123,"mr_y_smri__vol__dst__spct"
"co_longi2 - co_longi3","ses-02A",99.798551018837,45.9061636412251,Inf,2.17396844133617,0.130494322824256,"mr_y_smri__vol__dst__spct"
"co_longi0 - co_longi1","ses-04A",188.589947856819,17.7655962408154,Inf,10.615458400633,0.0000000000000375255382323303,"mr_y_smri__vol__dst__spct"
"co_longi0 - co_longi2","ses-04A",181.891090198157,32.2534972949894,Inf,5.63942224728645,0.000000102202593943446,"mr_y_smri__vol__dst__spct"
"co_longi0 - co_longi3","ses-04A",228.988693860116,40.4885940511738,Inf,5.65563461084115,0.000000093012822000027,"mr_y_smri__vol__dst__spct"
"co_longi1 - co_longi2","ses-04A",-6.6988576586625,32.4978554826498,Inf,-0.206132298860118,0.996903756234328,"mr_y_smri__vol__dst__spct"
"co_longi1 - co_longi3","ses-04A",40.3987460032966,40.4119155093373,Inf,0.999674118242734,0.749577027142501,"mr_y_smri__vol__dst__spct"
"co_longi2 - co_longi3","ses-04A",47.0976036619591,48.6279776165507,Inf,0.968528940959479,0.767382691512594,"mr_y_smri__vol__dst__spct"
"co_longi0 - co_longi1","ses-06A",124.71239654564,17.6232638849918,Inf,7.07657771905957,0.00000000000889477380638937,"mr_y_smri__vol__dst__spct"
"co_longi0 - co_longi2","ses-06A",130.172329334723,30.5464634177941,Inf,4.26145336546207,0.000119428327191584,"mr_y_smri__vol__dst__spct"
"co_longi0 - co_longi3","ses-06A",167.544789099058,38.2560166497039,Inf,4.37956702688635,0.000070170261179503,"mr_y_smri__vol__dst__spct"
"co_longi1 - co_longi2","ses-06A",5.45993278908244,30.4066611205251,Inf,0.179563707025921,0.997945450707978,"mr_y_smri__vol__dst__spct"
"co_longi1 - co_longi3","ses-06A",42.8323925534181,37.7397592487458,Inf,1.13494079999574,0.667863938007142,"mr_y_smri__vol__dst__spct"
"co_longi2 - co_longi3","ses-06A",37.3724597643356,45.3833919582695,Inf,0.823483176372096,0.843380342279576,"mr_y_smri__vol__dst__spct"
"co_longi0 - co_longi1","ses-02A",252.822695718865,13.0761133905586,Inf,19.3346974110374,0,"mr_y_smri__vol__dst__spo"
"co_longi0 - co_longi2","ses-02A",223.738206021808,24.487747839004,Inf,9.13674085068121,0.0000000000000490718576884319,"mr_y_smri__vol__dst__spo"
"co_longi0 - co_longi3","ses-02A",305.018784910076,30.8698572491433,Inf,9.88079674124639,0.0000000000000370814490224802,"mr_y_smri__vol__dst__spo"
"co_longi1 - co_longi2","ses-02A",-29.0844896970566,24.8867037318701,Inf,-1.16867585239144,0.646678183159715,"mr_y_smri__vol__dst__spo"
"co_longi1 - co_longi3","ses-02A",52.1960891912113,31.067119138041,Inf,1.68010715635678,0.334195563349012,"mr_y_smri__vol__dst__spo"
"co_longi2 - co_longi3","ses-02A",81.2805788882679,37.3811500188004,Inf,2.17437341674584,0.13037815755667,"mr_y_smri__vol__dst__spo"
"co_longi0 - co_longi1","ses-04A",244.239917443357,14.0739023053186,Inf,17.3541006712159,0,"mr_y_smri__vol__dst__spo"
"co_longi0 - co_longi2","ses-04A",247.145283788735,25.7259412383327,Inf,9.60685097968267,0.0000000000000299760216648792,"mr_y_smri__vol__dst__spo"
"co_longi0 - co_longi3","ses-04A",305.237519799982,32.2831536456621,Inf,9.45500935720996,0.0000000000000348610029732299,"mr_y_smri__vol__dst__spo"
"co_longi1 - co_longi2","ses-04A",2.90536634537825,25.9574167401494,Inf,0.111928177386172,0.999498715576669,"mr_y_smri__vol__dst__spo"
"co_longi1 - co_longi3","ses-04A",60.9976023566254,32.2766584431699,Inf,1.8898363492003,0.232343610702685,"mr_y_smri__vol__dst__spo"
"co_longi2 - co_longi3","ses-04A",58.0922360112471,38.8541526936037,Inf,1.49513583449757,0.440400379310927,"mr_y_smri__vol__dst__spo"
"co_longi0 - co_longi1","ses-06A",201.224476020736,14.0886903459556,Inf,14.2826956288738,0,"mr_y_smri__vol__dst__spo"
"co_longi0 - co_longi2","ses-06A",203.246512909105,24.8435458949962,Inf,8.18105892645708,0.0000000000000486277684785819,"mr_y_smri__vol__dst__spo"
"co_longi0 - co_longi3","ses-06A",243.438949458759,31.1314200684645,Inf,7.81971875755702,0.0000000000000545119505090952,"mr_y_smri__vol__dst__spo"
"co_longi1 - co_longi2","ses-06A",2.02203688836875,24.8286870478753,Inf,0.0814395414654752,0.999806477583197,"mr_y_smri__vol__dst__spo"
"co_longi1 - co_longi3","ses-06A",42.2144734380233,30.8323429611344,Inf,1.36916203517963,0.518785325656663,"mr_y_smri__vol__dst__spo"
"co_longi2 - co_longi3","ses-06A",40.1924365496545,37.1052088726039,Inf,1.08320200238328,0.699829796879292,"mr_y_smri__vol__dst__spo"
"co_longi0 - co_longi1","ses-02A",101.714999986694,12.7415854847696,Inf,7.9829154784761,0.0000000000000625055562863963,"mr_y_smri__vol__dst__sprip"
"co_longi0 - co_longi2","ses-02A",85.3826240341456,23.7239404002533,Inf,3.59900685103871,0.00181492473157885,"mr_y_smri__vol__dst__sprip"
"co_longi0 - co_longi3","ses-02A",164.569251549933,30.0117453301649,Inf,5.48349486974102,0.000000249633835491814,"mr_y_smri__vol__dst__sprip"
"co_longi1 - co_longi2","ses-02A",-16.332375952548,24.0776167337011,Inf,-0.678321950763832,0.905361827690311,"mr_y_smri__vol__dst__sprip"
"co_longi1 - co_longi3","ses-02A",62.8542515632395,30.1534513557995,Inf,2.08447951186691,0.158124652138699,"mr_y_smri__vol__dst__sprip"
"co_longi2 - co_longi3","ses-02A",79.1866275157875,36.24147583723,Inf,2.18497248487991,0.127365630838365,"mr_y_smri__vol__dst__sprip"
"co_longi0 - co_longi1","ses-04A",92.6572374440426,14.1586856994885,Inf,6.54419763321606,0.00000000035883940263659,"mr_y_smri__vol__dst__sprip"
"co_longi0 - co_longi2","ses-04A",86.2161302665653,25.6845300394752,Inf,3.35673380568216,0.00438565973650529,"mr_y_smri__vol__dst__sprip"
"co_longi0 - co_longi3","ses-04A",162.686395260935,32.2470087084079,Inf,5.04500732864929,0.00000270677248559448,"mr_y_smri__vol__dst__sprip"
"co_longi1 - co_longi2","ses-04A",-6.44110717747726,25.8799426614246,Inf,-0.248884136326858,0.994589543739626,"mr_y_smri__vol__dst__sprip"
"co_longi1 - co_longi3","ses-04A",70.0291578168927,32.1823994339496,Inf,2.17600797481303,0.129910087799164,"mr_y_smri__vol__dst__sprip"
"co_longi2 - co_longi3","ses-04A",76.4702649943699,38.7197594213144,Inf,1.97496746202082,0.197449055897153,"mr_y_smri__vol__dst__sprip"
"co_longi0 - co_longi1","ses-06A",54.6566824469755,13.9720079088375,Inf,3.91187027688441,0.000530804179430522,"mr_y_smri__vol__dst__sprip"
"co_longi0 - co_longi2","ses-06A",53.584689532211,24.1030496455229,Inf,2.22314978064048,0.116952246506355,"mr_y_smri__vol__dst__sprip"
"co_longi0 - co_longi3","ses-06A",107.583339725089,30.177693278303,Inf,3.56499546645067,0.0020618514480879,"mr_y_smri__vol__dst__sprip"
"co_longi1 - co_longi2","ses-06A",-1.07199291476449,23.9737386952073,Inf,-0.0447152998701367,0.999967911602943,"mr_y_smri__vol__dst__sprip"
"co_longi1 - co_longi3","ses-06A",52.9266572781134,29.7482614707237,Inf,1.77915127343493,0.283361765956924,"mr_y_smri__vol__dst__sprip"
"co_longi2 - co_longi3","ses-06A",53.9986501928779,35.7606793858168,Inf,1.5100006800848,0.431411979359548,"mr_y_smri__vol__dst__sprip"
"co_longi0 - co_longi1","ses-02A",40.1553649295757,4.77281121467132,Inf,8.41335706012018,0.0000000000000406341627012807,"mr_y_smri__vol__dst__sso"
"co_longi0 - co_longi2","ses-02A",30.8089775249689,8.90099803376775,Inf,3.46129472314102,0.00301951151959767,"mr_y_smri__vol__dst__sso"
"co_longi0 - co_longi3","ses-02A",40.2553841713494,11.2931111776333,Inf,3.5645964639999,0.0020649245112998,"mr_y_smri__vol__dst__sso"
"co_longi1 - co_longi2","ses-02A",-9.3463874046068,9.0376413688146,Inf,-1.03416223583042,0.729360259711104,"mr_y_smri__vol__dst__sso"
"co_longi1 - co_longi3","ses-02A",0.100019241773655,11.3495776542847,Inf,0.0088125959238576,0.999999754187417,"mr_y_smri__vol__dst__sso"
"co_longi2 - co_longi3","ses-02A",9.44640664638046,13.6284015971663,Inf,0.6931412006779,0.89976040700478,"mr_y_smri__vol__dst__sso"
"co_longi0 - co_longi1","ses-04A",30.9171673429924,5.42555778105453,Inf,5.69843112738599,0.0000000724418685038586,"mr_y_smri__vol__dst__sso"
"co_longi0 - co_longi2","ses-04A",36.7479621319977,9.8776333766901,Inf,3.72032051915573,0.00114030127372688,"mr_y_smri__vol__dst__sso"
"co_longi0 - co_longi3","ses-04A",36.4470918189008,12.4054240148133,Inf,2.93799645827337,0.0173992058291861,"mr_y_smri__vol__dst__sso"
"co_longi1 - co_longi2","ses-04A",5.83079478900532,9.97010384070395,Inf,0.584827889675583,0.936692554418449,"mr_y_smri__vol__dst__sso"
"co_longi1 - co_longi3","ses-04A",5.52992447590842,12.3970265429299,Inf,0.446068616273326,0.970395043346633,"mr_y_smri__vol__dst__sso"
"co_longi2 - co_longi3","ses-04A",-0.300870313096892,14.9114181616052,Inf,-0.0201771762977978,0.999997050013353,"mr_y_smri__vol__dst__sso"
"co_longi0 - co_longi1","ses-06A",20.337415964864,5.25821805406642,Inf,3.86773917622836,0.000635169022300985,"mr_y_smri__vol__dst__sso"
"co_longi0 - co_longi2","ses-06A",20.1815970952277,9.02346314377072,Inf,2.23656890638046,0.113451905406479,"mr_y_smri__vol__dst__sso"
"co_longi0 - co_longi3","ses-06A",32.1801851434605,11.2872927868347,Inf,2.85101004742208,0.0226211397580026,"mr_y_smri__vol__dst__sso"
"co_longi1 - co_longi2","ses-06A",-0.155818869636278,8.98037621946946,Inf,-0.0173510402936642,0.999998124000529,"mr_y_smri__vol__dst__sso"
"co_longi1 - co_longi3","ses-06A",11.8427691785966,11.1355885274299,Inf,1.0635063561683,0.711790858795744,"mr_y_smri__vol__dst__sso"
"co_longi2 - co_longi3","ses-06A",11.9985880482328,13.3729667547726,Inf,0.897227090163125,0.806287606481769,"mr_y_smri__vol__dst__sso"
"co_longi0 - co_longi1","ses-02A",127.725474487951,8.39933869732517,Inf,15.206610792898,0,"mr_y_smri__vol__dst__ssp"
"co_longi0 - co_longi2","ses-02A",112.558435416069,15.6500281039883,Inf,7.19221937929842,0.00000000000385302900696161,"mr_y_smri__vol__dst__ssp"
"co_longi0 - co_longi3","ses-02A",156.364897692308,19.7788769981879,Inf,7.9056509480611,0.0000000000000732747196252603,"mr_y_smri__vol__dst__ssp"
"co_longi1 - co_longi2","ses-02A",-15.1670390718814,15.8858966041908,Inf,-0.954748696266867,0.775111836079,"mr_y_smri__vol__dst__ssp"
"co_longi1 - co_longi3","ses-02A",28.6394232043574,19.8768146659084,Inf,1.4408457132459,0.473750361466143,"mr_y_smri__vol__dst__ssp"
"co_longi2 - co_longi3","ses-02A",43.8064622762387,23.8973351156862,Inf,1.83311076587298,0.257702345099001,"mr_y_smri__vol__dst__ssp"
"co_longi0 - co_longi1","ses-04A",111.558074264145,9.25807735387195,Inf,12.0498101279623,0,"mr_y_smri__vol__dst__ssp"
"co_longi0 - co_longi2","ses-04A",105.797498019017,16.805691983723,Inf,6.29533720607794,0.00000000183966197830898,"mr_y_smri__vol__dst__ssp"
"co_longi0 - co_longi3","ses-04A",148.216058922639,21.096917408292,Inf,7.02548415269349,0.0000000000128280719380314,"mr_y_smri__vol__dst__ssp"
"co_longi1 - co_longi2","ses-04A",-5.76057624512747,16.9327869703603,Inf,-0.340202487352553,0.98645570448609,"mr_y_smri__vol__dst__ssp"
"co_longi1 - co_longi3","ses-04A",36.6579846584938,21.0563734523298,Inf,1.74094483750894,0.302412525470206,"mr_y_smri__vol__dst__ssp"
"co_longi2 - co_longi3","ses-04A",42.4185609036213,25.3368908087847,Inf,1.67418177801493,0.337382650003945,"mr_y_smri__vol__dst__ssp"
"co_longi0 - co_longi1","ses-06A",81.3378482576915,9.17915696490049,Inf,8.86114580769382,0.0000000000000293098878501041,"mr_y_smri__vol__dst__ssp"
"co_longi0 - co_longi2","ses-06A",80.2182755432138,15.9011382420582,Inf,5.04481341662939,0.00000270951388336993,"mr_y_smri__vol__dst__ssp"
"co_longi0 - co_longi3","ses-06A",95.3223774512769,19.9138101179459,Inf,4.78674733196208,0.0000100857480728189,"mr_y_smri__vol__dst__ssp"
"co_longi1 - co_longi2","ses-06A",-1.11957271447768,15.8266324501526,Inf,-0.0707397936992522,0.999873094120061,"mr_y_smri__vol__dst__ssp"
"co_longi1 - co_longi3","ses-06A",13.9845291935854,19.6430124121911,Inf,0.711934040468567,0.892411944425887,"mr_y_smri__vol__dst__ssp"
"co_longi2 - co_longi3","ses-06A",15.1041019080631,23.6205449496563,Inf,0.639447647810635,0.919234744538392,"mr_y_smri__vol__dst__ssp"
"co_longi0 - co_longi1","ses-02A",133.934851182337,8.34564299673844,Inf,16.048475981381,0,"mr_y_smri__vol__dst__sti"
"co_longi0 - co_longi2","ses-02A",120.397869716494,15.5383979227663,Inf,7.74840947663538,0.0000000000000790478793533111,"mr_y_smri__vol__dst__sti"
"co_longi0 - co_longi3","ses-02A",171.739589372254,19.6586850470289,Inf,8.73606698318866,0.0000000000000321964677141295,"mr_y_smri__vol__dst__sti"
"co_longi1 - co_longi2","ses-02A",-13.5369814658436,15.7699137832483,Inf,-0.858405546910688,0.82624437510021,"mr_y_smri__vol__dst__sti"
"co_longi1 - co_longi3","ses-02A",37.8047381899162,19.7512129003884,Inf,1.91404641226731,0.22203258349851,"mr_y_smri__vol__dst__sti"
"co_longi2 - co_longi3","ses-02A",51.3417196557598,23.7382441801082,Inf,2.16282717736901,0.133720936430467,"mr_y_smri__vol__dst__sti"
"co_longi0 - co_longi1","ses-04A",115.33497262167,9.28151886027864,Inf,12.4263037502687,0,"mr_y_smri__vol__dst__sti"
"co_longi0 - co_longi2","ses-04A",115.338666769227,16.836862744052,Inf,6.85036568406861,0.0000000000442228476060791,"mr_y_smri__vol__dst__sti"
"co_longi0 - co_longi3","ses-04A",159.742149418925,21.1390051813136,Inf,7.55674867614551,0.000000000000273336908662714,"mr_y_smri__vol__dst__sti"
"co_longi1 - co_longi2","ses-04A",0.00369414755710396,16.9653096637734,Inf,0.00021774713402327,0.999999999996316,"mr_y_smri__vol__dst__sti"
"co_longi1 - co_longi3","ses-04A",44.4071767972549,21.0967980181546,Inf,2.10492496344899,0.151462702296116,"mr_y_smri__vol__dst__sti"
"co_longi2 - co_longi3","ses-04A",44.4034826496978,25.3819754804363,Inf,1.74941003642221,0.298129725162161,"mr_y_smri__vol__dst__sti"
"co_longi0 - co_longi1","ses-06A",80.574884212699,9.15432762549179,Inf,8.80183531866661,0.0000000000000304201108747293,"mr_y_smri__vol__dst__sti"
"co_longi0 - co_longi2","ses-06A",76.2400520997199,15.7863051801267,Inf,4.82950577920527,0.00000814896331335913,"mr_y_smri__vol__dst__sti"
"co_longi0 - co_longi3","ses-06A",126.181831597962,19.7643403031375,Inf,6.3843179009588,0.00000000103265851425505,"mr_y_smri__vol__dst__sti"
"co_longi1 - co_longi2","ses-06A",-4.33483211297912,15.7008825070692,Inf,-0.276088437132588,0.992653610516317,"mr_y_smri__vol__dst__sti"
"co_longi1 - co_longi3","ses-06A",45.6069473852631,19.482284218843,Inf,2.3409445665079,0.0889311774732356,"mr_y_smri__vol__dst__sti"
"co_longi2 - co_longi3","ses-06A",49.9417794982423,23.4190612741576,Inf,2.13252695800202,0.142799801341565,"mr_y_smri__vol__dst__sti"
"co_longi0 - co_longi1","ses-02A",741.605293232727,32.2782769726374,Inf,22.9753680427674,0,"mr_y_smri__vol__dst__sts"
"co_longi0 - co_longi2","ses-02A",675.368293943488,60.3546169779731,Inf,11.190002153273,0.00000000000000976996261670138,"mr_y_smri__vol__dst__sts"
"co_longi0 - co_longi3","ses-02A",896.483153980964,76.1264828783579,Inf,11.7762323975147,0,"mr_y_smri__vol__dst__sts"
"co_longi1 - co_longi2","ses-02A",-66.236999289239,61.3154093755497,Inf,-1.08026677084622,0.701620328536487,"mr_y_smri__vol__dst__sts"
"co_longi1 - co_longi3","ses-02A",154.877860748237,76.5804440235119,Inf,2.02242051117758,0.17964778004654,"mr_y_smri__vol__dst__sts"
"co_longi2 - co_longi3","ses-02A",221.114860037476,92.128601924413,Inf,2.40006746459574,0.0770399320347257,"mr_y_smri__vol__dst__sts"
"co_longi0 - co_longi1","ses-04A",707.985944842555,34.9349707267466,Inf,20.2658233315912,0,"mr_y_smri__vol__dst__sts"
"co_longi0 - co_longi2","ses-04A",714.226104586851,63.7141294461716,Inf,11.2098542473261,0.00000000000000888178419700125,"mr_y_smri__vol__dst__sts"
"co_longi0 - co_longi3","ses-04A",902.540230527251,79.9605224575353,Inf,11.2873228286692,0.00000000000000621724893790088,"mr_y_smri__vol__dst__sts"
"co_longi1 - co_longi2","ses-04A",6.24015974429622,64.2533270166342,Inf,0.0971180798572616,0.999672153957778,"mr_y_smri__vol__dst__sts"
"co_longi1 - co_longi3","ses-04A",194.554285684696,79.8973009575653,Inf,2.43505454318197,0.0706322353601457,"mr_y_smri__vol__dst__sts"
"co_longi2 - co_longi3","ses-04A",188.3141259404,96.1697525609993,Inf,1.95814298077719,0.204043339179569,"mr_y_smri__vol__dst__sts"
"co_longi0 - co_longi1","ses-06A",557.277920810024,34.911680255821,Inf,15.9625064369999,0,"mr_y_smri__vol__dst__sts"
"co_longi0 - co_longi2","ses-06A",561.492945235284,61.2653029786907,Inf,9.16494194814612,0.0000000000000477395900588817,"mr_y_smri__vol__dst__sts"
"co_longi0 - co_longi3","ses-06A",678.506435170811,76.7622828033645,Inf,8.83906015287331,0.0000000000000295319324550292,"mr_y_smri__vol__dst__sts"
"co_longi1 - co_longi2","ses-06A",4.21502442525929,61.1547431953489,Inf,0.0689239166910583,0.999882607186419,"mr_y_smri__vol__dst__sts"
"co_longi1 - co_longi3","ses-06A",121.228514360787,75.9335581515588,Inf,1.5965077537763,0.38056508886808,"mr_y_smri__vol__dst__sts"
"co_longi2 - co_longi3","ses-06A",117.013489935528,91.3669692985153,Inf,1.28069794624817,0.575257216425461,"mr_y_smri__vol__dst__sts"
"co_longi0 - co_longi1","ses-02A",10.0651794670773,2.69057803985545,Inf,3.74089854223965,0.00105227148415377,"mr_y_smri__vol__dst__stt"
"co_longi0 - co_longi2","ses-02A",8.97558540096597,5.00939471659703,Inf,1.79175048259388,0.277238392537829,"mr_y_smri__vol__dst__stt"
"co_longi0 - co_longi3","ses-02A",7.58572276565199,6.34466059097009,Inf,1.19560733894075,0.62962054350944,"mr_y_smri__vol__dst__stt"
"co_longi1 - co_longi2","ses-02A",-1.0895940661113,5.08413647685669,Inf,-0.214312513259863,0.996524786765647,"mr_y_smri__vol__dst__stt"
"co_longi1 - co_longi3","ses-02A",-2.47945670142528,6.37421508851694,Inf,-0.388982277346114,0.980019660273602,"mr_y_smri__vol__dst__stt"
"co_longi2 - co_longi3","ses-02A",-1.38986263531398,7.65821254086914,Inf,-0.181486558109583,0.997879288937685,"mr_y_smri__vol__dst__stt"
"co_longi0 - co_longi1","ses-04A",8.82701822045851,3.01859737348023,Inf,2.92421185349459,0.0181481640562727,"mr_y_smri__vol__dst__stt"
"co_longi0 - co_longi2","ses-04A",4.24581543316684,5.47830843875593,Inf,0.775023071561671,0.865787763430484,"mr_y_smri__vol__dst__stt"
"co_longi0 - co_longi3","ses-04A",7.20972902876542,6.8790270029285,Inf,1.04807395372865,0.721070270149681,"mr_y_smri__vol__dst__stt"
"co_longi1 - co_longi2","ses-04A",-4.58120278729167,5.52233237800949,Inf,-0.82957751792241,0.840447889817798,"mr_y_smri__vol__dst__stt"
"co_longi1 - co_longi3","ses-04A",-1.61728919169309,6.86703021958602,Inf,-0.235515082936476,0.995404337692803,"mr_y_smri__vol__dst__stt"
"co_longi2 - co_longi3","ses-04A",2.96391359559858,8.26086598642425,Inf,0.358789695955536,0.984188657090701,"mr_y_smri__vol__dst__stt"
"co_longi0 - co_longi1","ses-06A",0.409415465964962,2.95923632941449,Inf,0.138351730105304,0.999055625984433,"mr_y_smri__vol__dst__stt"
"co_longi0 - co_longi2","ses-06A",-3.92706602792655,5.08681030083948,Inf,-0.772009529680802,0.867126346432732,"mr_y_smri__vol__dst__stt"
"co_longi0 - co_longi3","ses-06A",0.92233389351117,6.36661725081531,Inf,0.144870322366726,0.998916501444019,"mr_y_smri__vol__dst__stt"
"co_longi1 - co_longi2","ses-06A",-4.33648149389151,5.05828332380658,Inf,-0.85730300504957,0.8267974889148,"mr_y_smri__vol__dst__stt"
"co_longi1 - co_longi3","ses-06A",0.512918427546207,6.27488152396016,Inf,0.0817415317863241,0.999804320372002,"mr_y_smri__vol__dst__stt"
"co_longi2 - co_longi3","ses-06A",4.84939992143772,7.54003985638393,Inf,0.643153088551895,0.917964032677348,"mr_y_smri__vol__dst__stt"
"co_longi0 - co_longi1","ses-02A",22574.7424387173,505.667785594592,Inf,44.6434261422698,0,"mr_y_smri__vol__dst"
"co_longi0 - co_longi2","ses-02A",19506.7647689175,972.497234735887,Inf,20.0584269776512,0,"mr_y_smri__vol__dst"
"co_longi0 - co_longi3","ses-02A",25809.8844473173,1220.39008284995,Inf,21.1488808455769,0,"mr_y_smri__vol__dst"
"co_longi1 - co_longi2","ses-02A",-3067.97766979978,994.450320943798,Inf,-3.08509897898979,0.0109549505601149,"mr_y_smri__vol__dst"
"co_longi1 - co_longi3","ses-02A",3235.14200859999,1236.68886956969,Inf,2.61597083001617,0.0440872757460342,"mr_y_smri__vol__dst"
"co_longi2 - co_longi3","ses-02A",6303.11967839978,1489.99525316696,Inf,4.23029514020438,0.000137094710365604,"mr_y_smri__vol__dst"
"co_longi0 - co_longi1","ses-04A",25597.1127926934,511.878774716578,Inf,50.0062007979649,0,"mr_y_smri__vol__dst"
"co_longi0 - co_longi2","ses-04A",24411.898418364,978.841624461989,Inf,24.9395794051788,0,"mr_y_smri__vol__dst"
"co_longi0 - co_longi3","ses-04A",30693.696640018,1227.63139627739,Inf,25.0023718300885,0,"mr_y_smri__vol__dst"
"co_longi1 - co_longi2","ses-04A",-1185.21437432948,999.276696478576,Inf,-1.18607226457511,0.635672164542577,"mr_y_smri__vol__dst"
"co_longi1 - co_longi3","ses-04A",5096.58384732457,1242.17065458429,Inf,4.10296590771597,0.000238479905519839,"mr_y_smri__vol__dst"
"co_longi2 - co_longi3","ses-04A",6281.79822165405,1496.64723388286,Inf,4.19724707295033,0.000158527708217004,"mr_y_smri__vol__dst"
"co_longi0 - co_longi1","ses-06A",25296.5090448236,513.260255700607,Inf,49.2859300206159,0,"mr_y_smri__vol__dst"
"co_longi0 - co_longi2","ses-06A",24144.6343365858,975.35294750274,Inf,24.7547663626842,0,"mr_y_smri__vol__dst"
"co_longi0 - co_longi3","ses-06A",29674.3420091988,1223.12557704722,Inf,24.2610755314563,0,"mr_y_smri__vol__dst"
"co_longi1 - co_longi2","ses-06A",-1151.87470823781,994.184365104502,Inf,-1.15861277713489,0.653021305380605,"mr_y_smri__vol__dst"
"co_longi1 - co_longi3","ses-06A",4377.83296437523,1235.64473769107,Inf,3.54295440334709,0.00223809986614842,"mr_y_smri__vol__dst"
"co_longi2 - co_longi3","ses-06A",5529.70767261304,1488.78311951556,Inf,3.71424662204149,0.00116756810042284,"mr_y_smri__vol__dst"
