"contrast1","contrast","estimate","SE","df","z.ratio","p.value","region"
"co_longi0 - co_longi1","(ses-04A) - (ses-02A)",-11.7216644513372,5.86648069579328,Inf,-1.99807432414165,0.188634130992512,"mr_y_smri__vol__dst__gcpd"
"co_longi0 - co_longi2","(ses-04A) - (ses-02A)",3.82107945705011,11.1626360291725,Inf,0.342309777642493,0.986209822898723,"mr_y_smri__vol__dst__gcpd"
"co_longi0 - co_longi3","(ses-04A) - (ses-02A)",-6.0470174811765,14.1498475125071,Inf,-0.427355664139244,0.97380920137522,"mr_y_smri__vol__dst__gcpd"
"co_longi1 - co_longi2","(ses-04A) - (ses-02A)",15.5427439083873,11.4541157951658,Inf,1.35695711361213,0.526535935232024,"mr_y_smri__vol__dst__gcpd"
"co_longi1 - co_longi3","(ses-04A) - (ses-02A)",5.67464697016071,14.3728504251492,Inf,0.394817089324979,0.979142336542407,"mr_y_smri__vol__dst__gcpd"
"co_longi2 - co_longi3","(ses-04A) - (ses-02A)",-9.86809693822661,17.2272194489212,Inf,-0.572820063474875,0.940210075635141,"mr_y_smri__vol__dst__gcpd"
"co_longi0 - co_longi1","(ses-06A) - (ses-04A)",-30.2265863609196,5.8615342064379,Inf,-5.15677044547839,0.00000150105312746174,"mr_y_smri__vol__dst__gcpd"
"co_longi0 - co_longi2","(ses-06A) - (ses-04A)",-28.6332117775864,11.0308033997838,Inf,-2.59575034925813,0.0465576246676224,"mr_y_smri__vol__dst__gcpd"
"co_longi0 - co_longi3","(ses-06A) - (ses-04A)",-40.4686076991058,13.8890491611945,Inf,-2.91370613131485,0.0187379299328648,"mr_y_smri__vol__dst__gcpd"
"co_longi1 - co_longi2","(ses-06A) - (ses-04A)",1.59337458333315,11.3116194285087,Inf,0.14086175665682,0.99900354982635,"mr_y_smri__vol__dst__gcpd"
"co_longi1 - co_longi3","(ses-06A) - (ses-04A)",-10.2420213381862,14.1075044194223,Inf,-0.72599809531767,0.886735233746388,"mr_y_smri__vol__dst__gcpd"
"co_longi2 - co_longi3","(ses-06A) - (ses-04A)",-11.8353959215194,16.9221967470558,Inf,-0.699400680563445,0.897343096662319,"mr_y_smri__vol__dst__gcpd"
"co_longi0 - co_longi1","(ses-04A) - (ses-02A)",7.92780110702875,2.99500620689278,Inf,2.64700657006437,0.0405118814117914,"mr_y_smri__vol__dst__gcpv"
"co_longi0 - co_longi2","(ses-04A) - (ses-02A)",8.76311704260428,5.68679767193705,Inf,1.54095811881054,0.412916110918119,"mr_y_smri__vol__dst__gcpv"
"co_longi0 - co_longi3","(ses-04A) - (ses-02A)",14.2952591883252,7.21110569318116,Inf,1.98239490538085,0.194585129373306,"mr_y_smri__vol__dst__gcpv"
"co_longi1 - co_longi2","(ses-04A) - (ses-02A)",0.835315935575538,5.83379654340818,Inf,0.14318564752132,0.998953673025229,"mr_y_smri__vol__dst__gcpv"
"co_longi1 - co_longi3","(ses-04A) - (ses-02A)",6.36745808129647,7.32313470568437,Inf,0.869498969663075,0.820636369960192,"mr_y_smri__vol__dst__gcpv"
"co_longi2 - co_longi3","(ses-04A) - (ses-02A)",5.53214214572093,8.7747891111047,Inf,0.630458701135036,0.922271873692592,"mr_y_smri__vol__dst__gcpv"
"co_longi0 - co_longi1","(ses-06A) - (ses-04A)",-6.36402432559114,2.98621373183225,Inf,-2.13113490764319,0.143227675653878,"mr_y_smri__vol__dst__gcpv"
"co_longi0 - co_longi2","(ses-06A) - (ses-04A)",-9.14136373776121,5.61489137405355,Inf,-1.62805709474693,0.362719722539327,"mr_y_smri__vol__dst__gcpv"
"co_longi0 - co_longi3","(ses-06A) - (ses-04A)",-17.5829041728696,7.0739770001762,Inf,-2.48557553585934,0.0621542633693466,"mr_y_smri__vol__dst__gcpv"
"co_longi1 - co_longi2","(ses-06A) - (ses-04A)",-2.77733941217008,5.75730323077437,Inf,-0.482402837030441,0.963018000485768,"mr_y_smri__vol__dst__gcpv"
"co_longi1 - co_longi3","(ses-06A) - (ses-04A)",-11.2188798472785,7.1839366183544,Inf,-1.56166186358258,0.400726944823036,"mr_y_smri__vol__dst__gcpv"
"co_longi2 - co_longi3","(ses-06A) - (ses-04A)",-8.44154043510838,8.61544185681761,Inf,-0.979815147661682,0.760982945891732,"mr_y_smri__vol__dst__gcpv"
"co_longi0 - co_longi1","(ses-04A) - (ses-02A)",-1.01969385983637,11.9850669484292,Inf,-0.0850803641084382,0.999779395352692,"mr_y_smri__vol__dst__gfio"
"co_longi0 - co_longi2","(ses-04A) - (ses-02A)",28.2142120085165,22.7936562818334,Inf,1.23780983882798,0.6027136645153,"mr_y_smri__vol__dst__gfio"
"co_longi0 - co_longi3","(ses-04A) - (ses-02A)",44.7773932282042,28.8959093439072,Inf,1.54961010900478,0.407804041828786,"mr_y_smri__vol__dst__gfio"
"co_longi1 - co_longi2","(ses-04A) - (ses-02A)",29.2339058683529,23.3876132947838,Inf,1.24997388574374,0.5949325469346,"mr_y_smri__vol__dst__gfio"
"co_longi1 - co_longi3","(ses-04A) - (ses-02A)",45.7970870880406,29.3499351184195,Inf,1.56038120368106,0.401476520265673,"mr_y_smri__vol__dst__gfio"
"co_longi2 - co_longi3","(ses-04A) - (ses-02A)",16.5631812196877,35.1760581798363,Inf,0.470865187196617,0.965469012316681,"mr_y_smri__vol__dst__gfio"
"co_longi0 - co_longi1","(ses-06A) - (ses-04A)",-30.059664459665,11.9689840042385,Inf,-2.51146333297966,0.0581466882176629,"mr_y_smri__vol__dst__gfio"
"co_longi0 - co_longi2","(ses-06A) - (ses-04A)",-32.4695421994415,22.5198889611878,Inf,-1.44181626540884,0.473147646304304,"mr_y_smri__vol__dst__gfio"
"co_longi0 - co_longi3","(ses-06A) - (ses-04A)",-50.0695652023388,28.3591732175522,Inf,-1.76555094953719,0.290060714042497,"mr_y_smri__vol__dst__gfio"
"co_longi1 - co_longi2","(ses-06A) - (ses-04A)",-2.40987773977657,23.0927509753313,Inf,-0.104356459841052,0.999593472074555,"mr_y_smri__vol__dst__gfio"
"co_longi1 - co_longi3","(ses-06A) - (ses-04A)",-20.0099007426739,28.8040739935642,Inf,-0.694689950704361,0.899165133545476,"mr_y_smri__vol__dst__gfio"
"co_longi2 - co_longi3","(ses-06A) - (ses-04A)",-17.6000230028973,34.5492099757917,Inf,-0.509418971236374,0.956877013467213,"mr_y_smri__vol__dst__gfio"
"co_longi0 - co_longi1","(ses-04A) - (ses-02A)",-5.24462206272613,5.82088686885885,Inf,-0.901000514334736,0.804299373040446,"mr_y_smri__vol__dst__gfiob"
"co_longi0 - co_longi2","(ses-04A) - (ses-02A)",7.75202578774381,11.1083055582853,Inf,0.697858530004323,0.897941469168177,"mr_y_smri__vol__dst__gfiob"
"co_longi0 - co_longi3","(ses-04A) - (ses-02A)",-8.96742349265231,14.0729054538954,Inf,-0.637211947598931,0.919996147637846,"mr_y_smri__vol__dst__gfiob"
"co_longi1 - co_longi2","(ses-04A) - (ses-02A)",12.9966478504699,11.4008867275983,Inf,1.13996815870548,0.664721686061861,"mr_y_smri__vol__dst__gfiob"
"co_longi1 - co_longi3","(ses-04A) - (ses-02A)",-3.72280142992618,14.2978028327761,Inf,-0.2603757705619,0.993818472127128,"mr_y_smri__vol__dst__gfiob"
"co_longi2 - co_longi3","(ses-04A) - (ses-02A)",-16.7194492803961,17.1453020485244,Inf,-0.975162130890254,0.763628824438895,"mr_y_smri__vol__dst__gfiob"
"co_longi0 - co_longi1","(ses-06A) - (ses-04A)",-13.3907927082009,5.8337104812928,Inf,-2.2954160565804,0.0990516892074822,"mr_y_smri__vol__dst__gfiob"
"co_longi0 - co_longi2","(ses-06A) - (ses-04A)",-15.8606280686561,10.9910520040184,Inf,-1.4430491333184,0.472382345961332,"mr_y_smri__vol__dst__gfiob"
"co_longi0 - co_longi3","(ses-06A) - (ses-04A)",-6.56064344089379,13.8267920557687,Inf,-0.47448774917799,0.964710413246192,"mr_y_smri__vol__dst__gfiob"
"co_longi1 - co_longi2","(ses-06A) - (ses-04A)",-2.46983536045529,11.2717592533032,Inf,-0.219117114281118,0.996288667179201,"mr_y_smri__vol__dst__gfiob"
"co_longi1 - co_longi3","(ses-06A) - (ses-04A)",6.83014926730707,14.0471216349246,Inf,0.486231232619617,0.962182147718331,"mr_y_smri__vol__dst__gfiob"
"co_longi2 - co_longi3","(ses-06A) - (ses-04A)",9.29998462776236,16.8552645495631,Inf,0.551755482710796,0.946101962356871,"mr_y_smri__vol__dst__gfiob"
"co_longi0 - co_longi1","(ses-04A) - (ses-02A)",-8.70533329006387,12.8914647847082,Inf,-0.675278832579993,0.9064908233369,"mr_y_smri__vol__dst__gfit"
"co_longi0 - co_longi2","(ses-04A) - (ses-02A)",25.5587865547644,24.5366388593809,Inf,1.04165801604863,0.724902643474563,"mr_y_smri__vol__dst__gfit"
"co_longi0 - co_longi3","(ses-04A) - (ses-02A)",21.4927866006579,31.1012587360837,Inf,0.691058416093042,0.900558002519361,"mr_y_smri__vol__dst__gfit"
"co_longi1 - co_longi2","(ses-04A) - (ses-02A)",34.2641198448283,25.1780523513053,Inf,1.36087253162979,0.524047451370472,"mr_y_smri__vol__dst__gfit"
"co_longi1 - co_longi3","(ses-04A) - (ses-02A)",30.1981198907218,31.5922249800951,Inf,0.955871892839089,0.774485424393031,"mr_y_smri__vol__dst__gfit"
"co_longi2 - co_longi3","(ses-04A) - (ses-02A)",-4.06599995410649,37.8679077047213,Inf,-0.107373240312391,0.999557292767724,"mr_y_smri__vol__dst__gfit"
"co_longi0 - co_longi1","(ses-06A) - (ses-04A)",-31.595373844557,12.8843131615437,Inf,-2.45223578846723,0.0676487592995166,"mr_y_smri__vol__dst__gfit"
"co_longi0 - co_longi2","(ses-06A) - (ses-04A)",-33.5898036809629,24.2497155504415,Inf,-1.38516279133639,0.508655095106959,"mr_y_smri__vol__dst__gfit"
"co_longi0 - co_longi3","(ses-06A) - (ses-04A)",-34.3694168044697,30.5306489210445,Inf,-1.12573489326587,0.673602805730456,"mr_y_smri__vol__dst__gfit"
"co_longi1 - co_longi2","(ses-06A) - (ses-04A)",-1.99442983640598,24.8673032668431,Inf,-0.0802028999688621,0.999815146331959,"mr_y_smri__vol__dst__gfit"
"co_longi1 - co_longi3","(ses-06A) - (ses-04A)",-2.77404295991274,31.0115404571065,Inf,-0.0894519562402792,0.999743686204327,"mr_y_smri__vol__dst__gfit"
"co_longi2 - co_longi3","(ses-06A) - (ses-04A)",-0.779613123506761,37.1999999711226,Inf,-0.0209573420460203,0.999996694461174,"mr_y_smri__vol__dst__gfit"
"co_longi0 - co_longi1","(ses-04A) - (ses-02A)",1.07427460527869,29.3339626422147,Inf,0.036622212224839,0.999982367231843,"mr_y_smri__vol__dst__gfm"
"co_longi0 - co_longi2","(ses-04A) - (ses-02A)",98.4224058649563,55.6615926953847,Inf,1.76822834379867,0.288734676962205,"mr_y_smri__vol__dst__gfm"
"co_longi0 - co_longi3","(ses-04A) - (ses-02A)",127.277070522854,70.5879365768081,Inf,1.80309946281488,0.271791120118693,"mr_y_smri__vol__dst__gfm"
"co_longi1 - co_longi2","(ses-04A) - (ses-02A)",97.3481312596776,57.0948943757888,Inf,1.70502340575234,0.320969080519538,"mr_y_smri__vol__dst__gfm"
"co_longi1 - co_longi3","(ses-04A) - (ses-02A)",126.202795917575,71.6788356836386,Inf,1.76067028313048,0.29248708999033,"mr_y_smri__vol__dst__gfm"
"co_longi2 - co_longi3","(ses-04A) - (ses-02A)",28.8546646578975,85.8800110658309,Inf,0.335988133906726,0.98693902446036,"mr_y_smri__vol__dst__gfm"
"co_longi0 - co_longi1","(ses-06A) - (ses-04A)",-119.857041095266,29.229303259043,Inf,-4.10057810933913,0.000240931058870131,"mr_y_smri__vol__dst__gfm"
"co_longi0 - co_longi2","(ses-06A) - (ses-04A)",-113.128286173196,54.9439314347697,Inf,-2.05897691007975,0.166730703988184,"mr_y_smri__vol__dst__gfm"
"co_longi0 - co_longi3","(ses-06A) - (ses-04A)",-203.589942234897,69.2337358769975,Inf,-2.94061760001801,0.0172599228380181,"mr_y_smri__vol__dst__gfm"
"co_longi1 - co_longi2","(ses-06A) - (ses-04A)",6.72875492207032,56.3355414013933,Inf,0.119440671992972,0.999391248762529,"mr_y_smri__vol__dst__gfm"
"co_longi1 - co_longi3","(ses-06A) - (ses-04A)",-83.7329011396311,70.3055300345486,Inf,-1.19098598785166,0.632555131326312,"mr_y_smri__vol__dst__gfm"
"co_longi2 - co_longi3","(ses-06A) - (ses-04A)",-90.4616560617014,84.3098295069384,Inf,-1.07296689592115,0.706061420975078,"mr_y_smri__vol__dst__gfm"
"co_longi0 - co_longi1","(ses-04A) - (ses-02A)",99.0726200410253,33.012432029607,Inf,3.00107001968751,0.0143097176184707,"mr_y_smri__vol__dst__gfs"
"co_longi0 - co_longi2","(ses-04A) - (ses-02A)",276.268947752672,62.4941706142615,Inf,4.42071548493558,0.0000581126163040624,"mr_y_smri__vol__dst__gfs"
"co_longi0 - co_longi3","(ses-04A) - (ses-02A)",290.973142237874,79.2755447001219,Inf,3.67040230803266,0.00138316032670849,"mr_y_smri__vol__dst__gfs"
"co_longi1 - co_longi2","(ses-04A) - (ses-02A)",177.196327711646,64.0770427039654,Inf,2.76536369710896,0.0290540355475067,"mr_y_smri__vol__dst__gfs"
"co_longi1 - co_longi3","(ses-04A) - (ses-02A)",191.900522196848,80.4740349701189,Inf,2.38462657263431,0.0800138930716245,"mr_y_smri__vol__dst__gfs"
"co_longi2 - co_longi3","(ses-04A) - (ses-02A)",14.7041944852018,96.3893706885794,Inf,0.152549958363241,0.99873597688875,"mr_y_smri__vol__dst__gfs"
"co_longi0 - co_longi1","(ses-06A) - (ses-04A)",-172.732580028422,32.8217858184413,Inf,-5.26274167359201,0.000000848568019851115,"mr_y_smri__vol__dst__gfs"
"co_longi0 - co_longi2","(ses-06A) - (ses-04A)",-151.601196289803,61.6346097705658,Inf,-2.45967641969563,0.0663891737992324,"mr_y_smri__vol__dst__gfs"
"co_longi0 - co_longi3","(ses-06A) - (ses-04A)",-279.142818915487,77.7102266973865,Inf,-3.59209888812324,0.00186274221470506,"mr_y_smri__vol__dst__gfs"
"co_longi1 - co_longi2","(ses-06A) - (ses-04A)",21.1313837386196,63.1863438786526,Inf,0.334429600471926,0.987114936763086,"mr_y_smri__vol__dst__gfs"
"co_longi1 - co_longi3","(ses-06A) - (ses-04A)",-106.410238887065,78.8936514904517,Inf,-1.34878075582473,0.531738237022048,"mr_y_smri__vol__dst__gfs"
"co_longi2 - co_longi3","(ses-06A) - (ses-04A)",-127.541622625684,94.5898311714351,Inf,-1.34836505199515,0.532002929951719,"mr_y_smri__vol__dst__gfs"
"co_longi0 - co_longi1","(ses-04A) - (ses-02A)",1.14301123512931,3.98967673013258,Inf,0.28649219283772,0.991809309161557,"mr_y_smri__vol__dst__gilsci"
"co_longi0 - co_longi2","(ses-04A) - (ses-02A)",11.0838463328155,7.58483205060465,Inf,1.46131730523049,0.461085015079665,"mr_y_smri__vol__dst__gilsci"
"co_longi0 - co_longi3","(ses-04A) - (ses-02A)",8.07933067269844,9.61603421630979,Inf,0.840193627742616,0.835280549261656,"mr_y_smri__vol__dst__gilsci"
"co_longi1 - co_longi2","(ses-04A) - (ses-02A)",9.94083509768617,7.78213928153139,Inf,1.27739105380417,0.577375472263875,"mr_y_smri__vol__dst__gilsci"
"co_longi1 - co_longi3","(ses-04A) - (ses-02A)",6.93631943756913,9.76675473882677,Inf,0.71019695109108,0.89310260282674,"mr_y_smri__vol__dst__gilsci"
"co_longi2 - co_longi3","(ses-04A) - (ses-02A)",-3.00451566011704,11.7048553966364,Inf,-0.256689686314316,0.994073092945331,"mr_y_smri__vol__dst__gilsci"
"co_longi0 - co_longi1","(ses-06A) - (ses-04A)",-15.6785683243869,3.98281091841669,Inf,-3.93655853756163,0.000479675845103777,"mr_y_smri__vol__dst__gilsci"
"co_longi0 - co_longi2","(ses-06A) - (ses-04A)",-11.4667991958621,7.49258309652901,Inf,-1.53042002312583,0.419177017789757,"mr_y_smri__vol__dst__gilsci"
"co_longi0 - co_longi3","(ses-06A) - (ses-04A)",-12.3476900021732,9.43638598232205,Inf,-1.30851896322439,0.557443897791572,"mr_y_smri__vol__dst__gilsci"
"co_longi1 - co_longi2","(ses-06A) - (ses-04A)",4.21176912852473,7.68306006026109,Inf,0.548189015247866,0.947064467633719,"mr_y_smri__vol__dst__gilsci"
"co_longi1 - co_longi3","(ses-06A) - (ses-04A)",3.3308783222137,9.58412098131863,Inf,0.347541347683971,0.98558717068738,"mr_y_smri__vol__dst__gilsci"
"co_longi2 - co_longi3","(ses-06A) - (ses-04A)",-0.880890806311036,11.4952844950669,Inf,-0.0766306224686361,0.999838729060776,"mr_y_smri__vol__dst__gilsci"
"co_longi0 - co_longi1","(ses-04A) - (ses-02A)",7.12236364622805,5.13963651936822,Inf,1.38577185748216,0.508270248954889,"mr_y_smri__vol__dst__gis"
"co_longi0 - co_longi2","(ses-04A) - (ses-02A)",11.1682069460151,9.75397895847759,Inf,1.144989854249,0.661577421194296,"mr_y_smri__vol__dst__gis"
"co_longi0 - co_longi3","(ses-04A) - (ses-02A)",35.9229978425956,12.3693727174182,Inf,2.90418913418381,0.0192867064476298,"mr_y_smri__vol__dst__gis"
"co_longi1 - co_longi2","(ses-04A) - (ses-02A)",4.04584329978703,10.0053718501386,Inf,0.404367110027099,0.97765510559751,"mr_y_smri__vol__dst__gis"
"co_longi1 - co_longi3","(ses-04A) - (ses-02A)",28.8006341963676,12.5607678721663,Inf,2.2929039442077,0.0996355156625257,"mr_y_smri__vol__dst__gis"
"co_longi2 - co_longi3","(ses-04A) - (ses-02A)",24.7547908965805,15.0496341539746,Inf,1.64487658924538,0.353374044452788,"mr_y_smri__vol__dst__gis"
"co_longi0 - co_longi1","(ses-06A) - (ses-04A)",-19.0838057903804,5.12203061949665,Inf,-3.72582813498599,0.00111609080852404,"mr_y_smri__vol__dst__gis"
"co_longi0 - co_longi2","(ses-06A) - (ses-04A)",1.51699512312569,9.62876359925075,Inf,0.157548277874817,0.998608421290711,"mr_y_smri__vol__dst__gis"
"co_longi0 - co_longi3","(ses-06A) - (ses-04A)",-35.0315933911846,12.1325360883716,Inf,-2.8874089585244,0.0202888308303305,"mr_y_smri__vol__dst__gis"
"co_longi1 - co_longi2","(ses-06A) - (ses-04A)",20.600800913506,9.8727188514729,Inf,2.08663907312955,0.157411041980571,"mr_y_smri__vol__dst__gis"
"co_longi1 - co_longi3","(ses-06A) - (ses-04A)",-15.9477876008042,12.320534837992,Inf,-1.29440708625953,0.566476944291752,"mr_y_smri__vol__dst__gis"
"co_longi2 - co_longi3","(ses-06A) - (ses-04A)",-36.5485885143103,14.7748866618015,Inf,-2.47369670921414,0.0640681111387121,"mr_y_smri__vol__dst__gis"
"co_longi0 - co_longi1","(ses-04A) - (ses-02A)",10.6726549751802,12.0075402825808,Inf,0.888829412520309,0.810682218891376,"mr_y_smri__vol__dst__go"
"co_longi0 - co_longi2","(ses-04A) - (ses-02A)",45.1077718685055,22.7405694466029,Inf,1.98358145667473,0.194130286838385,"mr_y_smri__vol__dst__go"
"co_longi0 - co_longi3","(ses-04A) - (ses-02A)",60.3592875946835,28.8456881936715,Inf,2.09248908153718,0.155489770427254,"mr_y_smri__vol__dst__go"
"co_longi1 - co_longi2","(ses-04A) - (ses-02A)",34.4351168933253,23.3184640930539,Inf,1.47673177598275,0.451618177791388,"mr_y_smri__vol__dst__go"
"co_longi1 - co_longi3","(ses-04A) - (ses-02A)",49.6866326195033,29.2836873634733,Inf,1.69673415792164,0.325337592310473,"mr_y_smri__vol__dst__go"
"co_longi2 - co_longi3","(ses-04A) - (ses-02A)",15.251515726178,35.0768895618616,Inf,0.434802398863798,0.972481409070951,"mr_y_smri__vol__dst__go"
"co_longi0 - co_longi1","(ses-06A) - (ses-04A)",-58.6794530918251,11.9429174769681,Inf,-4.9133265138094,0.00000533691535142822,"mr_y_smri__vol__dst__go"
"co_longi0 - co_longi2","(ses-06A) - (ses-04A)",-64.9168720675962,22.4312608538308,Inf,-2.89403580523694,0.0198877293708768,"mr_y_smri__vol__dst__go"
"co_longi0 - co_longi3","(ses-06A) - (ses-04A)",-67.8998783579222,28.2789209130733,Inf,-2.40107741616591,0.0768485744496084,"mr_y_smri__vol__dst__go"
"co_longi1 - co_longi2","(ses-06A) - (ses-04A)",-6.23741897577105,22.9966767189154,Inf,-0.271231319725454,0.993027650620294,"mr_y_smri__vol__dst__go"
"co_longi1 - co_longi3","(ses-06A) - (ses-04A)",-9.22042526609709,28.7109435916046,Inf,-0.321146716640593,0.988553076488396,"mr_y_smri__vol__dst__go"
"co_longi2 - co_longi3","(ses-06A) - (ses-04A)",-2.98300629032604,34.4242552176337,Inf,-0.0866541998212354,0.999766948719039,"mr_y_smri__vol__dst__go"
"co_longi0 - co_longi1","(ses-04A) - (ses-02A)",-22.6172389408958,17.9704669170502,Inf,-1.25857825760981,0.589424511742956,"mr_y_smri__vol__dst__gom"
"co_longi0 - co_longi2","(ses-04A) - (ses-02A)",10.3950825524272,34.1750868340321,Inf,0.304171357425071,0.99023553601675,"mr_y_smri__vol__dst__gom"
"co_longi0 - co_longi3","(ses-04A) - (ses-02A)",-28.2531942129127,43.3247378739857,Inf,-0.652126143153824,0.914841664819545,"mr_y_smri__vol__dst__gom"
"co_longi1 - co_longi2","(ses-04A) - (ses-02A)",33.012321493323,35.0654121844782,Inf,0.941449691783061,0.782479299603686,"mr_y_smri__vol__dst__gom"
"co_longi1 - co_longi3","(ses-04A) - (ses-02A)",-5.63595527201692,44.0052454221999,Inf,-0.128074624239539,0.999250062958417,"mr_y_smri__vol__dst__gom"
"co_longi2 - co_longi3","(ses-04A) - (ses-02A)",-38.6482767653399,52.7401102847007,Inf,-0.732806142359383,0.883933323834997,"mr_y_smri__vol__dst__gom"
"co_longi0 - co_longi1","(ses-06A) - (ses-04A)",-73.8723671946821,17.9453902312792,Inf,-4.11650937887775,0.000225017021394547,"mr_y_smri__vol__dst__gom"
"co_longi0 - co_longi2","(ses-06A) - (ses-04A)",-68.223385104051,33.7638877156428,Inf,-2.02060217942388,0.180308295046453,"mr_y_smri__vol__dst__gom"
"co_longi0 - co_longi3","(ses-06A) - (ses-04A)",-85.2886948298354,42.519328121327,Inf,-2.00588058650569,0.185719187845274,"mr_y_smri__vol__dst__gom"
"co_longi1 - co_longi2","(ses-06A) - (ses-04A)",5.64898209063113,34.6227011402633,Inf,0.163158329783283,0.998455449405547,"mr_y_smri__vol__dst__gom"
"co_longi1 - co_longi3","(ses-06A) - (ses-04A)",-11.4163276351533,43.1861843034871,Inf,-0.264351385038465,0.993536004630168,"mr_y_smri__vol__dst__gom"
"co_longi2 - co_longi3","(ses-06A) - (ses-04A)",-17.0653097257844,51.7996299976455,Inf,-0.329448486920854,0.987666999464864,"mr_y_smri__vol__dst__gom"
"co_longi0 - co_longi1","(ses-04A) - (ses-02A)",8.88238054238667,8.39745954300528,Inf,1.05774615488149,0.715264328046658,"mr_y_smri__vol__dst__gos"
"co_longi0 - co_longi2","(ses-04A) - (ses-02A)",38.1130530244367,15.9234972101793,Inf,2.39351020202223,0.0782917579152262,"mr_y_smri__vol__dst__gos"
"co_longi0 - co_longi3","(ses-04A) - (ses-02A)",27.137312893297,20.1954096140346,Inf,1.34373669125474,0.534951177878473,"mr_y_smri__vol__dst__gos"
"co_longi1 - co_longi2","(ses-04A) - (ses-02A)",29.2306724820501,16.331769452041,Inf,1.78980437899808,0.278179014809864,"mr_y_smri__vol__dst__gos"
"co_longi1 - co_longi3","(ses-04A) - (ses-02A)",18.2549323509103,20.5057103700447,Inf,0.890236525410876,0.809948783809288,"mr_y_smri__vol__dst__gos"
"co_longi2 - co_longi3","(ses-04A) - (ses-02A)",-10.9757401311397,24.5661745652614,Inf,-0.446782632028526,0.970259647519048,"mr_y_smri__vol__dst__gos"
"co_longi0 - co_longi1","(ses-06A) - (ses-04A)",-27.7899839735354,8.36208568113753,Inf,-3.32333164634053,0.00492904414554696,"mr_y_smri__vol__dst__gos"
"co_longi0 - co_longi2","(ses-06A) - (ses-04A)",-24.2190524519294,15.7141689012145,Inf,-1.54122388553794,0.412758698046439,"mr_y_smri__vol__dst__gos"
"co_longi0 - co_longi3","(ses-06A) - (ses-04A)",-35.388202742475,19.8045781400594,Inf,-1.78686980819319,0.279601003400119,"mr_y_smri__vol__dst__gos"
"co_longi1 - co_longi2","(ses-06A) - (ses-04A)",3.570931521606,16.111550967946,Inf,0.221637974438984,0.996160689141274,"mr_y_smri__vol__dst__gos"
"co_longi1 - co_longi3","(ses-06A) - (ses-04A)",-7.59821876893965,20.109810084671,Inf,-0.377836425950711,0.981630372426415,"mr_y_smri__vol__dst__gos"
"co_longi2 - co_longi3","(ses-06A) - (ses-04A)",-11.1691502905457,24.1140713691175,Inf,-0.463179780783506,0.967045359328579,"mr_y_smri__vol__dst__gos"
"co_longi0 - co_longi1","(ses-04A) - (ses-02A)",50.2648040776384,11.8597887258806,Inf,4.23825459621803,0.000132359743413524,"mr_y_smri__vol__dst__gotml"
"co_longi0 - co_longi2","(ses-04A) - (ses-02A)",56.9337786571163,22.4285892471517,Inf,2.5384467132433,0.0542002803437182,"mr_y_smri__vol__dst__gotml"
"co_longi0 - co_longi3","(ses-04A) - (ses-02A)",65.5658580350716,28.454108999606,Inf,2.30426677693473,0.0970161972279486,"mr_y_smri__vol__dst__gotml"
"co_longi1 - co_longi2","(ses-04A) - (ses-02A)",6.66897457947789,22.9919167511115,Inf,0.290057355881627,0.991506214429722,"mr_y_smri__vol__dst__gotml"
"co_longi1 - co_longi3","(ses-04A) - (ses-02A)",15.3010539574332,28.8795805615473,Inf,0.529822582596864,0.951861040172779,"mr_y_smri__vol__dst__gotml"
"co_longi2 - co_longi3","(ses-04A) - (ses-02A)",8.6320793779553,34.5871333130117,Inf,0.249574872246146,0.994545072004718,"mr_y_smri__vol__dst__gotml"
"co_longi0 - co_longi1","(ses-06A) - (ses-04A)",20.9739172554067,11.7804330806787,Inf,1.78040290299738,0.282749897627557,"mr_y_smri__vol__dst__gotml"
"co_longi0 - co_longi2","(ses-06A) - (ses-04A)",28.6111401626861,22.112141188131,Inf,1.29391088448927,0.566794683857513,"mr_y_smri__vol__dst__gotml"
"co_longi0 - co_longi3","(ses-06A) - (ses-04A)",-18.6608688333496,27.8859636314483,Inf,-0.669185009346597,0.908729766942983,"mr_y_smri__vol__dst__gotml"
"co_longi1 - co_longi2","(ses-06A) - (ses-04A)",7.63722290727945,22.667158569558,Inf,0.33692899283531,0.986832092153321,"mr_y_smri__vol__dst__gotml"
"co_longi1 - co_longi3","(ses-06A) - (ses-04A)",-39.6347860887563,28.3073032095283,Inf,-1.40016114553135,0.499195911417064,"mr_y_smri__vol__dst__gotml"
"co_longi2 - co_longi3","(ses-06A) - (ses-04A)",-47.2720089960357,33.9365637422091,Inf,-1.39295213726192,0.50373779902021,"mr_y_smri__vol__dst__gotml"
"co_longi0 - co_longi1","(ses-04A) - (ses-02A)",-17.5294919878661,12.85859159051,Inf,-1.36325132223683,0.522536506183248,"mr_y_smri__vol__dst__gpc"
"co_longi0 - co_longi2","(ses-04A) - (ses-02A)",25.0075113083959,24.4059454662355,Inf,1.02464833181704,0.734986349114851,"mr_y_smri__vol__dst__gpc"
"co_longi0 - co_longi3","(ses-04A) - (ses-02A)",4.00305880569631,30.9495281540957,Inf,0.129341513245867,0.999227681733866,"mr_y_smri__vol__dst__gpc"
"co_longi1 - co_longi2","(ses-04A) - (ses-02A)",42.537003296262,25.0354226157583,Inf,1.69907270786343,0.324101925333878,"mr_y_smri__vol__dst__gpc"
"co_longi1 - co_longi3","(ses-04A) - (ses-02A)",21.5325507935624,31.4288908374524,Inf,0.685119653281019,0.902813690707355,"mr_y_smri__vol__dst__gpc"
"co_longi2 - co_longi3","(ses-04A) - (ses-02A)",-21.0044525026996,37.6570157728881,Inf,-0.557783246271526,0.944452160471685,"mr_y_smri__vol__dst__gpc"
"co_longi0 - co_longi1","(ses-06A) - (ses-04A)",-41.9337417888817,12.8160467714098,Inf,-3.27197165684726,0.00588520798504499,"mr_y_smri__vol__dst__gpc"
"co_longi0 - co_longi2","(ses-06A) - (ses-04A)",-35.9756968770852,24.0937591596468,Inf,-1.49315416655027,0.441603615971852,"mr_y_smri__vol__dst__gpc"
"co_longi0 - co_longi3","(ses-06A) - (ses-04A)",-48.6554703748861,30.357895680731,Inf,-1.60272868997864,0.377014644207999,"mr_y_smri__vol__dst__gpc"
"co_longi1 - co_longi2","(ses-06A) - (ses-04A)",5.95804491179652,24.7043613965713,Inf,0.241173807982886,0.99507002114151,"mr_y_smri__vol__dst__gpc"
"co_longi1 - co_longi3","(ses-06A) - (ses-04A)",-6.72172858600431,30.82866383231,Inf,-0.218035028133772,0.996342733936229,"mr_y_smri__vol__dst__gpc"
"co_longi2 - co_longi3","(ses-06A) - (ses-04A)",-12.6797734978008,36.9703996633433,Inf,-0.342970960911008,0.986132094048685,"mr_y_smri__vol__dst__gpc"
"co_longi0 - co_longi1","(ses-04A) - (ses-02A)",-15.4928071549206,24.4291379836664,Inf,-0.634193771605008,0.921017716147934,"mr_y_smri__vol__dst__gpia"
"co_longi0 - co_longi2","(ses-04A) - (ses-02A)",26.7843206457649,46.4626350150672,Inf,0.576470117053825,0.939153062924286,"mr_y_smri__vol__dst__gpia"
"co_longi0 - co_longi3","(ses-04A) - (ses-02A)",45.0596308402527,58.9009680146255,Inf,0.765006626530554,0.870211547740119,"mr_y_smri__vol__dst__gpia"
"co_longi1 - co_longi2","(ses-04A) - (ses-02A)",42.2771278006855,47.6736264627651,Inf,0.886803269176628,0.811736229745292,"mr_y_smri__vol__dst__gpia"
"co_longi1 - co_longi3","(ses-04A) - (ses-02A)",60.5524379951733,59.8267437220414,Inf,1.01212993099714,0.742333067082732,"mr_y_smri__vol__dst__gpia"
"co_longi2 - co_longi3","(ses-04A) - (ses-02A)",18.2753101944878,71.7032225769564,Inf,0.254874321372008,0.99419594454105,"mr_y_smri__vol__dst__gpia"
"co_longi0 - co_longi1","(ses-06A) - (ses-04A)",-113.577383389941,24.3976030354984,Inf,-4.65526811075197,0.0000192108161142235,"mr_y_smri__vol__dst__gpia"
"co_longi0 - co_longi2","(ses-06A) - (ses-04A)",-94.6076510042148,45.9055381300468,Inf,-2.06092020392395,0.166063266128337,"mr_y_smri__vol__dst__gpia"
"co_longi0 - co_longi3","(ses-06A) - (ses-04A)",-159.249567143066,57.807751958863,Inf,-2.75481335541971,0.0299468751776071,"mr_y_smri__vol__dst__gpia"
"co_longi1 - co_longi2","(ses-06A) - (ses-04A)",18.9697323857263,47.073380393132,Inf,0.40298215737432,0.977874759676483,"mr_y_smri__vol__dst__gpia"
"co_longi1 - co_longi3","(ses-06A) - (ses-04A)",-45.6721837531247,58.714889401343,Inf,-0.777863744934177,0.864519972022516,"mr_y_smri__vol__dst__gpia"
"co_longi2 - co_longi3","(ses-06A) - (ses-04A)",-64.641916138851,70.4262757105395,Inf,-0.917866456612545,0.795312102550035,"mr_y_smri__vol__dst__gpia"
"co_longi0 - co_longi1","(ses-04A) - (ses-02A)",-29.620460128014,24.0629251500103,Inf,-1.23095841188707,0.60709255022968,"mr_y_smri__vol__dst__gpis"
"co_longi0 - co_longi2","(ses-04A) - (ses-02A)",36.2181168044068,45.7510334296998,Inf,0.791634944379102,0.8582920817519,"mr_y_smri__vol__dst__gpis"
"co_longi0 - co_longi3","(ses-04A) - (ses-02A)",-25.1356454418763,58.0020872600522,Inf,-0.433357601928716,0.972742197976844,"mr_y_smri__vol__dst__gpis"
"co_longi1 - co_longi2","(ses-04A) - (ses-02A)",65.8385769324208,46.9417314288838,Inf,1.40255961866608,0.497686820867614,"mr_y_smri__vol__dst__gpis"
"co_longi1 - co_longi3","(ses-04A) - (ses-02A)",4.48481468613764,58.9118138786228,Inf,0.0761275946345465,0.999841879606198,"mr_y_smri__vol__dst__gpis"
"co_longi2 - co_longi3","(ses-04A) - (ses-02A)",-61.3537622462832,70.6032374773356,Inf,-0.868993610469752,0.820893520202653,"mr_y_smri__vol__dst__gpis"
"co_longi0 - co_longi1","(ses-06A) - (ses-04A)",-116.298406389945,24.0239490401975,Inf,-4.84093627552036,0.00000769508650722006,"mr_y_smri__vol__dst__gpis"
"co_longi0 - co_longi2","(ses-06A) - (ses-04A)",-101.291167427153,45.1964442598034,Inf,-2.24113133424611,0.112280447589875,"mr_y_smri__vol__dst__gpis"
"co_longi0 - co_longi3","(ses-06A) - (ses-04A)",-129.282532961923,56.9201361685768,Inf,-2.27129697263961,0.104769542907777,"mr_y_smri__vol__dst__gpis"
"co_longi1 - co_longi2","(ses-06A) - (ses-04A)",15.0072389627911,46.3456289449234,Inf,0.323811313050159,0.988273272425444,"mr_y_smri__vol__dst__gpis"
"co_longi1 - co_longi3","(ses-06A) - (ses-04A)",-12.9841265719784,57.8117671296961,Inf,-0.224593144555667,0.996007027250883,"mr_y_smri__vol__dst__gpis"
"co_longi2 - co_longi3","(ses-06A) - (ses-04A)",-27.9913655347695,69.3406865233095,Inf,-0.403678805882026,0.977764440173955,"mr_y_smri__vol__dst__gpis"
"co_longi0 - co_longi1","(ses-04A) - (ses-02A)",34.743965955343,14.8405297912122,Inf,2.34115401836372,0.0888866000500748,"mr_y_smri__vol__dst__gprcn"
"co_longi0 - co_longi2","(ses-04A) - (ses-02A)",95.739535892214,28.1161583296422,Inf,3.40514286374885,0.0036949492348759,"mr_y_smri__vol__dst__gprcn"
"co_longi0 - co_longi3","(ses-04A) - (ses-02A)",29.5846388880676,35.6629575398667,Inf,0.829562126332223,0.840455327245011,"mr_y_smri__vol__dst__gprcn"
"co_longi1 - co_longi2","(ses-04A) - (ses-02A)",60.995569936871,28.8326183784503,Inf,2.11550574894923,0.148097244033267,"mr_y_smri__vol__dst__gprcn"
"co_longi1 - co_longi3","(ses-04A) - (ses-02A)",-5.15932706727536,36.2064349055096,Inf,-0.14249751682926,0.998968610250076,"mr_y_smri__vol__dst__gprcn"
"co_longi2 - co_longi3","(ses-04A) - (ses-02A)",-66.1548970041464,43.3710930017304,Inf,-1.52532233857945,0.42221890636105,"mr_y_smri__vol__dst__gprcn"
"co_longi0 - co_longi1","(ses-06A) - (ses-04A)",-82.1683233097642,14.7657097922759,Inf,-5.56480687117033,0.000000157161171632225,"mr_y_smri__vol__dst__gprcn"
"co_longi0 - co_longi2","(ses-06A) - (ses-04A)",-79.1804651230465,27.7374533167146,Inf,-2.85464077105206,0.0223784017615104,"mr_y_smri__vol__dst__gprcn"
"co_longi0 - co_longi3","(ses-06A) - (ses-04A)",-92.4642452325572,34.965271708972,Inf,-2.64445950834214,0.0407957178482933,"mr_y_smri__vol__dst__gprcn"
"co_longi1 - co_longi2","(ses-06A) - (ses-04A)",2.98785818671765,28.4373142591076,Inf,0.105068226889982,0.999585120166303,"mr_y_smri__vol__dst__gprcn"
"co_longi1 - co_longi3","(ses-06A) - (ses-04A)",-10.2959219227931,35.5008662801965,Inf,-0.290018892539996,0.991509522405062,"mr_y_smri__vol__dst__gprcn"
"co_longi2 - co_longi3","(ses-06A) - (ses-04A)",-13.2837801095107,42.5666039003351,Inf,-0.312070470564511,0.989473965571741,"mr_y_smri__vol__dst__gprcn"
"co_longi0 - co_longi1","(ses-04A) - (ses-02A)",23.4078757292663,18.6406858867168,Inf,1.25574111765633,0.591240976425555,"mr_y_smri__vol__dst__gps"
"co_longi0 - co_longi2","(ses-04A) - (ses-02A)",64.0002130187615,35.3642070015794,Inf,1.80974545861874,0.268631500863401,"mr_y_smri__vol__dst__gps"
"co_longi0 - co_longi3","(ses-04A) - (ses-02A)",18.7268946865643,44.848729032297,Inf,0.417556864835088,0.975494916672151,"mr_y_smri__vol__dst__gps"
"co_longi1 - co_longi2","(ses-04A) - (ses-02A)",40.5923372894951,36.2737748605058,Inf,1.11905467367531,0.677754349995555,"mr_y_smri__vol__dst__gps"
"co_longi1 - co_longi3","(ses-04A) - (ses-02A)",-4.68098104270199,45.5407384432804,Inf,-0.102786674145216,0.999611495795142,"mr_y_smri__vol__dst__gps"
"co_longi2 - co_longi3","(ses-04A) - (ses-02A)",-45.2733183321971,54.5619976801353,Inf,-0.82975917776339,0.84036009733648,"mr_y_smri__vol__dst__gps"
"co_longi0 - co_longi1","(ses-06A) - (ses-04A)",-127.194362906941,18.5707813260065,Inf,-6.84916593836674,0.0000000000445949943639334,"mr_y_smri__vol__dst__gps"
"co_longi0 - co_longi2","(ses-06A) - (ses-04A)",-97.9128950823685,34.9057163731393,Inf,-2.8050676294876,0.0258974615422585,"mr_y_smri__vol__dst__gps"
"co_longi0 - co_longi3","(ses-06A) - (ses-04A)",-134.667732615212,43.9861789524581,Inf,-3.06159197780662,0.0118141223274008,"mr_y_smri__vol__dst__gps"
"co_longi1 - co_longi2","(ses-06A) - (ses-04A)",29.2814678245728,35.7894233325389,Inf,0.818159810860957,0.84592132625462,"mr_y_smri__vol__dst__gps"
"co_longi1 - co_longi3","(ses-06A) - (ses-04A)",-7.47336970827088,44.6662851251352,Inf,-0.16731567640635,0.998335203992013,"mr_y_smri__vol__dst__gps"
"co_longi2 - co_longi3","(ses-06A) - (ses-04A)",-36.7548375328436,53.5625309134785,Inf,-0.686204272016478,0.902403777915664,"mr_y_smri__vol__dst__gps"
"co_longi0 - co_longi1","(ses-04A) - (ses-02A)",-5.70352266249326,7.01057821532364,Inf,-0.813559522098558,0.84810164767046,"mr_y_smri__vol__dst__gr"
"co_longi0 - co_longi2","(ses-04A) - (ses-02A)",9.43344803090701,13.3681639207463,Inf,0.705665197317564,0.894893494875635,"mr_y_smri__vol__dst__gr"
"co_longi0 - co_longi3","(ses-04A) - (ses-02A)",-30.4464661340935,16.9386701911979,Inf,-1.79745315248625,0.274493087268189,"mr_y_smri__vol__dst__gr"
"co_longi1 - co_longi2","(ses-04A) - (ses-02A)",15.1369706934003,13.7196553203079,Inf,1.10330546504288,0.687496221520313,"mr_y_smri__vol__dst__gr"
"co_longi1 - co_longi3","(ses-04A) - (ses-02A)",-24.7429434716002,17.2085262714574,Inf,-1.43783047317885,0.475624206659927,"mr_y_smri__vol__dst__gr"
"co_longi2 - co_longi3","(ses-04A) - (ses-02A)",-39.8799141650005,20.6330135782054,Inf,-1.93282062331048,0.214248645379297,"mr_y_smri__vol__dst__gr"
"co_longi0 - co_longi1","(ses-06A) - (ses-04A)",-26.6466932888809,7.02015420362903,Inf,-3.79574187631178,0.000847642334113385,"mr_y_smri__vol__dst__gr"
"co_longi0 - co_longi2","(ses-06A) - (ses-04A)",-38.8509394440018,13.222369299884,Inf,-2.93827366055664,0.017384428955651,"mr_y_smri__vol__dst__gr"
"co_longi0 - co_longi3","(ses-06A) - (ses-04A)",-11.7463214570796,16.6378465840531,Inf,-0.706000106308112,0.894761683707354,"mr_y_smri__vol__dst__gr"
"co_longi1 - co_longi2","(ses-06A) - (ses-04A)",-12.2042461551209,13.5598407117499,Inf,-0.900028725598938,0.804812209569209,"mr_y_smri__vol__dst__gr"
"co_longi1 - co_longi3","(ses-06A) - (ses-04A)",14.9003718318013,16.9021359289907,Inf,0.881567388547862,0.814448503573792,"mr_y_smri__vol__dst__gr"
"co_longi2 - co_longi3","(ses-06A) - (ses-04A)",27.1046179869222,20.2791706215642,Inf,1.33657428564164,0.539517737729414,"mr_y_smri__vol__dst__gr"
"co_longi0 - co_longi1","(ses-04A) - (ses-02A)",-20.0094208045555,11.8508653899553,Inf,-1.68843541346063,0.329742913941133,"mr_y_smri__vol__dst__gsca"
"co_longi0 - co_longi2","(ses-04A) - (ses-02A)",12.4416116188407,22.4995215444311,Inf,0.55297227517801,0.945771259982423,"mr_y_smri__vol__dst__gsca"
"co_longi0 - co_longi3","(ses-04A) - (ses-02A)",8.81844041776004,28.5308192586538,Inf,0.309084724760762,0.989766149193244,"mr_y_smri__vol__dst__gsca"
"co_longi1 - co_longi2","(ses-04A) - (ses-02A)",32.4510324233962,23.0807623542539,Inf,1.40597749438789,0.49553813281777,"mr_y_smri__vol__dst__gsca"
"co_longi1 - co_longi3","(ses-04A) - (ses-02A)",28.8278612223155,28.9736937932016,Inf,0.99496672492203,0.752296958302903,"mr_y_smri__vol__dst__gsca"
"co_longi2 - co_longi3","(ses-04A) - (ses-02A)",-3.62317120108069,34.7165946662095,Inf,-0.104364245281442,0.99959338132914,"mr_y_smri__vol__dst__gsca"
"co_longi0 - co_longi1","(ses-06A) - (ses-04A)",-53.2776629656312,11.8148379950864,Inf,-4.50938582380803,0.0000384884268381791,"mr_y_smri__vol__dst__gsca"
"co_longi0 - co_longi2","(ses-06A) - (ses-04A)",-40.902225062318,22.2141017086608,Inf,-1.84127297150041,0.253950594024201,"mr_y_smri__vol__dst__gsca"
"co_longi0 - co_longi3","(ses-06A) - (ses-04A)",-69.6738801084376,27.9874682738131,Inf,-2.48946705099543,0.0615376469125428,"mr_y_smri__vol__dst__gsca"
"co_longi1 - co_longi2","(ses-06A) - (ses-04A)",12.3754379033132,22.7773986563287,Inf,0.543320951177832,0.948361900107876,"mr_y_smri__vol__dst__gsca"
"co_longi1 - co_longi3","(ses-06A) - (ses-04A)",-16.3962171428064,28.4222264301458,Inf,-0.576880111172991,0.939033666923461,"mr_y_smri__vol__dst__gsca"
"co_longi2 - co_longi3","(ses-06A) - (ses-04A)",-28.7716550461196,34.0854290756975,Inf,-0.844104235338302,0.833358359816803,"mr_y_smri__vol__dst__gsca"
"co_longi0 - co_longi1","(ses-04A) - (ses-02A)",-6.6488735655446,8.43327298815477,Inf,-0.788409621612331,0.859762798434985,"mr_y_smri__vol__dst__gscma"
"co_longi0 - co_longi2","(ses-04A) - (ses-02A)",15.5647532546505,16.0316341616647,Inf,0.970877522384422,0.766056021038671,"mr_y_smri__vol__dst__gscma"
"co_longi0 - co_longi3","(ses-04A) - (ses-02A)",-5.58222302738286,20.3250770379796,Inf,-0.274647078431824,0.992765929525075,"mr_y_smri__vol__dst__gscma"
"co_longi1 - co_longi2","(ses-04A) - (ses-02A)",22.2136268201951,16.4485520999215,Inf,1.35049131894722,0.53064925722555,"mr_y_smri__vol__dst__gscma"
"co_longi1 - co_longi3","(ses-04A) - (ses-02A)",1.06665053816173,20.6435199906261,Inf,0.0516699932301315,0.999950502228735,"mr_y_smri__vol__dst__gscma"
"co_longi2 - co_longi3","(ses-04A) - (ses-02A)",-21.1469762820333,24.7397697839644,Inf,-0.854776599244678,0.828061991264638,"mr_y_smri__vol__dst__gscma"
"co_longi0 - co_longi1","(ses-06A) - (ses-04A)",-36.6623383371908,8.41824756750945,Inf,-4.35510336838874,0.0000784306883443442,"mr_y_smri__vol__dst__gscma"
"co_longi0 - co_longi2","(ses-06A) - (ses-04A)",-32.1266832391285,15.8362637624661,Inf,-2.02867821103565,0.177387742270247,"mr_y_smri__vol__dst__gscma"
"co_longi0 - co_longi3","(ses-06A) - (ses-04A)",-46.4103403542341,19.9450137371516,Inf,-2.32691443414679,0.0919580322856288,"mr_y_smri__vol__dst__gscma"
"co_longi1 - co_longi2","(ses-06A) - (ses-04A)",4.53565509806228,16.2388121431877,Inf,0.27930953681024,0.992398539507812,"mr_y_smri__vol__dst__gscma"
"co_longi1 - co_longi3","(ses-06A) - (ses-04A)",-9.74800201704334,20.2571653866931,Inf,-0.481212540400485,0.963275580175463,"mr_y_smri__vol__dst__gscma"
"co_longi2 - co_longi3","(ses-06A) - (ses-04A)",-14.2836571151056,24.2964844909787,Inf,-0.587889870257122,0.935777103287903,"mr_y_smri__vol__dst__gscma"
"co_longi0 - co_longi1","(ses-04A) - (ses-02A)",-6.2062411519708,7.90195907179041,Inf,-0.78540537803173,0.861126070880028,"mr_y_smri__vol__dst__gscmp"
"co_longi0 - co_longi2","(ses-04A) - (ses-02A)",4.08626215540456,15.0364150246625,Inf,0.271757739374867,0.992987722120168,"mr_y_smri__vol__dst__gscmp"
"co_longi0 - co_longi3","(ses-04A) - (ses-02A)",-2.10575205219566,19.0601224209175,Inf,-0.110479461028262,0.999517871308562,"mr_y_smri__vol__dst__gscmp"
"co_longi1 - co_longi2","(ses-04A) - (ses-02A)",10.2925033073754,15.4291206762748,Inf,0.667082948103583,0.909495311902197,"mr_y_smri__vol__dst__gscmp"
"co_longi1 - co_longi3","(ses-04A) - (ses-02A)",4.10048909977514,19.36059468529,Inf,0.211795617150678,0.996644449341811,"mr_y_smri__vol__dst__gscmp"
"co_longi2 - co_longi3","(ses-04A) - (ses-02A)",-6.19201420760022,23.2056673561171,Inf,-0.266831981712777,0.993355588254189,"mr_y_smri__vol__dst__gscmp"
"co_longi0 - co_longi1","(ses-06A) - (ses-04A)",-33.6816704864263,7.89567147742649,Inf,-4.26583990769135,0.000117122033474137,"mr_y_smri__vol__dst__gscmp"
"co_longi0 - co_longi2","(ses-06A) - (ses-04A)",-30.835243720628,14.8591203432148,Inf,-2.07517289101898,0.161226945886683,"mr_y_smri__vol__dst__gscmp"
"co_longi0 - co_longi3","(ses-06A) - (ses-04A)",-48.2136844356695,18.7090852917363,Inf,-2.57701986408524,0.0489491138569936,"mr_y_smri__vol__dst__gscmp"
"co_longi1 - co_longi2","(ses-06A) - (ses-04A)",2.84642676579826,15.2374215519444,Inf,0.186805015277341,0.997689023260485,"mr_y_smri__vol__dst__gscmp"
"co_longi1 - co_longi3","(ses-06A) - (ses-04A)",-14.5320139492432,19.0034231432952,Inf,-0.764705066011772,0.870343602124533,"mr_y_smri__vol__dst__gscmp"
"co_longi2 - co_longi3","(ses-06A) - (ses-04A)",-17.3784407150415,22.7950488003724,Inf,-0.762377868423669,0.871360456634215,"mr_y_smri__vol__dst__gscmp"
"co_longi0 - co_longi1","(ses-04A) - (ses-02A)",-5.16790607724267,6.77040770772391,Inf,-0.763307957266289,0.870954534767435,"mr_y_smri__vol__dst__gsfm"
"co_longi0 - co_longi2","(ses-04A) - (ses-02A)",18.7748649997559,12.8953756265313,Inf,1.45593781394999,0.46440328949886,"mr_y_smri__vol__dst__gsfm"
"co_longi0 - co_longi3","(ses-04A) - (ses-02A)",8.55126194972826,16.3433133884929,Inf,0.523226945874333,0.953518354280949,"mr_y_smri__vol__dst__gsfm"
"co_longi1 - co_longi2","(ses-04A) - (ses-02A)",23.9427710769986,13.2333159571962,Inf,1.8092797870498,0.26885215696538,"mr_y_smri__vol__dst__gsfm"
"co_longi1 - co_longi3","(ses-04A) - (ses-02A)",13.7191680269709,16.6022918756301,Inf,0.826341816524066,0.84200793793627,"mr_y_smri__vol__dst__gsfm"
"co_longi2 - co_longi3","(ses-04A) - (ses-02A)",-10.2236030500277,19.902457887845,Inf,-0.513685450693582,0.955855217863537,"mr_y_smri__vol__dst__gsfm"
"co_longi0 - co_longi1","(ses-06A) - (ses-04A)",-23.1827688178753,6.77153893996318,Inf,-3.42355984709162,0.00345948866439283,"mr_y_smri__vol__dst__gsfm"
"co_longi0 - co_longi2","(ses-06A) - (ses-04A)",-29.942777841118,12.7483658027171,Inf,-2.34875420932274,0.0872810899078447,"mr_y_smri__vol__dst__gsfm"
"co_longi0 - co_longi3","(ses-06A) - (ses-04A)",-36.9271948376227,16.0469845062379,Inf,-2.30119215378242,0.0977195224227932,"mr_y_smri__vol__dst__gsfm"
"co_longi1 - co_longi2","(ses-06A) - (ses-04A)",-6.76000902324267,13.0733382773909,Inf,-0.517083615508786,0.955031161894767,"mr_y_smri__vol__dst__gsfm"
"co_longi1 - co_longi3","(ses-06A) - (ses-04A)",-13.7444260197474,16.3006003550515,Inf,-0.843185264368995,0.833810962681899,"mr_y_smri__vol__dst__gsfm"
"co_longi2 - co_longi3","(ses-06A) - (ses-04A)",-6.98441699650474,19.5549297902014,Inf,-0.357169116506085,0.98439522250315,"mr_y_smri__vol__dst__gsfm"
"co_longi0 - co_longi1","(ses-04A) - (ses-02A)",-14.2174237459262,9.71088341812935,Inf,-1.46407109773181,0.4593892079487,"mr_y_smri__vol__dst__gssc"
"co_longi0 - co_longi2","(ses-04A) - (ses-02A)",8.62369052099228,18.4476195882606,Inf,0.46746901299288,0.96617112717414,"mr_y_smri__vol__dst__gssc"
"co_longi0 - co_longi3","(ses-04A) - (ses-02A)",-2.0103929264952,23.3906604937596,Inf,-0.0859485317668369,0.999772585654668,"mr_y_smri__vol__dst__gssc"
"co_longi1 - co_longi2","(ses-04A) - (ses-02A)",22.8411142669185,18.9257299476082,Inf,1.20688154856638,0.622450064172709,"mr_y_smri__vol__dst__gssc"
"co_longi1 - co_longi3","(ses-04A) - (ses-02A)",12.207030819431,23.7553741718965,Inf,0.513863967416367,0.955812153136501,"mr_y_smri__vol__dst__gssc"
"co_longi2 - co_longi3","(ses-04A) - (ses-02A)",-10.6340834474875,28.466293603561,Inf,-0.373567546080435,0.982224871238968,"mr_y_smri__vol__dst__gssc"
"co_longi0 - co_longi1","(ses-06A) - (ses-04A)",-38.0739833207181,9.68697830150524,Inf,-3.93042929752427,0.000491918691894799,"mr_y_smri__vol__dst__gssc"
"co_longi0 - co_longi2","(ses-06A) - (ses-04A)",-32.9340590489696,18.2178185420672,Inf,-1.80779378018947,0.269557032105399,"mr_y_smri__vol__dst__gssc"
"co_longi0 - co_longi3","(ses-06A) - (ses-04A)",-61.8722040373363,22.9488654422702,Inf,-2.69608988701342,0.0353617503036529,"mr_y_smri__vol__dst__gssc"
"co_longi1 - co_longi2","(ses-06A) - (ses-04A)",5.13992427174857,18.6803254502411,Inf,0.275151751795751,0.992726729870141,"mr_y_smri__vol__dst__gssc"
"co_longi1 - co_longi3","(ses-06A) - (ses-04A)",-23.7982207166182,23.3066240252859,Inf,-1.02109257397378,0.73707971844418,"mr_y_smri__vol__dst__gssc"
"co_longi2 - co_longi3","(ses-06A) - (ses-04A)",-28.9381449883668,27.9521107396651,Inf,-1.03527584223908,0.728699387692286,"mr_y_smri__vol__dst__gssc"
"co_longi0 - co_longi1","(ses-04A) - (ses-02A)",-15.9663511952236,8.03970663891487,Inf,-1.98593703878959,0.193229501338513,"mr_y_smri__vol__dst__gstf"
"co_longi0 - co_longi2","(ses-04A) - (ses-02A)",2.51358959687468,15.324904395933,Inf,0.16401992025097,0.998431016540761,"mr_y_smri__vol__dst__gstf"
"co_longi0 - co_longi3","(ses-04A) - (ses-02A)",4.64897205922362,19.4194903915421,Inf,0.23939722235185,0.995176632467377,"mr_y_smri__vol__dst__gstf"
"co_longi1 - co_longi2","(ses-04A) - (ses-02A)",18.4799407920983,15.7274565309729,Inf,1.17501140478149,0.642675549824865,"mr_y_smri__vol__dst__gstf"
"co_longi1 - co_longi3","(ses-04A) - (ses-02A)",20.6153232544472,19.7283697661893,Inf,1.04495827576073,0.722933249794352,"mr_y_smri__vol__dst__gstf"
"co_longi2 - co_longi3","(ses-04A) - (ses-02A)",2.13538246234894,23.6528773906121,Inf,0.0902800292363785,0.999736516572551,"mr_y_smri__vol__dst__gstf"
"co_longi0 - co_longi1","(ses-06A) - (ses-04A)",-31.5247287567513,8.04756280157324,Inf,-3.91730136614634,0.000519135855218456,"mr_y_smri__vol__dst__gstf"
"co_longi0 - co_longi2","(ses-06A) - (ses-04A)",-38.6575266302045,15.1552988827489,Inf,-2.55075976589335,0.0524751601671932,"mr_y_smri__vol__dst__gstf"
"co_longi0 - co_longi3","(ses-06A) - (ses-04A)",-55.2956135018038,19.072226695143,Inf,-2.8992741322588,0.0195756220835769,"mr_y_smri__vol__dst__gstf"
"co_longi1 - co_longi2","(ses-06A) - (ses-04A)",-7.13279787345311,15.5419642743383,Inf,-0.458937991848962,0.967896236963924,"mr_y_smri__vol__dst__gstf"
"co_longi1 - co_longi3","(ses-06A) - (ses-04A)",-23.7708847450525,19.3747108775876,Inf,-1.22690268232856,0.609683073140003,"mr_y_smri__vol__dst__gstf"
"co_longi2 - co_longi3","(ses-06A) - (ses-04A)",-16.6380868715993,23.244786867348,Inf,-0.715777131730594,0.890875733898658,"mr_y_smri__vol__dst__gstf"
"co_longi0 - co_longi1","(ses-04A) - (ses-02A)",11.221781553202,22.5122085948373,Inf,0.498475371971078,0.959432878505658,"mr_y_smri__vol__dst__gti"
"co_longi0 - co_longi2","(ses-04A) - (ses-02A)",23.3069237635675,42.761093152498,Inf,0.545049764758084,0.947903296780058,"mr_y_smri__vol__dst__gti"
"co_longi0 - co_longi3","(ses-04A) - (ses-02A)",56.6313159944458,54.2199065039895,Inf,1.04447461543075,0.7232221244684,"mr_y_smri__vol__dst__gti"
"co_longi1 - co_longi2","(ses-04A) - (ses-02A)",12.0851422103655,43.8686579200253,Inf,0.275484657688806,0.992700796853931,"mr_y_smri__vol__dst__gti"
"co_longi1 - co_longi3","(ses-04A) - (ses-02A)",45.4095344412438,55.0645941496218,Inf,0.824659386716931,0.842816321632523,"mr_y_smri__vol__dst__gti"
"co_longi2 - co_longi3","(ses-04A) - (ses-02A)",33.3243922308782,65.9833496302121,Inf,0.505042445065866,0.957910360602594,"mr_y_smri__vol__dst__gti"
"co_longi0 - co_longi1","(ses-06A) - (ses-04A)",-77.8709377845876,22.454213984936,Inf,-3.46798769428443,0.00294707309104802,"mr_y_smri__vol__dst__gti"
"co_longi0 - co_longi2","(ses-06A) - (ses-04A)",-49.7370890247121,42.2264816225616,Inf,-1.17786486379054,0.64087064966294,"mr_y_smri__vol__dst__gti"
"co_longi0 - co_longi3","(ses-06A) - (ses-04A)",-106.981683290121,53.1941237864648,Inf,-2.01115603895598,0.183767251973143,"mr_y_smri__vol__dst__gti"
"co_longi1 - co_longi2","(ses-06A) - (ses-04A)",28.1338487598754,43.2982698252028,Inf,0.649768428933839,0.915668275630923,"mr_y_smri__vol__dst__gti"
"co_longi1 - co_longi3","(ses-06A) - (ses-04A)",-29.1107455055332,54.0228174213041,Inf,-0.538860187141096,0.949534238868224,"mr_y_smri__vol__dst__gti"
"co_longi2 - co_longi3","(ses-06A) - (ses-04A)",-57.2445942654086,64.7899380639814,Inf,-0.883541425967693,0.813427866916563,"mr_y_smri__vol__dst__gti"
"co_longi0 - co_longi1","(ses-04A) - (ses-02A)",19.5190374483045,19.4581655731125,Inf,1.00312834603875,0.747574913343882,"mr_y_smri__vol__dst__gtm"
"co_longi0 - co_longi2","(ses-04A) - (ses-02A)",66.4818710140909,36.8892108994416,Inf,1.80220366316096,0.272218714707672,"mr_y_smri__vol__dst__gtm"
"co_longi0 - co_longi3","(ses-04A) - (ses-02A)",97.980775631179,46.7870259110063,Inf,2.09418687602731,0.154935404010356,"mr_y_smri__vol__dst__gtm"
"co_longi1 - co_longi2","(ses-04A) - (ses-02A)",46.9628335657864,37.8336780305902,Inf,1.24129706680421,0.600483759508098,"mr_y_smri__vol__dst__gtm"
"co_longi1 - co_longi3","(ses-04A) - (ses-02A)",78.4617381828745,47.5045226342812,Inf,1.65166880608234,0.349634195906455,"mr_y_smri__vol__dst__gtm"
"co_longi2 - co_longi3","(ses-04A) - (ses-02A)",31.4989046170881,56.9096351617032,Inf,0.553489835729696,0.945630238499854,"mr_y_smri__vol__dst__gtm"
"co_longi0 - co_longi1","(ses-06A) - (ses-04A)",-45.0538404286807,19.3722653551843,Inf,-2.32568776044685,0.0922265223411233,"mr_y_smri__vol__dst__gtm"
"co_longi0 - co_longi2","(ses-06A) - (ses-04A)",-17.374161542948,36.4013557348928,Inf,-0.477294353251075,0.964115793781831,"mr_y_smri__vol__dst__gtm"
"co_longi0 - co_longi3","(ses-06A) - (ses-04A)",-82.0812743102578,45.879151056422,Inf,-1.78907570040506,0.278531702255893,"mr_y_smri__vol__dst__gtm"
"co_longi1 - co_longi2","(ses-06A) - (ses-04A)",27.6796788857327,37.321397564441,Inf,0.741657083927245,0.880238464193682,"mr_y_smri__vol__dst__gtm"
"co_longi1 - co_longi3","(ses-06A) - (ses-04A)",-37.0274338815771,46.5852235782954,Inf,-0.794832160016263,0.856826932285706,"mr_y_smri__vol__dst__gtm"
"co_longi2 - co_longi3","(ses-06A) - (ses-04A)",-64.7071127673098,55.860228641491,Inf,-1.15837536546078,0.653170729246,"mr_y_smri__vol__dst__gtm"
"co_longi0 - co_longi1","(ses-04A) - (ses-02A)",-4.9862247371,4.50338702574974,Inf,-1.1072165702369,0.685083188623608,"mr_y_smri__vol__dst__gtsgtt"
"co_longi0 - co_longi2","(ses-04A) - (ses-02A)",-4.46569799220035,8.56395009658958,Inf,-0.52145306100963,0.953958228715938,"mr_y_smri__vol__dst__gtsgtt"
"co_longi0 - co_longi3","(ses-04A) - (ses-02A)",-1.29467768588971,10.8568302920966,Inf,-0.119250062039948,0.999394148224808,"mr_y_smri__vol__dst__gtsgtt"
"co_longi1 - co_longi2","(ses-04A) - (ses-02A)",0.520526744899644,8.78702218542649,Inf,0.0592381279932298,0.999925434533029,"mr_y_smri__vol__dst__gtsgtt"
"co_longi1 - co_longi3","(ses-04A) - (ses-02A)",3.69154705121029,11.0273215146184,Inf,0.334763709058139,0.987077353838396,"mr_y_smri__vol__dst__gtsgtt"
"co_longi2 - co_longi3","(ses-04A) - (ses-02A)",3.17102030631064,13.2161314568931,Inf,0.239935590581368,0.99514448587922,"mr_y_smri__vol__dst__gtsgtt"
"co_longi0 - co_longi1","(ses-06A) - (ses-04A)",-15.6466868136722,4.49694331602536,Inf,-3.47940494555791,0.00282718538207272,"mr_y_smri__vol__dst__gtsgtt"
"co_longi0 - co_longi2","(ses-06A) - (ses-04A)",-8.30959659686367,8.46078602162629,Inf,-0.982130569857674,0.759662482650847,"mr_y_smri__vol__dst__gtsgtt"
"co_longi0 - co_longi3","(ses-06A) - (ses-04A)",-13.5105082599123,10.6548916941704,Inf,-1.26800991016214,0.583384456810742,"mr_y_smri__vol__dst__gtsgtt"
"co_longi1 - co_longi2","(ses-06A) - (ses-04A)",7.33709021680857,8.67598099989688,Inf,0.845678456061139,0.832581760044476,"mr_y_smri__vol__dst__gtsgtt"
"co_longi1 - co_longi3","(ses-06A) - (ses-04A)",2.13617855375995,10.8219670939011,Inf,0.197392815485813,0.997277527577955,"mr_y_smri__vol__dst__gtsgtt"
"co_longi2 - co_longi3","(ses-06A) - (ses-04A)",-5.20091166304862,12.9803517168895,Inf,-0.400675711759136,0.97823756209235,"mr_y_smri__vol__dst__gtsgtt"
"co_longi0 - co_longi1","(ses-04A) - (ses-02A)",21.7966742928407,13.6363412509708,Inf,1.5984254054429,0.379469011030195,"mr_y_smri__vol__dst__gtsl"
"co_longi0 - co_longi2","(ses-04A) - (ses-02A)",66.6733785125285,25.8673024448298,Inf,2.57751571331145,0.0488844982345347,"mr_y_smri__vol__dst__gtsl"
"co_longi0 - co_longi3","(ses-04A) - (ses-02A)",57.4696903595193,32.8052942477313,Inf,1.75184194128951,0.296905808741839,"mr_y_smri__vol__dst__gtsl"
"co_longi1 - co_longi2","(ses-04A) - (ses-02A)",44.8767042196878,26.5321406995285,Inf,1.69140909992556,0.328160718360921,"mr_y_smri__vol__dst__gtsl"
"co_longi1 - co_longi3","(ses-04A) - (ses-02A)",35.6730160666786,33.3109929285017,Inf,1.07090821769398,0.707310737844693,"mr_y_smri__vol__dst__gtsl"
"co_longi2 - co_longi3","(ses-04A) - (ses-02A)",-9.20368815300922,39.9090487426898,Inf,-0.230616575512717,0.995681491998928,"mr_y_smri__vol__dst__gtsl"
"co_longi0 - co_longi1","(ses-06A) - (ses-04A)",-17.4752578718018,13.5837452065343,Inf,-1.28648304323284,0.571551697024276,"mr_y_smri__vol__dst__gtsl"
"co_longi0 - co_longi2","(ses-06A) - (ses-04A)",-0.617631952792113,25.5308528954461,Inf,-0.0241915910651883,0.999994916027705,"mr_y_smri__vol__dst__gtsl"
"co_longi0 - co_longi3","(ses-06A) - (ses-04A)",-13.6064448761939,32.1734522644259,Inf,-0.422909073119222,0.974582775286954,"mr_y_smri__vol__dst__gtsl"
"co_longi1 - co_longi2","(ses-06A) - (ses-04A)",16.8576259190097,26.1770507341037,Inf,0.643984919853763,0.917677269894242,"mr_y_smri__vol__dst__gtsl"
"co_longi1 - co_longi3","(ses-06A) - (ses-04A)",3.8688129956079,32.6705488855455,Inf,0.118418977567885,0.999406683266528,"mr_y_smri__vol__dst__gtsl"
"co_longi2 - co_longi3","(ses-06A) - (ses-04A)",-12.9888129234018,39.1771943993074,Inf,-0.331540150400137,0.987437056540708,"mr_y_smri__vol__dst__gtsl"
"co_longi0 - co_longi1","(ses-04A) - (ses-02A)",-16.7171023653864,6.49808710087705,Inf,-2.57261900400352,0.0495257558740552,"mr_y_smri__vol__dst__gtspp"
"co_longi0 - co_longi2","(ses-04A) - (ses-02A)",1.68427858210053,12.3477990125017,Inf,0.136403142000875,0.999094787736856,"mr_y_smri__vol__dst__gtspp"
"co_longi0 - co_longi3","(ses-04A) - (ses-02A)",6.00422388924196,15.6557027771852,Inf,0.383516727079911,0.98082012783029,"mr_y_smri__vol__dst__gtspp"
"co_longi1 - co_longi2","(ses-04A) - (ses-02A)",18.4013809474869,12.6682799509459,Inf,1.4525555970298,0.466493254411439,"mr_y_smri__vol__dst__gtspp"
"co_longi1 - co_longi3","(ses-04A) - (ses-02A)",22.7213262546284,15.9003026839406,Inf,1.4289870266166,0.481131748693688,"mr_y_smri__vol__dst__gtspp"
"co_longi2 - co_longi3","(ses-04A) - (ses-02A)",4.31994530714143,19.0542456811487,Inf,0.22671825373887,0.995894077327264,"mr_y_smri__vol__dst__gtspp"
"co_longi0 - co_longi1","(ses-06A) - (ses-04A)",-17.0374786648775,6.4838867248847,Inf,-2.62766445309553,0.0427099525074071,"mr_y_smri__vol__dst__gtspp"
"co_longi0 - co_longi2","(ses-06A) - (ses-04A)",-8.20893666560521,12.195337385806,Inf,-0.673120915470487,0.90728700582231,"mr_y_smri__vol__dst__gtspp"
"co_longi0 - co_longi3","(ses-06A) - (ses-04A)",-17.852019984409,15.3611932113915,Inf,-1.16215060501747,0.650793387418886,"mr_y_smri__vol__dst__gtspp"
"co_longi1 - co_longi2","(ses-06A) - (ses-04A)",8.82854199927232,12.5051108502534,Inf,0.705994701285947,0.894763811664414,"mr_y_smri__vol__dst__gtspp"
"co_longi1 - co_longi3","(ses-06A) - (ses-04A)",-0.814541319531442,15.6010545298833,Inf,-0.0522106578097791,0.999948933184017,"mr_y_smri__vol__dst__gtspp"
"co_longi2 - co_longi3","(ses-06A) - (ses-04A)",-9.64308331880376,18.711177239586,Inf,-0.515364864290982,0.955449093009658,"mr_y_smri__vol__dst__gtspp"
"co_longi0 - co_longi1","(ses-04A) - (ses-02A)",-14.0533969447375,9.0245535372925,Inf,-1.55724013234164,0.403317496310537,"mr_y_smri__vol__dst__gtspt"
"co_longi0 - co_longi2","(ses-04A) - (ses-02A)",-1.39486323457038,17.1933589223793,Inf,-0.0811280239578312,0.999808686218097,"mr_y_smri__vol__dst__gtspt"
"co_longi0 - co_longi3","(ses-04A) - (ses-02A)",-21.8701481441314,21.789367397389,Inf,-1.00370734704084,0.747238803596494,"mr_y_smri__vol__dst__gtspt"
"co_longi1 - co_longi2","(ses-04A) - (ses-02A)",12.6585337101672,17.6443169555055,Inf,0.717428378898928,0.890212206560064,"mr_y_smri__vol__dst__gtspt"
"co_longi1 - co_longi3","(ses-04A) - (ses-02A)",-7.81675119939387,22.1351060664814,Inf,-0.353138185826477,0.984901580430155,"mr_y_smri__vol__dst__gtspt"
"co_longi2 - co_longi3","(ses-04A) - (ses-02A)",-20.475284909561,26.5361928778633,Inf,-0.771598435532991,0.867308441287825,"mr_y_smri__vol__dst__gtspt"
"co_longi0 - co_longi1","(ses-06A) - (ses-04A)",-28.0034956947401,9.02854980219378,Inf,-3.10166043365411,0.0103837093844356,"mr_y_smri__vol__dst__gtspt"
"co_longi0 - co_longi2","(ses-06A) - (ses-04A)",-18.1435602593129,16.9992918000507,Inf,-1.06731271353661,0.709489299473564,"mr_y_smri__vol__dst__gtspt"
"co_longi0 - co_longi3","(ses-06A) - (ses-04A)",-31.182001153462,21.3961219229918,Inf,-1.45736695956824,0.463521030742472,"mr_y_smri__vol__dst__gtspt"
"co_longi1 - co_longi2","(ses-06A) - (ses-04A)",9.85993543542725,17.4327626427318,Inf,0.565597985672004,0.942270081620049,"mr_y_smri__vol__dst__gtspt"
"co_longi1 - co_longi3","(ses-06A) - (ses-04A)",-3.17850545872193,21.7346932796579,Inf,-0.146241100245789,0.998885619468178,"mr_y_smri__vol__dst__gtspt"
"co_longi2 - co_longi3","(ses-06A) - (ses-04A)",-13.0384408941492,26.0746771064232,Inf,-0.500042276302524,0.959072656738732,"mr_y_smri__vol__dst__gtspt"
"co_longi0 - co_longi1","(ses-04A) - (ses-02A)",-5.74100484085566,3.31112356654148,Inf,-1.73385400015507,0.306026728580866,"mr_y_smri__vol__dst__lfah"
"co_longi0 - co_longi2","(ses-04A) - (ses-02A)",-1.10541564048134,6.32436016120363,Inf,-0.174786952720125,0.998103892843162,"mr_y_smri__vol__dst__lfah"
"co_longi0 - co_longi3","(ses-04A) - (ses-02A)",-0.34379260743042,8.01065719462838,Inf,-0.0429169042036842,0.999971627970495,"mr_y_smri__vol__dst__lfah"
"co_longi1 - co_longi2","(ses-04A) - (ses-02A)",4.63558920037432,6.4911812512833,Inf,0.714136460056152,0.891532947519204,"mr_y_smri__vol__dst__lfah"
"co_longi1 - co_longi3","(ses-04A) - (ses-02A)",5.39721223342524,8.13905475765455,Inf,0.663125190102611,0.910927225611339,"mr_y_smri__vol__dst__lfah"
"co_longi2 - co_longi3","(ses-04A) - (ses-02A)",0.761623033050921,9.76147583054933,Inf,0.0780233487509502,0.999829788949445,"mr_y_smri__vol__dst__lfah"
"co_longi0 - co_longi1","(ses-06A) - (ses-04A)",-6.46427564264266,3.32159259849688,Inf,-1.94613741780613,0.208839747524653,"mr_y_smri__vol__dst__lfah"
"co_longi0 - co_longi2","(ses-06A) - (ses-04A)",-8.07120087824069,6.26018402163594,Inf,-1.2892913132179,0.569753071396921,"mr_y_smri__vol__dst__lfah"
"co_longi0 - co_longi3","(ses-06A) - (ses-04A)",-12.2367200776049,7.87315103398465,Inf,-1.55423413380295,0.405082603286515,"mr_y_smri__vol__dst__lfah"
"co_longi1 - co_longi2","(ses-06A) - (ses-04A)",-1.60692523559803,6.42015825041996,Inf,-0.250293711294876,0.994498539001801,"mr_y_smri__vol__dst__lfah"
"co_longi1 - co_longi3","(ses-06A) - (ses-04A)",-5.77244443496224,7.99901858650673,Inf,-0.721644083275363,0.888508759308732,"mr_y_smri__vol__dst__lfah"
"co_longi2 - co_longi3","(ses-06A) - (ses-04A)",-4.1655191993642,9.5991038684162,Inf,-0.433948757765812,0.972635678274762,"mr_y_smri__vol__dst__lfah"
"co_longi0 - co_longi1","(ses-04A) - (ses-02A)",17.9048527529697,7.01854679282561,Inf,2.55107692254358,0.0524313388381258,"mr_y_smri__vol__dst__scc"
"co_longi0 - co_longi2","(ses-04A) - (ses-02A)",35.9919153131802,13.2415103976202,Inf,2.7181125288886,0.033239880084617,"mr_y_smri__vol__dst__scc"
"co_longi0 - co_longi3","(ses-04A) - (ses-02A)",29.7252536600951,16.8019738378871,Inf,1.76915247856577,0.288277804107755,"mr_y_smri__vol__dst__scc"
"co_longi1 - co_longi2","(ses-04A) - (ses-02A)",18.0870625602105,13.566499276987,Inf,1.33321516412799,0.541661026169609,"mr_y_smri__vol__dst__scc"
"co_longi1 - co_longi3","(ses-04A) - (ses-02A)",11.8204009071254,17.0458191992304,Inf,0.693448684922057,0.899642371355631,"mr_y_smri__vol__dst__scc"
"co_longi2 - co_longi3","(ses-04A) - (ses-02A)",-6.26666165308507,20.4096332991951,Inf,-0.307044304090079,0.989962795638659,"mr_y_smri__vol__dst__scc"
"co_longi0 - co_longi1","(ses-06A) - (ses-04A)",-12.0343287349599,6.95675734111001,Inf,-1.72987616857709,0.308064836954223,"mr_y_smri__vol__dst__scc"
"co_longi0 - co_longi2","(ses-06A) - (ses-04A)",2.40689821888801,13.0438804553885,Inf,0.184523173692052,0.997771973582367,"mr_y_smri__vol__dst__scc"
"co_longi0 - co_longi3","(ses-06A) - (ses-04A)",-21.9429416855308,16.4582447972349,Inf,-1.33324919855472,0.54163930565255,"mr_y_smri__vol__dst__scc"
"co_longi1 - co_longi2","(ses-06A) - (ses-04A)",14.4412269538479,13.3685849283333,Inf,1.08023601834187,0.701639073599271,"mr_y_smri__vol__dst__scc"
"co_longi1 - co_longi3","(ses-06A) - (ses-04A)",-9.90861295057081,16.7018297366665,Inf,-0.59326511566681,0.934151868918916,"mr_y_smri__vol__dst__scc"
"co_longi2 - co_longi3","(ses-06A) - (ses-04A)",-24.3498399044188,20.0199953929581,Inf,-1.21627599939327,0.616464220394098,"mr_y_smri__vol__dst__scc"
"co_longi0 - co_longi1","(ses-04A) - (ses-02A)",-6.01759813256657,3.15362905407702,Inf,-1.90815027049139,0.224515398126796,"mr_y_smri__vol__dst__scia"
"co_longi0 - co_longi2","(ses-04A) - (ses-02A)",-3.26690341831349,5.99601842708138,Inf,-0.544845460040337,0.947957616644934,"mr_y_smri__vol__dst__scia"
"co_longi0 - co_longi3","(ses-04A) - (ses-02A)",-5.26846463949588,7.6016119470757,Inf,-0.693072032113219,0.899786948999669,"mr_y_smri__vol__dst__scia"
"co_longi1 - co_longi2","(ses-04A) - (ses-02A)",2.75069471425308,6.15206816601092,Inf,0.447117073482732,0.970196098313238,"mr_y_smri__vol__dst__scia"
"co_longi1 - co_longi3","(ses-04A) - (ses-02A)",0.749133493070691,7.72083825004967,Inf,0.0970274818366868,0.999673068455272,"mr_y_smri__vol__dst__scia"
"co_longi2 - co_longi3","(ses-04A) - (ses-02A)",-2.00156122118239,9.25308720579164,Inf,-0.216312802059143,0.99642771764216,"mr_y_smri__vol__dst__scia"
"co_longi0 - co_longi1","(ses-06A) - (ses-04A)",-10.5974900824929,3.14851994659709,Inf,-3.3658640447702,0.00424697562374721,"mr_y_smri__vol__dst__scia"
"co_longi0 - co_longi2","(ses-06A) - (ses-04A)",-8.62414640158168,5.92333457422304,Inf,-1.45596138349367,0.464388735125495,"mr_y_smri__vol__dst__scia"
"co_longi0 - co_longi3","(ses-06A) - (ses-04A)",-10.2583325304147,7.45981340332374,Inf,-1.3751459957221,0.514992469648798,"mr_y_smri__vol__dst__scia"
"co_longi1 - co_longi2","(ses-06A) - (ses-04A)",1.97334368091125,6.07394380644489,Inf,0.324886720028162,0.988159119149011,"mr_y_smri__vol__dst__scia"
"co_longi1 - co_longi3","(ses-06A) - (ses-04A)",0.339157552078269,7.57666816852435,Inf,0.0447634163902316,0.999967807955906,"mr_y_smri__vol__dst__scia"
"co_longi2 - co_longi3","(ses-06A) - (ses-04A)",-1.63418612883298,9.08761972956132,Inf,-0.179825540401642,0.997936522612198,"mr_y_smri__vol__dst__scia"
"co_longi0 - co_longi1","(ses-04A) - (ses-02A)",9.40570576708709,5.164866215687,Inf,1.82109378526003,0.263288366578509,"mr_y_smri__vol__dst__scii"
"co_longi0 - co_longi2","(ses-04A) - (ses-02A)",-0.616225975079228,9.82089665911666,Inf,-0.0627464066132078,0.999911400623201,"mr_y_smri__vol__dst__scii"
"co_longi0 - co_longi3","(ses-04A) - (ses-02A)",10.7511210672207,12.4505132480251,Inf,0.86350826291648,0.82367444540533,"mr_y_smri__vol__dst__scii"
"co_longi1 - co_longi2","(ses-04A) - (ses-02A)",-10.0219317421663,10.0765969804339,Inf,-0.994575029806814,0.752522831772465,"mr_y_smri__vol__dst__scii"
"co_longi1 - co_longi3","(ses-04A) - (ses-02A)",1.34541530013365,12.6459074328579,Inf,0.106391360784269,0.999569293246937,"mr_y_smri__vol__dst__scii"
"co_longi2 - co_longi3","(ses-04A) - (ses-02A)",11.3673470423,15.1557703749233,Inf,0.750034261610901,0.87668744916216,"mr_y_smri__vol__dst__scii"
"co_longi0 - co_longi1","(ses-06A) - (ses-04A)",-18.901661828475,5.15696870453476,Inf,-3.66526595591978,0.00141070824174794,"mr_y_smri__vol__dst__scii"
"co_longi0 - co_longi2","(ses-06A) - (ses-04A)",-12.6561429315215,9.7022048753889,Inf,-1.3044604905866,0.560040954300664,"mr_y_smri__vol__dst__scii"
"co_longi0 - co_longi3","(ses-06A) - (ses-04A)",-21.8779251349449,12.2185848696544,Inf,-1.79054492548314,0.277820857056162,"mr_y_smri__vol__dst__scii"
"co_longi1 - co_longi2","(ses-06A) - (ses-04A)",6.24551889695348,9.94893478507272,Inf,0.627757547101846,0.923171925019359,"mr_y_smri__vol__dst__scii"
"co_longi1 - co_longi3","(ses-06A) - (ses-04A)",-2.97626330646988,12.4100785631302,Inf,-0.239826306604716,0.995151022617398,"mr_y_smri__vol__dst__scii"
"co_longi2 - co_longi3","(ses-06A) - (ses-04A)",-9.22178220342336,14.8850545246324,Inf,-0.61953298109609,0.92587652808743,"mr_y_smri__vol__dst__scii"
"co_longi0 - co_longi1","(ses-04A) - (ses-02A)",-7.56325023303992,5.05964949434636,Inf,-1.4948170306048,0.440593874391606,"mr_y_smri__vol__dst__scis"
"co_longi0 - co_longi2","(ses-04A) - (ses-02A)",2.33603361115928,9.60584435969626,Inf,0.243188784211485,0.994947258709296,"mr_y_smri__vol__dst__scis"
"co_longi0 - co_longi3","(ses-04A) - (ses-02A)",2.09483110183036,12.1808526036097,Inf,0.171977378759971,0.998193208225109,"mr_y_smri__vol__dst__scis"
"co_longi1 - co_longi2","(ses-04A) - (ses-02A)",9.8992838441992,9.85397042279528,Inf,1.0045984937502,0.746721207000273,"mr_y_smri__vol__dst__scis"
"co_longi1 - co_longi3","(ses-04A) - (ses-02A)",9.65808133487029,12.3699044953535,Inf,0.780772506246769,0.863215785569368,"mr_y_smri__vol__dst__scis"
"co_longi2 - co_longi3","(ses-04A) - (ses-02A)",-0.241202509328916,14.8217161991528,Inf,-0.0162735884352382,0.999998452209981,"mr_y_smri__vol__dst__scis"
"co_longi0 - co_longi1","(ses-06A) - (ses-04A)",-20.8326424428087,5.04417657379621,Inf,-4.13003830021165,0.000212288174713193,"mr_y_smri__vol__dst__scis"
"co_longi0 - co_longi2","(ses-06A) - (ses-04A)",-20.8622770631162,9.48392018219619,Inf,-2.19975249288582,0.123253475143093,"mr_y_smri__vol__dst__scis"
"co_longi0 - co_longi3","(ses-06A) - (ses-04A)",-23.4257503340202,11.9488172567415,Inf,-1.96050787543875,0.20310745458601,"mr_y_smri__vol__dst__scis"
"co_longi1 - co_longi2","(ses-06A) - (ses-04A)",-0.0296346203074738,9.72440061943755,Inf,-0.00304744955161954,0.999999989834863,"mr_y_smri__vol__dst__scis"
"co_longi1 - co_longi3","(ses-06A) - (ses-04A)",-2.59310789121145,12.1344093192459,Inf,-0.213698732504319,0.996554221676055,"mr_y_smri__vol__dst__scis"
"co_longi2 - co_longi3","(ses-06A) - (ses-04A)",-2.56347327090398,14.5521965963765,Inf,-0.17615713572357,0.998059299816147,"mr_y_smri__vol__dst__scis"
"co_longi0 - co_longi1","(ses-04A) - (ses-02A)",-12.6902212268664,5.74811960633354,Inf,-2.2077169745883,0.121080020295835,"mr_y_smri__vol__dst__scm"
"co_longi0 - co_longi2","(ses-04A) - (ses-02A)",-12.5909574869558,10.9394608291247,Inf,-1.15096691542916,0.657828020476933,"mr_y_smri__vol__dst__scm"
"co_longi0 - co_longi3","(ses-04A) - (ses-02A)",-0.0684907988962173,13.8664884217882,Inf,-0.00493930379580448,0.999999956718886,"mr_y_smri__vol__dst__scm"
"co_longi1 - co_longi2","(ses-04A) - (ses-02A)",0.0992637399105631,11.225322358072,Inf,0.00884284092199669,0.99999975164787,"mr_y_smri__vol__dst__scm"
"co_longi1 - co_longi3","(ses-04A) - (ses-02A)",12.6217304279702,14.0852629051028,Inf,0.896094770328896,0.806882600157151,"mr_y_smri__vol__dst__scm"
"co_longi2 - co_longi3","(ses-04A) - (ses-02A)",12.5224666880596,16.8829966831632,Inf,0.741720615306865,0.880211730580873,"mr_y_smri__vol__dst__scm"
"co_longi0 - co_longi1","(ses-06A) - (ses-04A)",-24.4512439656341,5.74435757802356,Inf,-4.25656718501966,0.000122048047543455,"mr_y_smri__vol__dst__scm"
"co_longi0 - co_longi2","(ses-06A) - (ses-04A)",-20.2644273005979,10.8110972381571,Inf,-1.87440986369781,0.239073957329268,"mr_y_smri__vol__dst__scm"
"co_longi0 - co_longi3","(ses-06A) - (ses-04A)",-38.925098754623,13.6116763393707,Inf,-2.85968441976799,0.0220449856391154,"mr_y_smri__vol__dst__scm"
"co_longi1 - co_longi2","(ses-06A) - (ses-04A)",4.18681666503622,11.0863943397531,Inf,0.377653593831074,0.981656087056999,"mr_y_smri__vol__dst__scm"
"co_longi1 - co_longi3","(ses-06A) - (ses-04A)",-14.4738547889889,13.8259704031569,Inf,-1.04685995752487,0.721796591567444,"mr_y_smri__vol__dst__scm"
"co_longi2 - co_longi3","(ses-06A) - (ses-04A)",-18.6606714540252,16.5848175532879,Inf,-1.12516591720515,0.673956836091714,"mr_y_smri__vol__dst__scm"
"co_longi0 - co_longi1","(ses-04A) - (ses-02A)",-13.4761601678802,6.3053894115982,Inf,-2.13724471054745,0.141356785653523,"mr_y_smri__vol__dst__scta"
"co_longi0 - co_longi2","(ses-04A) - (ses-02A)",-15.6838656156858,11.9826316045885,Inf,-1.30888323477123,0.557210833560513,"mr_y_smri__vol__dst__scta"
"co_longi0 - co_longi3","(ses-04A) - (ses-02A)",4.8788790029911,15.1925076106107,Inf,0.321137176826793,0.988554070485731,"mr_y_smri__vol__dst__scta"
"co_longi1 - co_longi2","(ses-04A) - (ses-02A)",-2.20770544780564,12.2937638018866,Inf,-0.17957929592456,0.997944919865262,"mr_y_smri__vol__dst__scta"
"co_longi1 - co_longi3","(ses-04A) - (ses-02A)",18.3550391708713,15.4300091741788,Inf,1.18956761228551,0.633455229628663,"mr_y_smri__vol__dst__scta"
"co_longi2 - co_longi3","(ses-04A) - (ses-02A)",20.5627446186769,18.4908863067347,Inf,1.11204753939716,0.682096864252503,"mr_y_smri__vol__dst__scta"
"co_longi0 - co_longi1","(ses-06A) - (ses-04A)",-19.7798906071202,6.29212823230552,Inf,-3.14359305418551,0.00905506036936865,"mr_y_smri__vol__dst__scta"
"co_longi0 - co_longi2","(ses-06A) - (ses-04A)",-11.4353566004951,11.8350702002645,Inf,-0.966226343147462,0.768680763209626,"mr_y_smri__vol__dst__scta"
"co_longi0 - co_longi3","(ses-06A) - (ses-04A)",-22.2757673926931,14.9070571309534,Inf,-1.49431019127438,0.4409015570928,"mr_y_smri__vol__dst__scta"
"co_longi1 - co_longi2","(ses-06A) - (ses-04A)",8.34453400662511,12.1357381549712,Inf,0.687600037184958,0.901874922417308,"mr_y_smri__vol__dst__scta"
"co_longi1 - co_longi3","(ses-06A) - (ses-04A)",-2.49587678557297,15.1399377487387,Inf,-0.164853834077415,0.998407126948416,"mr_y_smri__vol__dst__scta"
"co_longi2 - co_longi3","(ses-06A) - (ses-04A)",-10.8404107921981,18.1582843545439,Inf,-0.596995320732786,0.933010405990687,"mr_y_smri__vol__dst__scta"
"co_longi0 - co_longi1","(ses-04A) - (ses-02A)",-24.1112467279319,14.6749432800145,Inf,-1.64302145963103,0.354398944750495,"mr_y_smri__vol__dst__sfi"
"co_longi0 - co_longi2","(ses-04A) - (ses-02A)",6.91502851810044,27.9349487425403,Inf,0.247540404739315,0.994675379848432,"mr_y_smri__vol__dst__sfi"
"co_longi0 - co_longi3","(ses-04A) - (ses-02A)",-9.05062450017019,35.4078966983724,Inf,-0.25561033961631,0.99414633737144,"mr_y_smri__vol__dst__sfi"
"co_longi1 - co_longi2","(ses-04A) - (ses-02A)",31.0262752460323,28.6655664738754,Inf,1.0823534666342,0.700347693676832,"mr_y_smri__vol__dst__sfi"
"co_longi1 - co_longi3","(ses-04A) - (ses-02A)",15.0606222277617,35.9672714461565,Inf,0.418731297154627,0.975296535494679,"mr_y_smri__vol__dst__sfi"
"co_longi2 - co_longi3","(ses-04A) - (ses-02A)",-15.9656530182706,43.1129349793309,Inf,-0.370321645369883,0.982668686153174,"mr_y_smri__vol__dst__sfi"
"co_longi0 - co_longi1","(ses-06A) - (ses-04A)",-52.4915586229412,14.6688177791105,Inf,-3.5784450671746,0.00196070689899197,"mr_y_smri__vol__dst__sfi"
"co_longi0 - co_longi2","(ses-06A) - (ses-04A)",-57.964954548322,27.609840607367,Inf,-2.09943097363827,0.153232238992645,"mr_y_smri__vol__dst__sfi"
"co_longi0 - co_longi3","(ses-06A) - (ses-04A)",-72.3992476286462,34.7597076002288,Inf,-2.08284973111137,0.158664760689721,"mr_y_smri__vol__dst__sfi"
"co_longi1 - co_longi2","(ses-06A) - (ses-04A)",-5.47339592538081,28.3131343523179,Inf,-0.193316496056987,0.997441209133862,"mr_y_smri__vol__dst__sfi"
"co_longi1 - co_longi3","(ses-06A) - (ses-04A)",-19.9076890057051,35.3075759944967,Inf,-0.563836186568232,0.942766282538883,"mr_y_smri__vol__dst__sfi"
"co_longi2 - co_longi3","(ses-06A) - (ses-04A)",-14.4342930803242,42.3539335940144,Inf,-0.340801712036592,0.986386072544406,"mr_y_smri__vol__dst__sfi"
"co_longi0 - co_longi1","(ses-04A) - (ses-02A)",-9.62554101287159,15.5904610299669,Inf,-0.617399382505112,0.926569312543928,"mr_y_smri__vol__dst__sfm"
"co_longi0 - co_longi2","(ses-04A) - (ses-02A)",17.8811669201484,29.7601488366795,Inf,0.600842657685562,0.931821413777871,"mr_y_smri__vol__dst__sfm"
"co_longi0 - co_longi3","(ses-04A) - (ses-02A)",15.6944182637054,37.7003671308703,Inf,0.416293512718987,0.975707210289509,"mr_y_smri__vol__dst__sfm"
"co_longi1 - co_longi2","(ses-04A) - (ses-02A)",27.50670793302,30.5443953336797,Inf,0.900548451934478,0.804538005950892,"mr_y_smri__vol__dst__sfm"
"co_longi1 - co_longi3","(ses-04A) - (ses-02A)",25.319959276577,38.3034356485055,Inf,0.661036245127659,0.911678019321069,"mr_y_smri__vol__dst__sfm"
"co_longi2 - co_longi3","(ses-04A) - (ses-02A)",-2.18674865644293,45.9339222618166,Inf,-0.0476063995575815,0.999961280286936,"mr_y_smri__vol__dst__sfm"
"co_longi0 - co_longi1","(ses-06A) - (ses-04A)",-51.4654097162018,15.6293634362715,Inf,-3.29286665615342,0.00547750246124212,"mr_y_smri__vol__dst__sfm"
"co_longi0 - co_longi2","(ses-06A) - (ses-04A)",-58.3612926392345,29.4496946053611,Inf,-1.98172828008241,0.194840991233813,"mr_y_smri__vol__dst__sfm"
"co_longi0 - co_longi3","(ses-06A) - (ses-04A)",-111.865737819385,37.0447030928146,Inf,-3.01974988270545,0.0134935629465878,"mr_y_smri__vol__dst__sfm"
"co_longi1 - co_longi2","(ses-06A) - (ses-04A)",-6.89588292303262,30.2019747397626,Inf,-0.228325564220601,0.995807275731935,"mr_y_smri__vol__dst__sfm"
"co_longi1 - co_longi3","(ses-06A) - (ses-04A)",-60.4003281031833,37.6356184089608,Inf,-1.60487141321431,0.375795284867566,"mr_y_smri__vol__dst__sfm"
"co_longi2 - co_longi3","(ses-06A) - (ses-04A)",-53.5044451801507,45.1607557815537,Inf,-1.18475530921041,0.636506991891973,"mr_y_smri__vol__dst__sfm"
"co_longi0 - co_longi1","(ses-04A) - (ses-02A)",-5.58103137038412,19.197084877034,Inf,-0.290722857461596,0.991448847376114,"mr_y_smri__vol__dst__sfs"
"co_longi0 - co_longi2","(ses-04A) - (ses-02A)",23.9841559512275,36.5538359945361,Inf,0.656132394827523,0.913426971440239,"mr_y_smri__vol__dst__sfs"
"co_longi0 - co_longi3","(ses-04A) - (ses-02A)",-22.5147167439695,46.3299611714659,Inf,-0.485964507085234,0.962240747652927,"mr_y_smri__vol__dst__sfs"
"co_longi1 - co_longi2","(ses-04A) - (ses-02A)",29.5651873216116,37.510871383345,Inf,0.788176500072954,0.859868814194248,"mr_y_smri__vol__dst__sfs"
"co_longi1 - co_longi3","(ses-04A) - (ses-02A)",-16.9336853735853,47.0630415278487,Inf,-0.359808563659558,0.984057906241551,"mr_y_smri__vol__dst__sfs"
"co_longi2 - co_longi3","(ses-04A) - (ses-02A)",-46.4988726951969,56.415654399313,Inf,-0.824219326892416,0.843027449876058,"mr_y_smri__vol__dst__sfs"
"co_longi0 - co_longi1","(ses-06A) - (ses-04A)",-81.3798021056353,19.1947722308918,Inf,-4.23968573977989,0.000131525001189625,"mr_y_smri__vol__dst__sfs"
"co_longi0 - co_longi2","(ses-06A) - (ses-04A)",-64.6817749986328,36.1328293238474,Inf,-1.7901109934932,0.278030690339646,"mr_y_smri__vol__dst__sfs"
"co_longi0 - co_longi3","(ses-06A) - (ses-04A)",-116.225933480082,45.4859205199302,Inf,-2.55520680139156,0.0518635059866717,"mr_y_smri__vol__dst__sfs"
"co_longi1 - co_longi2","(ses-06A) - (ses-04A)",16.6980271070025,37.0535798271434,Inf,0.450645448696172,0.969520571502778,"mr_y_smri__vol__dst__sfs"
"co_longi1 - co_longi3","(ses-06A) - (ses-04A)",-34.8461313744465,46.2038594012184,Inf,-0.754182265854779,0.874909866356354,"mr_y_smri__vol__dst__sfs"
"co_longi2 - co_longi3","(ses-06A) - (ses-04A)",-51.544158481449,55.4265288498163,Inf,-0.929954654405891,0.788772173889109,"mr_y_smri__vol__dst__sfs"
"co_longi0 - co_longi1","(ses-04A) - (ses-02A)",-2.01243850988802,5.43907418485918,Inf,-0.369996518063694,0.982712751567579,"mr_y_smri__vol__dst__sipj"
"co_longi0 - co_longi2","(ses-04A) - (ses-02A)",1.44613084150925,10.3949314452022,Inf,0.139118843556848,0.999039906540707,"mr_y_smri__vol__dst__sipj"
"co_longi0 - co_longi3","(ses-04A) - (ses-02A)",-1.4772210398746,13.1712484536305,Inf,-0.112154974911845,0.999495671776118,"mr_y_smri__vol__dst__sipj"
"co_longi1 - co_longi2","(ses-04A) - (ses-02A)",3.45856935139727,10.6693474738007,Inf,0.324159407113699,0.988236400024482,"mr_y_smri__vol__dst__sipj"
"co_longi1 - co_longi3","(ses-04A) - (ses-02A)",0.535217470013422,13.3826008584658,Inf,0.0399935315768494,0.999977037774488,"mr_y_smri__vol__dst__sipj"
"co_longi2 - co_longi3","(ses-04A) - (ses-02A)",-2.92335188138385,16.0495261850092,Inf,-0.182145681292097,0.997856291084619,"mr_y_smri__vol__dst__sipj"
"co_longi0 - co_longi1","(ses-06A) - (ses-04A)",-13.6347893295886,5.45971988689846,Inf,-2.49734228349473,0.060305270994244,"mr_y_smri__vol__dst__sipj"
"co_longi0 - co_longi2","(ses-06A) - (ses-04A)",-5.51124355369323,10.291505084104,Inf,-0.535513854256923,0.950403323893411,"mr_y_smri__vol__dst__sipj"
"co_longi0 - co_longi3","(ses-06A) - (ses-04A)",-22.8105644888201,12.9416417582417,Inf,-1.76257115711719,0.291540690486136,"mr_y_smri__vol__dst__sipj"
"co_longi1 - co_longi2","(ses-06A) - (ses-04A)",8.12354577589539,10.5544935423527,Inf,0.769676512027559,0.868158136844827,"mr_y_smri__vol__dst__sipj"
"co_longi1 - co_longi3","(ses-06A) - (ses-04A)",-9.17577515923151,13.1488397586078,Inf,-0.697839149893406,0.89794897716482,"mr_y_smri__vol__dst__sipj"
"co_longi2 - co_longi3","(ses-06A) - (ses-04A)",-17.2993209351269,15.7797876000338,Inf,-1.09629618430921,0.691809962298617,"mr_y_smri__vol__dst__sipj"
"co_longi0 - co_longi1","(ses-04A) - (ses-02A)",-6.96099984005135,16.1600156045707,Inf,-0.430754524648015,0.97320819712282,"mr_y_smri__vol__dst__sipt"
"co_longi0 - co_longi2","(ses-04A) - (ses-02A)",38.7902602779842,30.7418853002066,Inf,1.2618048600202,0.58735841273067,"mr_y_smri__vol__dst__sipt"
"co_longi0 - co_longi3","(ses-04A) - (ses-02A)",-10.2474930183154,38.9702399821302,Inf,-0.262956887692105,0.993636017096727,"mr_y_smri__vol__dst__sipt"
"co_longi1 - co_longi2","(ses-04A) - (ses-02A)",45.7512601180356,31.5438634192459,Inf,1.45040128756458,0.467825918625264,"mr_y_smri__vol__dst__sipt"
"co_longi1 - co_longi3","(ses-04A) - (ses-02A)",-3.28649317826403,39.5835648401834,Inf,-0.0830267104929299,0.999794961070722,"mr_y_smri__vol__dst__sipt"
"co_longi2 - co_longi3","(ses-04A) - (ses-02A)",-49.0377532962996,47.4429927366609,Inf,-1.03361424875725,0.729685286178854,"mr_y_smri__vol__dst__sipt"
"co_longi0 - co_longi1","(ses-06A) - (ses-04A)",-80.695330749705,16.142626496621,Inf,-4.99889722199769,0.00000343983650741286,"mr_y_smri__vol__dst__sipt"
"co_longi0 - co_longi2","(ses-06A) - (ses-04A)",-75.8049823386185,30.3759357215378,Inf,-2.49556040128402,0.0605823100462209,"mr_y_smri__vol__dst__sipt"
"co_longi0 - co_longi3","(ses-06A) - (ses-04A)",-96.7544719994354,38.2493455448119,Inf,-2.52957196054715,0.0554728216389533,"mr_y_smri__vol__dst__sipt"
"co_longi1 - co_longi2","(ses-06A) - (ses-04A)",4.89034841108648,31.1489611608605,Inf,0.156998764287245,0.998622842565573,"mr_y_smri__vol__dst__sipt"
"co_longi1 - co_longi3","(ses-06A) - (ses-04A)",-16.0591412497304,38.8502400883466,Inf,-0.413360154614526,0.976195714649623,"mr_y_smri__vol__dst__sipt"
"co_longi2 - co_longi3","(ses-06A) - (ses-04A)",-20.9494896608169,46.6004147495888,Inf,-0.449555862826345,0.96973016993142,"mr_y_smri__vol__dst__sipt"
"co_longi0 - co_longi1","(ses-04A) - (ses-02A)",-14.9465186122012,7.1262520554444,Inf,-2.09738843025938,0.153893969762606,"mr_y_smri__vol__dst__soa"
"co_longi0 - co_longi2","(ses-04A) - (ses-02A)",-19.0790983713775,13.6059364912062,Inf,-1.40226278313946,0.497873530298731,"mr_y_smri__vol__dst__soa"
"co_longi0 - co_longi3","(ses-04A) - (ses-02A)",-6.30720308541843,17.2353016875115,Inf,-0.365946775970191,0.983255706467214,"mr_y_smri__vol__dst__soa"
"co_longi1 - co_longi2","(ses-04A) - (ses-02A)",-4.1325797591763,13.9646115925036,Inf,-0.295932309452469,0.990991136709166,"mr_y_smri__vol__dst__soa"
"co_longi1 - co_longi3","(ses-04A) - (ses-02A)",8.63931552678277,17.5112010999729,Inf,0.493359391937776,0.960595729972921,"mr_y_smri__vol__dst__soa"
"co_longi2 - co_longi3","(ses-04A) - (ses-02A)",12.7718952859591,21.0003893599713,Inf,0.608174213679272,0.929522800721591,"mr_y_smri__vol__dst__soa"
"co_longi0 - co_longi1","(ses-06A) - (ses-04A)",-23.5188541908845,7.14565864327555,Inf,-3.29134868666264,0.00550623136515405,"mr_y_smri__vol__dst__soa"
"co_longi0 - co_longi2","(ses-06A) - (ses-04A)",-22.9048527222046,13.4653192840253,Inf,-1.7010255931605,0.323071981359279,"mr_y_smri__vol__dst__soa"
"co_longi0 - co_longi3","(ses-06A) - (ses-04A)",-27.722805256158,16.9368743162773,Inf,-1.63683125578341,0.357829463124966,"mr_y_smri__vol__dst__soa"
"co_longi1 - co_longi2","(ses-06A) - (ses-04A)",0.614001468679939,13.8093331608606,Inf,0.0444627891533668,0.999968451889408,"mr_y_smri__vol__dst__soa"
"co_longi1 - co_longi3","(ses-06A) - (ses-04A)",-4.20395106527348,17.2072523034443,Inf,-0.244312746226891,0.994877924161139,"mr_y_smri__vol__dst__soa"
"co_longi2 - co_longi3","(ses-06A) - (ses-04A)",-4.81795253395341,20.6483117427745,Inf,-0.233333969090203,0.995529134099433,"mr_y_smri__vol__dst__soa"
"co_longi0 - co_longi1","(ses-04A) - (ses-02A)",-17.6021341532507,6.11956712846297,Inf,-2.87636915875645,0.0209728317121793,"mr_y_smri__vol__dst__sohs"
"co_longi0 - co_longi2","(ses-04A) - (ses-02A)",0.0679326093286008,11.6149245940418,Inf,0.00584873442600296,0.999999928140314,"mr_y_smri__vol__dst__sohs"
"co_longi0 - co_longi3","(ses-04A) - (ses-02A)",-7.52970650700541,14.7290833535767,Inf,-0.511213517246946,0.956448968870721,"mr_y_smri__vol__dst__sohs"
"co_longi1 - co_longi2","(ses-04A) - (ses-02A)",17.6700667625793,11.914469690137,Inf,1.48307622765677,0.447740274198332,"mr_y_smri__vol__dst__sohs"
"co_longi1 - co_longi3","(ses-04A) - (ses-02A)",10.0724276462453,14.9571875875853,Inf,0.673417217459087,0.907177899224197,"mr_y_smri__vol__dst__sohs"
"co_longi2 - co_longi3","(ses-04A) - (ses-02A)",-7.59763911633401,17.921151259247,Inf,-0.423948160831117,0.974403290062442,"mr_y_smri__vol__dst__sohs"
"co_longi0 - co_longi1","(ses-06A) - (ses-04A)",-31.3579306643283,6.09923086377753,Inf,-5.14129262601922,0.00000162995178543124,"mr_y_smri__vol__dst__sohs"
"co_longi0 - co_longi2","(ses-06A) - (ses-04A)",-33.8472351939858,11.4662872004858,Inf,-2.95189145380483,0.0166720225449396,"mr_y_smri__vol__dst__sohs"
"co_longi0 - co_longi3","(ses-06A) - (ses-04A)",-29.8911733152091,14.4474649154318,Inf,-2.06895628334639,0.163323687801191,"mr_y_smri__vol__dst__sohs"
"co_longi1 - co_longi2","(ses-06A) - (ses-04A)",-2.48930452965758,11.7568651115031,Inf,-0.211731997096914,0.996647438543828,"mr_y_smri__vol__dst__sohs"
"co_longi1 - co_longi3","(ses-06A) - (ses-04A)",1.46675734911918,14.6714845607541,Inf,0.0999733423734584,0.999642454973259,"mr_y_smri__vol__dst__sohs"
"co_longi2 - co_longi3","(ses-06A) - (ses-04A)",3.95606187877676,17.5943368443971,Inf,0.224848592690015,0.995993558938963,"mr_y_smri__vol__dst__sohs"
"co_longi0 - co_longi1","(ses-04A) - (ses-02A)",-3.09844935771,6.31066811912027,Inf,-0.490985946214192,0.961128318043225,"mr_y_smri__vol__dst__soml"
"co_longi0 - co_longi2","(ses-04A) - (ses-02A)",7.06930156342829,11.9971982420691,Inf,0.589246040683001,0.935369242695526,"mr_y_smri__vol__dst__soml"
"co_longi0 - co_longi3","(ses-04A) - (ses-02A)",-2.25380349738677,15.2100445752188,Inf,-0.148178625397247,0.998840984822712,"mr_y_smri__vol__dst__soml"
"co_longi1 - co_longi2","(ses-04A) - (ses-02A)",10.1677509211383,12.3092735192732,Inf,0.826023640243118,0.84216096304817,"mr_y_smri__vol__dst__soml"
"co_longi1 - co_longi3","(ses-04A) - (ses-02A)",0.844645860323231,15.4484312237457,Inf,0.0546751866315677,0.999941360640688,"mr_y_smri__vol__dst__soml"
"co_longi2 - co_longi3","(ses-04A) - (ses-02A)",-9.32310506081506,18.5139721685991,Inf,-0.503571301496697,0.958254353963911,"mr_y_smri__vol__dst__soml"
"co_longi0 - co_longi1","(ses-06A) - (ses-04A)",-19.2114637741792,6.29975382711209,Inf,-3.04955785597516,0.0122768809057898,"mr_y_smri__vol__dst__soml"
"co_longi0 - co_longi2","(ses-06A) - (ses-04A)",-22.0792800765404,11.8512435833885,Inf,-1.86303487234776,0.244116326773947,"mr_y_smri__vol__dst__soml"
"co_longi0 - co_longi3","(ses-06A) - (ses-04A)",-16.7095750098536,14.9258513775323,Inf,-1.11950565413014,0.677474431544706,"mr_y_smri__vol__dst__soml"
"co_longi1 - co_longi2","(ses-06A) - (ses-04A)",-2.86781630236119,12.1525222639156,Inf,-0.235985274503596,0.995377140442158,"mr_y_smri__vol__dst__soml"
"co_longi1 - co_longi3","(ses-06A) - (ses-04A)",2.50188876432566,15.1595177108527,Inf,0.165037490772847,0.99840183358875,"mr_y_smri__vol__dst__soml"
"co_longi2 - co_longi3","(ses-06A) - (ses-04A)",5.36970506668685,18.1824517221642,Inf,0.295323488203806,0.991045424002305,"mr_y_smri__vol__dst__soml"
"co_longi0 - co_longi1","(ses-04A) - (ses-02A)",-8.34792437109344,3.20890482511028,Inf,-2.60148705744382,0.0458451771423519,"mr_y_smri__vol__dst__somo"
"co_longi0 - co_longi2","(ses-04A) - (ses-02A)",1.93463890642764,6.12146465822344,Inf,0.316041832215545,0.989077112750032,"mr_y_smri__vol__dst__somo"
"co_longi0 - co_longi3","(ses-04A) - (ses-02A)",-12.6641981396942,7.75577810080521,Inf,-1.6328726757125,0.360031763672497,"mr_y_smri__vol__dst__somo"
"co_longi1 - co_longi2","(ses-04A) - (ses-02A)",10.2825632775211,6.28257419322251,Inf,1.63667995972314,0.357913512926456,"mr_y_smri__vol__dst__somo"
"co_longi1 - co_longi3","(ses-04A) - (ses-02A)",-4.31627376860079,7.87954843556589,Inf,-0.547781868960719,0.947173702552814,"mr_y_smri__vol__dst__somo"
"co_longi2 - co_longi3","(ses-04A) - (ses-02A)",-14.5988370461219,9.44822547565938,Inf,-1.54514062812446,0.410441628372748,"mr_y_smri__vol__dst__somo"
"co_longi0 - co_longi1","(ses-06A) - (ses-04A)",-12.7613864481466,3.2147055155216,Inf,-3.96969065643203,0.000418305706616939,"mr_y_smri__vol__dst__somo"
"co_longi0 - co_longi2","(ses-06A) - (ses-04A)",-18.8375617334183,6.05583217203772,Inf,-3.11064791729189,0.0100850326189367,"mr_y_smri__vol__dst__somo"
"co_longi0 - co_longi3","(ses-06A) - (ses-04A)",-13.5067336336741,7.61913892693658,Inf,-1.7727375446486,0.286509435822757,"mr_y_smri__vol__dst__somo"
"co_longi1 - co_longi2","(ses-06A) - (ses-04A)",-6.07617528527173,6.21045061138723,Inf,-0.978379133090714,0.761800617518429,"mr_y_smri__vol__dst__somo"
"co_longi1 - co_longi3","(ses-06A) - (ses-04A)",-0.745347185527509,7.74037366054739,Inf,-0.0962934372699004,0.999680415500003,"mr_y_smri__vol__dst__somo"
"co_longi2 - co_longi3","(ses-06A) - (ses-04A)",5.33082809974422,9.28734102211382,Inf,0.573988624629067,0.939872834972553,"mr_y_smri__vol__dst__somo"
"co_longi0 - co_longi1","(ses-04A) - (ses-02A)",-13.8395405275873,7.40005075423885,Inf,-1.8701953523305,0.240934319369893,"mr_y_smri__vol__dst__sost"
"co_longi0 - co_longi2","(ses-04A) - (ses-02A)",-3.03598159058222,14.078540760173,Inf,-0.215646041894538,0.996460268563422,"mr_y_smri__vol__dst__sost"
"co_longi0 - co_longi3","(ses-04A) - (ses-02A)",-0.107295835846543,17.8465496902498,Inf,-0.00601213330917194,0.999999921947808,"mr_y_smri__vol__dst__sost"
"co_longi1 - co_longi2","(ses-04A) - (ses-02A)",10.8035589370051,14.4459340357998,Inf,0.747861571998859,0.877613446780624,"mr_y_smri__vol__dst__sost"
"co_longi1 - co_longi3","(ses-04A) - (ses-02A)",13.7322446917408,18.1275577921889,Inf,0.757534183543351,0.873464159978119,"mr_y_smri__vol__dst__sost"
"co_longi2 - co_longi3","(ses-04A) - (ses-02A)",2.92868575473568,21.7270920448335,Inf,0.134794189148386,0.999126301126792,"mr_y_smri__vol__dst__sost"
"co_longi0 - co_longi1","(ses-06A) - (ses-04A)",-36.5391388664331,7.39267438994175,Inf,-4.94261439623895,0.00000459573529398849,"mr_y_smri__vol__dst__sost"
"co_longi0 - co_longi2","(ses-06A) - (ses-04A)",-36.1460224043031,13.9113995410647,Inf,-2.59830237048433,0.0462395416290449,"mr_y_smri__vol__dst__sost"
"co_longi0 - co_longi3","(ses-06A) - (ses-04A)",-55.5130127193213,17.5168219473719,Inf,-3.16912582008918,0.00832307078008176,"mr_y_smri__vol__dst__sost"
"co_longi1 - co_longi2","(ses-06A) - (ses-04A)",0.39311646213001,14.2654677812564,Inf,0.027557207948451,0.999992485723795,"mr_y_smri__vol__dst__sost"
"co_longi1 - co_longi3","(ses-06A) - (ses-04A)",-18.9738738528882,17.7921221547437,Inf,-1.06641994068309,0.710029567880509,"mr_y_smri__vol__dst__sost"
"co_longi2 - co_longi3","(ses-06A) - (ses-04A)",-19.3669903150182,21.3416199986625,Inf,-0.907475173685594,0.800868533666979,"mr_y_smri__vol__dst__sost"
"co_longi0 - co_longi1","(ses-04A) - (ses-02A)",-15.6251318990285,7.14194987602531,Inf,-2.18779635397334,0.126572006417218,"mr_y_smri__vol__dst__sotl"
"co_longi0 - co_longi2","(ses-04A) - (ses-02A)",-5.40348852541259,13.621461922878,Inf,-0.396689324244788,0.978855809071345,"mr_y_smri__vol__dst__sotl"
"co_longi0 - co_longi3","(ses-04A) - (ses-02A)",-6.27656898487032,17.258891524082,Inf,-0.363671616807626,0.983555952451993,"mr_y_smri__vol__dst__sotl"
"co_longi1 - co_longi2","(ses-04A) - (ses-02A)",10.2216433736159,13.9797905332061,Inf,0.731172856226745,0.884608708693453,"mr_y_smri__vol__dst__sotl"
"co_longi1 - co_longi3","(ses-04A) - (ses-02A)",9.34856291415822,17.5340839545655,Inf,0.533165173520461,0.95100800410427,"mr_y_smri__vol__dst__sotl"
"co_longi2 - co_longi3","(ses-04A) - (ses-02A)",-0.873080459457723,21.0240685301451,Inf,-0.0415276642675451,0.999974293860497,"mr_y_smri__vol__dst__sotl"
"co_longi0 - co_longi1","(ses-06A) - (ses-04A)",-29.8357627378129,7.15325641540593,Inf,-4.17093432769386,0.000177824553371675,"mr_y_smri__vol__dst__sotl"
"co_longi0 - co_longi2","(ses-06A) - (ses-04A)",-22.7294254605774,13.4741374836555,Inf,-1.68689279652586,0.330565280978709,"mr_y_smri__vol__dst__sotl"
"co_longi0 - co_longi3","(ses-06A) - (ses-04A)",-30.8259731602524,16.9535787461733,Inf,-1.81825758571536,0.264617564581546,"mr_y_smri__vol__dst__sotl"
"co_longi1 - co_longi2","(ses-06A) - (ses-04A)",7.10633727723554,13.8180988259848,Inf,0.514277496978971,0.955712298701099,"mr_y_smri__vol__dst__sotl"
"co_longi1 - co_longi3","(ses-06A) - (ses-04A)",-0.990210422439405,17.2231115934443,Inf,-0.0574931200478498,0.999931826661417,"mr_y_smri__vol__dst__sotl"
"co_longi2 - co_longi3","(ses-06A) - (ses-04A)",-8.09654769967494,20.664764458332,Inf,-0.391804499683538,0.979598259582271,"mr_y_smri__vol__dst__sotl"
"co_longi0 - co_longi1","(ses-04A) - (ses-02A)",-15.5003120981528,7.69306599538514,Inf,-2.01484195084912,0.18241204242373,"mr_y_smri__vol__dst__sotml"
"co_longi0 - co_longi2","(ses-04A) - (ses-02A)",7.62442316065171,14.6148711696704,Inf,0.521689385567377,0.953899769926451,"mr_y_smri__vol__dst__sotml"
"co_longi0 - co_longi3","(ses-04A) - (ses-02A)",10.6906683335035,18.5308349500717,Inf,0.576912392901223,0.939024260316657,"mr_y_smri__vol__dst__sotml"
"co_longi1 - co_longi2","(ses-04A) - (ses-02A)",23.1247352588046,14.9937106853837,Inf,1.54229568277233,0.412124120480365,"mr_y_smri__vol__dst__sotml"
"co_longi1 - co_longi3","(ses-04A) - (ses-02A)",26.1909804316563,18.8198400994525,Inf,1.39166859512362,0.50454739666589,"mr_y_smri__vol__dst__sotml"
"co_longi2 - co_longi3","(ses-04A) - (ses-02A)",3.06624517285176,22.5520974003287,Inf,0.135962749646827,0.999103486923579,"mr_y_smri__vol__dst__sotml"
"co_longi0 - co_longi1","(ses-06A) - (ses-04A)",-48.4153740767255,7.67436959271137,Inf,-6.3087102454262,0.00000000168757363638861,"mr_y_smri__vol__dst__sotml"
"co_longi0 - co_longi2","(ses-06A) - (ses-04A)",-39.2500116761066,14.4329963255245,Inf,-2.71946384457215,0.0331133239258936,"mr_y_smri__vol__dst__sotml"
"co_longi0 - co_longi3","(ses-06A) - (ses-04A)",-59.3007765950564,18.1809899735686,Inf,-3.26169128750785,0.0060957633483032,"mr_y_smri__vol__dst__sotml"
"co_longi1 - co_longi2","(ses-06A) - (ses-04A)",9.16536240061893,14.7994379895648,Inf,0.619304760564657,0.925950805804162,"mr_y_smri__vol__dst__sotml"
"co_longi1 - co_longi3","(ses-06A) - (ses-04A)",-10.8854025183309,18.4644733669019,Inf,-0.589532249419216,0.935282978618767,"mr_y_smri__vol__dst__sotml"
"co_longi2 - co_longi3","(ses-06A) - (ses-04A)",-20.0507649189498,22.1448891911969,Inf,-0.905435323962714,0.80195204103448,"mr_y_smri__vol__dst__sotml"
"co_longi0 - co_longi1","(ses-04A) - (ses-02A)",-15.3448826572855,7.61688210426391,Inf,-2.01458844278231,0.182505024317925,"mr_y_smri__vol__dst__spc"
"co_longi0 - co_longi2","(ses-04A) - (ses-02A)",-14.5459992176587,14.5427603099211,Inf,-1.00022271616038,0.749259404818584,"mr_y_smri__vol__dst__spc"
"co_longi0 - co_longi3","(ses-04A) - (ses-02A)",-12.091920964939,18.4219999252633,Inf,-0.65638481239795,0.913337411564051,"mr_y_smri__vol__dst__spc"
"co_longi1 - co_longi2","(ses-04A) - (ses-02A)",0.798883439626742,14.9261350362416,Inf,0.0535224582711469,0.999944989339632,"mr_y_smri__vol__dst__spc"
"co_longi1 - co_longi3","(ses-04A) - (ses-02A)",3.25296169234648,18.7169011057225,Inf,0.173798091573605,0.998135652538361,"mr_y_smri__vol__dst__spc"
"co_longi2 - co_longi3","(ses-04A) - (ses-02A)",2.45407825271973,22.4463516043815,Inf,0.109330830059737,0.999532709069889,"mr_y_smri__vol__dst__spc"
"co_longi0 - co_longi1","(ses-06A) - (ses-04A)",-29.2886668077651,7.63766975397562,Inf,-3.83476475825883,0.000725392030531569,"mr_y_smri__vol__dst__spc"
"co_longi0 - co_longi2","(ses-06A) - (ses-04A)",-21.0187158503895,14.3924975922615,Inf,-1.46039391117847,0.461654081456103,"mr_y_smri__vol__dst__spc"
"co_longi0 - co_longi3","(ses-06A) - (ses-04A)",-32.8276102236868,18.1030617038452,Inf,-1.813373381847,0.266916212642737,"mr_y_smri__vol__dst__spc"
"co_longi1 - co_longi2","(ses-06A) - (ses-04A)",8.26995095737557,14.7602004256363,Inf,0.560287172185811,0.943758310797062,"mr_y_smri__vol__dst__spc"
"co_longi1 - co_longi3","(ses-06A) - (ses-04A)",-3.5389434159217,18.3920623093256,Inf,-0.192416889221134,0.99747643811338,"mr_y_smri__vol__dst__spc"
"co_longi2 - co_longi3","(ses-06A) - (ses-04A)",-11.8088943732973,22.070071145788,Inf,-0.535063720243193,0.950519551844345,"mr_y_smri__vol__dst__spc"
"co_longi0 - co_longi1","(ses-04A) - (ses-02A)",-17.3203093641896,14.4757545033093,Inf,-1.19650477356673,0.629050341040804,"mr_y_smri__vol__dst__spct"
"co_longi0 - co_longi2","(ses-04A) - (ses-02A)",9.83446881835579,27.5307752056185,Inf,0.357217286651223,0.984389107348684,"mr_y_smri__vol__dst__spct"
"co_longi0 - co_longi3","(ses-04A) - (ses-02A)",-42.8664785385221,34.9011857565748,Inf,-1.22822413076458,0.608839160092004,"mr_y_smri__vol__dst__spct"
"co_longi1 - co_longi2","(ses-04A) - (ses-02A)",27.1547781825454,28.2481986809474,Inf,0.961292381480612,0.771453416571593,"mr_y_smri__vol__dst__spct"
"co_longi1 - co_longi3","(ses-04A) - (ses-02A)",-25.5461691743325,35.4495986185786,Inf,-0.720633523927805,0.888918331628744,"mr_y_smri__vol__dst__spct"
"co_longi2 - co_longi3","(ses-04A) - (ses-02A)",-52.7009473568779,42.4865919201671,Inf,-1.24041362168808,0.601048745178268,"mr_y_smri__vol__dst__spct"
"co_longi0 - co_longi1","(ses-06A) - (ses-04A)",-63.8775513111788,14.4564525779223,Inf,-4.41861867334812,0.0000586760254357444,"mr_y_smri__vol__dst__spct"
"co_longi0 - co_longi2","(ses-06A) - (ses-04A)",-51.7187608634339,27.2002058836146,Inf,-1.90141063949039,0.227375761671303,"mr_y_smri__vol__dst__spct"
"co_longi0 - co_longi3","(ses-06A) - (ses-04A)",-61.4439047610574,34.2529875646351,Inf,-1.79382614859837,0.276237251957227,"mr_y_smri__vol__dst__spct"
"co_longi1 - co_longi2","(ses-06A) - (ses-04A)",12.1587904477449,27.8921354536653,Inf,0.435921819895907,0.972278297088035,"mr_y_smri__vol__dst__spct"
"co_longi1 - co_longi3","(ses-06A) - (ses-04A)",2.43364655012145,34.7903752311535,Inf,0.0699517189438708,0.999877283318952,"mr_y_smri__vol__dst__spct"
"co_longi2 - co_longi3","(ses-06A) - (ses-04A)",-9.72514389762348,41.7295493770871,Inf,-0.233051735348078,0.995545119028773,"mr_y_smri__vol__dst__spct"
"co_longi0 - co_longi1","(ses-04A) - (ses-02A)",-8.58277827550817,9.51982021031725,Inf,-0.901569366426317,0.803998920283298,"mr_y_smri__vol__dst__spo"
"co_longi0 - co_longi2","(ses-04A) - (ses-02A)",23.4070777669267,18.036579108796,Inf,1.29775594505677,0.564332701968879,"mr_y_smri__vol__dst__spo"
"co_longi0 - co_longi3","(ses-04A) - (ses-02A)",0.218734889905905,22.8777516529208,Inf,0.00956103087507637,0.999999686090499,"mr_y_smri__vol__dst__spo"
"co_longi1 - co_longi2","(ses-04A) - (ses-02A)",31.9898560424349,18.4963354876358,Inf,1.72952399483774,0.30824564500572,"mr_y_smri__vol__dst__spo"
"co_longi1 - co_longi3","(ses-04A) - (ses-02A)",8.80151316541408,23.2265382839277,Inf,0.378942098810504,0.981474380268824,"mr_y_smri__vol__dst__spo"
"co_longi2 - co_longi3","(ses-04A) - (ses-02A)",-23.1883428770208,27.8228361705624,Inf,-0.833428437520505,0.838582108862459,"mr_y_smri__vol__dst__spo"
"co_longi0 - co_longi1","(ses-06A) - (ses-04A)",-43.0154414226206,9.47220974605526,Inf,-4.54122560372299,0.00003313193835075,"mr_y_smri__vol__dst__spo"
"co_longi0 - co_longi2","(ses-06A) - (ses-04A)",-43.8987708796301,17.7939226535277,Inf,-2.46706539836099,0.065157459518551,"mr_y_smri__vol__dst__spo"
"co_longi0 - co_longi3","(ses-06A) - (ses-04A)",-61.7985703412227,22.4304189922768,Inf,-2.75512331546286,0.0299203099388414,"mr_y_smri__vol__dst__spo"
"co_longi1 - co_longi2","(ses-06A) - (ses-04A)",-0.883329457009496,18.2429437853683,Inf,-0.0484203354130801,0.999959261336962,"mr_y_smri__vol__dst__spo"
"co_longi1 - co_longi3","(ses-06A) - (ses-04A)",-18.7831289186021,22.7741125886977,Inf,-0.824757884437777,0.842769047351676,"mr_y_smri__vol__dst__spo"
"co_longi2 - co_longi3","(ses-06A) - (ses-04A)",-17.8997994615926,27.3069420918004,Inf,-0.655503622537342,0.913649845752434,"mr_y_smri__vol__dst__spo"
"co_longi0 - co_longi1","(ses-04A) - (ses-02A)",-9.05776254265104,12.3421724545587,Inf,-0.733887212806323,0.883485181631956,"mr_y_smri__vol__dst__sprip"
"co_longi0 - co_longi2","(ses-04A) - (ses-02A)",0.833506232419692,23.5125354056482,Inf,0.0354494408212339,0.999984007045439,"mr_y_smri__vol__dst__sprip"
"co_longi0 - co_longi3","(ses-04A) - (ses-02A)",-1.88285628899788,29.7981018286589,Inf,-0.0631871217779051,0.999909522462364,"mr_y_smri__vol__dst__sprip"
"co_longi1 - co_longi2","(ses-04A) - (ses-02A)",9.89126877507074,24.1291165379302,Inf,0.409930830228367,0.976759011686943,"mr_y_smri__vol__dst__sprip"
"co_longi1 - co_longi3","(ses-04A) - (ses-02A)",7.17490625365316,30.2707719721223,Inf,0.237024224564238,0.995316672621693,"mr_y_smri__vol__dst__sprip"
"co_longi2 - co_longi3","(ses-04A) - (ses-02A)",-2.71636252141758,36.289099237422,Inf,-0.0748534016687968,0.999849676283473,"mr_y_smri__vol__dst__sprip"
"co_longi0 - co_longi1","(ses-06A) - (ses-04A)",-38.0005549970671,12.3468383281416,Inf,-3.07775593938523,0.0112171213230687,"mr_y_smri__vol__dst__sprip"
"co_longi0 - co_longi2","(ses-06A) - (ses-04A)",-32.6314407343544,23.2465172699926,Inf,-1.40371309626135,0.496961435186734,"mr_y_smri__vol__dst__sprip"
"co_longi0 - co_longi3","(ses-06A) - (ses-04A)",-55.1030555358464,29.259728030432,Inf,-1.88323881474686,0.235206779597751,"mr_y_smri__vol__dst__sprip"
"co_longi1 - co_longi2","(ses-06A) - (ses-04A)",5.36911426271277,23.8392453981277,Inf,0.225221653330287,0.995973836284237,"mr_y_smri__vol__dst__sprip"
"co_longi1 - co_longi3","(ses-06A) - (ses-04A)",-17.1025005387793,29.722601043072,Inf,-0.575403899342305,0.939462930090461,"mr_y_smri__vol__dst__sprip"
"co_longi2 - co_longi3","(ses-06A) - (ses-04A)",-22.4716148014921,35.6573637267575,Inf,-0.630209652449131,0.922355103008841,"mr_y_smri__vol__dst__sprip"
"co_longi0 - co_longi1","(ses-04A) - (ses-02A)",-9.23819758658336,5.57778217205018,Inf,-1.6562492585091,0.347123449091561,"mr_y_smri__vol__dst__sso"
"co_longi0 - co_longi2","(ses-04A) - (ses-02A)",5.93898460702875,10.678250014807,Inf,0.556175833942217,0.944894944144608,"mr_y_smri__vol__dst__sso"
"co_longi0 - co_longi3","(ses-04A) - (ses-02A)",-3.80829235244859,13.5179952111624,Inf,-0.281720202808174,0.992203945601354,"mr_y_smri__vol__dst__sso"
"co_longi1 - co_longi2","(ses-04A) - (ses-02A)",15.1771821936121,10.9603277694211,Inf,1.38473798529601,0.508923548707169,"mr_y_smri__vol__dst__sso"
"co_longi1 - co_longi3","(ses-04A) - (ses-02A)",5.42990523413477,13.7358194699344,Inf,0.395309886390104,0.979067155854063,"mr_y_smri__vol__dst__sso"
"co_longi2 - co_longi3","(ses-04A) - (ses-02A)",-9.74727695947735,16.48071485109,Inf,-0.591435325927787,0.934707716201959,"mr_y_smri__vol__dst__sso"
"co_longi0 - co_longi1","(ses-06A) - (ses-04A)",-10.5797513781284,5.60996307883993,Inf,-1.88588609754561,0.234055185829418,"mr_y_smri__vol__dst__sso"
"co_longi0 - co_longi2","(ses-06A) - (ses-04A)",-16.56636503677,10.5821905592144,Inf,-1.56549487027947,0.398487015554418,"mr_y_smri__vol__dst__sso"
"co_longi0 - co_longi3","(ses-06A) - (ses-04A)",-4.26690667544025,13.2988712356886,Inf,-0.320847280932358,0.988584249735069,"mr_y_smri__vol__dst__sso"
"co_longi1 - co_longi2","(ses-06A) - (ses-04A)",-5.98661365864159,10.8528025865554,Inf,-0.551619142695721,0.946138943603019,"mr_y_smri__vol__dst__sso"
"co_longi1 - co_longi3","(ses-06A) - (ses-04A)",6.31284470268814,13.513012650176,Inf,0.467167823054316,0.966232971138001,"mr_y_smri__vol__dst__sso"
"co_longi2 - co_longi3","(ses-06A) - (ses-04A)",12.2994583613297,16.2207465309874,Inf,0.758254765761453,0.873152287723573,"mr_y_smri__vol__dst__sso"
"co_longi0 - co_longi1","(ses-04A) - (ses-02A)",-16.1674002238056,7.59976257129724,Inf,-2.12735596304898,0.144394018638126,"mr_y_smri__vol__dst__ssp"
"co_longi0 - co_longi2","(ses-04A) - (ses-02A)",-6.76093739705173,14.4561860521966,Inf,-0.46768472490878,0.966126792264394,"mr_y_smri__vol__dst__ssp"
"co_longi0 - co_longi3","(ses-04A) - (ses-02A)",-8.14883876966918,18.3257758904249,Inf,-0.444665416536436,0.970660021804068,"mr_y_smri__vol__dst__ssp"
"co_longi1 - co_longi2","(ses-04A) - (ses-02A)",9.40646282675391,14.8331838998452,Inf,0.634149949887162,0.921032495081346,"mr_y_smri__vol__dst__ssp"
"co_longi1 - co_longi3","(ses-04A) - (ses-02A)",8.01856145413645,18.614050018565,Inf,0.430780053031932,0.973203651146801,"mr_y_smri__vol__dst__ssp"
"co_longi2 - co_longi3","(ses-04A) - (ses-02A)",-1.38790137261745,22.3096530301072,Inf,-0.0622108004433981,0.999913648009509,"mr_y_smri__vol__dst__ssp"
"co_longi0 - co_longi1","(ses-06A) - (ses-04A)",-30.2202260064535,7.59096943831294,Inf,-3.9810759682323,0.00039898033913266,"mr_y_smri__vol__dst__ssp"
"co_longi0 - co_longi2","(ses-06A) - (ses-04A)",-25.5792224758037,14.2836300223028,Inf,-1.79080684922976,0.277694246423633,"mr_y_smri__vol__dst__ssp"
"co_longi0 - co_longi3","(ses-06A) - (ses-04A)",-52.8936814713619,17.9863479647788,Inf,-2.94076827463469,0.0172519462839592,"mr_y_smri__vol__dst__ssp"
"co_longi1 - co_longi2","(ses-06A) - (ses-04A)",4.64100353064979,14.6470834286404,Inf,0.316855130460644,0.988994676447957,"mr_y_smri__vol__dst__ssp"
"co_longi1 - co_longi3","(ses-06A) - (ses-04A)",-22.6734554649084,18.2687936194931,Inf,-1.24110304912063,0.600607842566918,"mr_y_smri__vol__dst__ssp"
"co_longi2 - co_longi3","(ses-06A) - (ses-04A)",-27.3144589955582,21.9130242626278,Inf,-1.24649426150376,0.597159167018898,"mr_y_smri__vol__dst__ssp"
"co_longi0 - co_longi1","(ses-04A) - (ses-02A)",-18.5998785606675,8.13968345348115,Inf,-2.28508622810299,0.101469733988643,"mr_y_smri__vol__dst__sti"
"co_longi0 - co_longi2","(ses-04A) - (ses-02A)",-5.05920294726682,15.5090257774142,Inf,-0.326210235244728,0.988017657256006,"mr_y_smri__vol__dst__sti"
"co_longi0 - co_longi3","(ses-04A) - (ses-02A)",-11.9974399533289,19.6544209236445,Inf,-0.610419406399087,0.928810265654244,"mr_y_smri__vol__dst__sti"
"co_longi1 - co_longi2","(ses-04A) - (ses-02A)",13.5406756134007,15.9159265104494,Inf,0.850762637318709,0.830062627010994,"mr_y_smri__vol__dst__sti"
"co_longi1 - co_longi3","(ses-04A) - (ses-02A)",6.60243860733864,19.9664305036597,Inf,0.330676963322436,0.987532278041337,"mr_y_smri__vol__dst__sti"
"co_longi2 - co_longi3","(ses-04A) - (ses-02A)",-6.93823700606208,23.9366922099517,Inf,-0.289857802623936,0.991523367643777,"mr_y_smri__vol__dst__sti"
"co_longi0 - co_longi1","(ses-06A) - (ses-04A)",-34.7600884089709,8.14410487750245,Inf,-4.26812877925889,0.0001159354722432,"mr_y_smri__vol__dst__sti"
"co_longi0 - co_longi2","(ses-06A) - (ses-04A)",-39.0986146695071,15.3346091847038,Inf,-2.54969749789958,0.0526221562865817,"mr_y_smri__vol__dst__sti"
"co_longi0 - co_longi3","(ses-06A) - (ses-04A)",-33.5603178209626,19.300311113116,Inf,-1.73884854105569,0.303478479491919,"mr_y_smri__vol__dst__sti"
"co_longi1 - co_longi2","(ses-06A) - (ses-04A)",-4.33852626053622,15.7256747205086,Inf,-0.275888083509584,0.992669290294341,"mr_y_smri__vol__dst__sti"
"co_longi1 - co_longi3","(ses-06A) - (ses-04A)",1.19977058800828,19.6058518995925,Inf,0.0611945144823426,0.99991780736867,"mr_y_smri__vol__dst__sti"
"co_longi2 - co_longi3","(ses-06A) - (ses-04A)",5.5382968485445,23.5210011540234,Inf,0.235461782101786,0.995407414162297,"mr_y_smri__vol__dst__sti"
"co_longi0 - co_longi1","(ses-04A) - (ses-02A)",-33.6193483901717,24.7992376636532,Inf,-1.35566055885039,0.527360376754504,"mr_y_smri__vol__dst__sts"
"co_longi0 - co_longi2","(ses-04A) - (ses-02A)",38.8578106433635,47.0268206981097,Inf,0.826290403359661,0.842032669418056,"mr_y_smri__vol__dst__sts"
"co_longi0 - co_longi3","(ses-04A) - (ses-02A)",6.05707654628742,59.6427505707096,Inf,0.101555955892853,0.999625249345576,"mr_y_smri__vol__dst__sts"
"co_longi1 - co_longi2","(ses-04A) - (ses-02A)",72.4771590335352,48.232877216785,Inf,1.50265054078742,0.435848103460599,"mr_y_smri__vol__dst__sts"
"co_longi1 - co_longi3","(ses-04A) - (ses-02A)",39.6764249364591,60.5594697630781,Inf,0.655164668575897,0.913769861306281,"mr_y_smri__vol__dst__sts"
"co_longi2 - co_longi3","(ses-04A) - (ses-02A)",-32.8007340970761,72.5515891979787,Inf,-0.452102213882173,0.969238954476559,"mr_y_smri__vol__dst__sts"
"co_longi0 - co_longi1","(ses-06A) - (ses-04A)",-150.708024032531,24.6956766521821,Inf,-6.1026076003151,0.0000000062571862136096,"mr_y_smri__vol__dst__sts"
"co_longi0 - co_longi2","(ses-06A) - (ses-04A)",-152.733159351568,46.4092827101417,Inf,-3.29100452393313,0.00551276399816691,"mr_y_smri__vol__dst__sts"
"co_longi0 - co_longi3","(ses-06A) - (ses-04A)",-224.03379535644,58.4890757056977,Inf,-3.83035280782554,0.000738336171153597,"mr_y_smri__vol__dst__sts"
"co_longi1 - co_longi2","(ses-06A) - (ses-04A)",-2.02513531903693,47.5829957912555,Inf,-0.0425600634294047,0.999972329499861,"mr_y_smri__vol__dst__sts"
"co_longi1 - co_longi3","(ses-06A) - (ses-04A)",-73.3257713239091,59.3907539262279,Inf,-1.23463277490955,0.604744582374248,"mr_y_smri__vol__dst__sts"
"co_longi2 - co_longi3","(ses-06A) - (ses-04A)",-71.3006360048722,71.2168681398364,Inf,-1.00117623629379,0.74870702732518,"mr_y_smri__vol__dst__sts"
"co_longi0 - co_longi1","(ses-04A) - (ses-02A)",-1.23816124661876,2.81970456641971,Inf,-0.439110274659343,0.971694716701816,"mr_y_smri__vol__dst__stt"
"co_longi0 - co_longi2","(ses-04A) - (ses-02A)",-4.72976996779913,5.38185266254752,Inf,-0.878836762052917,0.815856412215983,"mr_y_smri__vol__dst__stt"
"co_longi0 - co_longi3","(ses-04A) - (ses-02A)",-0.375993736886568,6.81789266975023,Inf,-0.055148086820842,0.999939827051883,"mr_y_smri__vol__dst__stt"
"co_longi1 - co_longi2","(ses-04A) - (ses-02A)",-3.49160872118037,5.52368190007788,Inf,-0.632116183433941,0.921716700202423,"mr_y_smri__vol__dst__stt"
"co_longi1 - co_longi3","(ses-04A) - (ses-02A)",0.862167509732194,6.92694313384207,Inf,0.124465798704195,0.999311452570531,"mr_y_smri__vol__dst__stt"
"co_longi2 - co_longi3","(ses-04A) - (ses-02A)",4.35377623091256,8.30672590419596,Inf,0.52412662716045,0.953294310057744,"mr_y_smri__vol__dst__stt"
"co_longi0 - co_longi1","(ses-06A) - (ses-04A)",-8.41760275449355,2.82647661258897,Inf,-2.97812574036594,0.015372072701742,"mr_y_smri__vol__dst__stt"
"co_longi0 - co_longi2","(ses-06A) - (ses-04A)",-8.17288146109338,5.32550334613386,Inf,-1.53466835525071,0.416648510787064,"mr_y_smri__vol__dst__stt"
"co_longi0 - co_longi3","(ses-06A) - (ses-04A)",-6.28739513525425,6.69911405301086,Inf,-0.938541288519851,0.784078168908603,"mr_y_smri__vol__dst__stt"
"co_longi1 - co_longi2","(ses-06A) - (ses-04A)",0.244721293400164,5.46156435578571,Inf,0.0448079117004121,0.999967711911001,"mr_y_smri__vol__dst__stt"
"co_longi1 - co_longi3","(ses-06A) - (ses-04A)",2.1302076192393,6.80596041508656,Inf,0.312991479426964,0.989382768558912,"mr_y_smri__vol__dst__stt"
"co_longi2 - co_longi3","(ses-06A) - (ses-04A)",1.88548632583913,8.16668832472585,Inf,0.230875264350489,0.995667136278552,"mr_y_smri__vol__dst__stt"
"co_longi0 - co_longi1","(ses-04A) - (ses-02A)",3022.37035397617,126.886358056487,Inf,23.8195058970064,0,"mr_y_smri__vol__dst"
"co_longi0 - co_longi2","(ses-04A) - (ses-02A)",4905.13364944647,238.451985599773,Inf,20.5707393759322,0,"mr_y_smri__vol__dst"
"co_longi0 - co_longi3","(ses-04A) - (ses-02A)",4883.81219270074,302.793053250084,Inf,16.1292081845322,0,"mr_y_smri__vol__dst"
"co_longi1 - co_longi2","(ses-04A) - (ses-02A)",1882.7632954703,244.026097831159,Inf,7.71541778606393,0.0000000000000957012247226885,"mr_y_smri__vol__dst"
"co_longi1 - co_longi3","(ses-04A) - (ses-02A)",1861.44183872457,306.92432265542,Inf,6.06482348032871,0.00000000792052057274617,"mr_y_smri__vol__dst"
"co_longi2 - co_longi3","(ses-04A) - (ses-02A)",-21.3214567457272,367.301963563552,Inf,-0.0580488504304935,0.999929832283042,"mr_y_smri__vol__dst"
"co_longi0 - co_longi1","(ses-06A) - (ses-04A)",-300.603747869883,125.35352664304,Inf,-2.39804779267113,0.0774237612764502,"mr_y_smri__vol__dst"
"co_longi0 - co_longi2","(ses-06A) - (ses-04A)",-267.264081778213,234.580877201994,Inf,-1.13932595429795,0.665123397536257,"mr_y_smri__vol__dst"
"co_longi0 - co_longi3","(ses-06A) - (ses-04A)",-1019.35463081922,296.226494542005,Inf,-3.44113254418799,0.00324774552846019,"mr_y_smri__vol__dst"
"co_longi1 - co_longi2","(ses-06A) - (ses-04A)",33.3396660916698,240.316171151391,Inf,0.138732511973432,0.999047844590924,"mr_y_smri__vol__dst"
"co_longi1 - co_longi3","(ses-06A) - (ses-04A)",-718.750882949335,300.431737646294,Inf,-2.3923933222912,0.0785066089263686,"mr_y_smri__vol__dst"
"co_longi2 - co_longi3","(ses-06A) - (ses-04A)",-752.090549041005,360.029574384702,Inf,-2.08896880298332,0.15664384046957,"mr_y_smri__vol__dst"
