"contrast1","contrast","estimate","SE","df","z.ratio","p.value","region"
"co_longi0 - co_longi1","(ses-04A) - (ses-02A)",0.0241887376412382,0.00288613037601796,Inf,8.38102735837312,0.0000000000000414113188185183,"mr_y_smri__thk__dst__gcpd"
"co_longi0 - co_longi2","(ses-04A) - (ses-02A)",0.0271617165639727,0.00549141652336736,Inf,4.94621313979604,0.00000451180960836517,"mr_y_smri__thk__dst__gcpd"
"co_longi0 - co_longi3","(ses-04A) - (ses-02A)",0.0308482347653218,0.00696102237311537,Inf,4.43156667395048,0.0000552783439968785,"mr_y_smri__thk__dst__gcpd"
"co_longi1 - co_longi2","(ses-04A) - (ses-02A)",0.00297297892273448,0.00563478149560862,Inf,0.527612104400398,0.952420304387802,"mr_y_smri__thk__dst__gcpd"
"co_longi1 - co_longi3","(ses-04A) - (ses-02A)",0.00665949712408353,0.00707069784424318,Inf,0.941844393691007,0.782261970272005,"mr_y_smri__thk__dst__gcpd"
"co_longi2 - co_longi3","(ses-04A) - (ses-02A)",0.00368651820134905,0.00847483858159158,Inf,0.434995683499699,0.972446404554581,"mr_y_smri__thk__dst__gcpd"
"co_longi0 - co_longi1","(ses-06A) - (ses-04A)",-0.000586544572660325,0.00288355816242957,Inf,-0.203410002372252,0.997023575445494,"mr_y_smri__thk__dst__gcpd"
"co_longi0 - co_longi2","(ses-06A) - (ses-04A)",-0.00140745920820285,0.00542645558790685,Inf,-0.259369893552515,0.993888645185892,"mr_y_smri__thk__dst__gcpd"
"co_longi0 - co_longi3","(ses-06A) - (ses-04A)",-0.00875683870938521,0.00683262535921095,Inf,-1.28162137524199,0.574665714500652,"mr_y_smri__thk__dst__gcpd"
"co_longi1 - co_longi2","(ses-06A) - (ses-04A)",-0.000820914635542526,0.0055645895518535,Inf,-0.14752474156321,0.998856177961196,"mr_y_smri__thk__dst__gcpd"
"co_longi1 - co_longi3","(ses-06A) - (ses-04A)",-0.00817029413672489,0.00694006689948665,Inf,-1.17726446373726,0.6412505293973,"mr_y_smri__thk__dst__gcpd"
"co_longi2 - co_longi3","(ses-06A) - (ses-04A)",-0.00734937950118236,0.008324689353734,Inf,-0.882841291595563,0.813790127955251,"mr_y_smri__thk__dst__gcpd"
"co_longi0 - co_longi1","(ses-04A) - (ses-02A)",0.0299690370440919,0.00447085278529791,Inf,6.70320372494551,0.000000000122350019005069,"mr_y_smri__thk__dst__gcpv"
"co_longi0 - co_longi2","(ses-04A) - (ses-02A)",0.0292170558219093,0.00850055145260952,Inf,3.4370776984051,0.00329551930174543,"mr_y_smri__thk__dst__gcpv"
"co_longi0 - co_longi3","(ses-04A) - (ses-02A)",0.0312430963055081,0.0107767822845337,Inf,2.89911176458919,0.019585231086988,"mr_y_smri__thk__dst__gcpv"
"co_longi1 - co_longi2","(ses-04A) - (ses-02A)",-0.000751981222182667,0.00872179324941071,Inf,-0.0862186480095105,0.999770438779002,"mr_y_smri__thk__dst__gcpv"
"co_longi1 - co_longi3","(ses-04A) - (ses-02A)",0.00127405926141612,0.0109458201862967,Inf,0.116396874764226,0.999436461127287,"mr_y_smri__thk__dst__gcpv"
"co_longi2 - co_longi3","(ses-04A) - (ses-02A)",0.00202604048359878,0.013118106452387,Inf,0.154446107824512,0.998688540099585,"mr_y_smri__thk__dst__gcpv"
"co_longi0 - co_longi1","(ses-06A) - (ses-04A)",0.00678982810475716,0.00446365450742313,Inf,1.52113656947812,0.424722964080109,"mr_y_smri__thk__dst__gcpv"
"co_longi0 - co_longi2","(ses-06A) - (ses-04A)",-0.00248226340069422,0.00839754166777273,Inf,-0.295594055843796,0.991021324160173,"mr_y_smri__thk__dst__gcpv"
"co_longi0 - co_longi3","(ses-06A) - (ses-04A)",0.00489006592337101,0.0105757854260937,Inf,0.462383239291687,0.967206176994598,"mr_y_smri__thk__dst__gcpv"
"co_longi1 - co_longi2","(ses-06A) - (ses-04A)",-0.00927209150545138,0.00861106474874735,Inf,-1.07676481085573,0.703752995291489,"mr_y_smri__thk__dst__gcpv"
"co_longi1 - co_longi3","(ses-06A) - (ses-04A)",-0.00189976218138616,0.0107414596321947,Inf,-0.176862572353957,0.998036074168224,"mr_y_smri__thk__dst__gcpv"
"co_longi2 - co_longi3","(ses-06A) - (ses-04A)",0.00737232932406522,0.012883552210738,Inf,0.572228000746612,0.940380524602042,"mr_y_smri__thk__dst__gcpv"
"co_longi0 - co_longi1","(ses-04A) - (ses-02A)",0.0161817522043376,0.00272557009775518,Inf,5.9370156055297,0.0000000173997873886833,"mr_y_smri__thk__dst__gfio"
"co_longi0 - co_longi2","(ses-04A) - (ses-02A)",0.0238163479585045,0.00518018636033534,Inf,4.59758516428408,0.0000253495528205194,"mr_y_smri__thk__dst__gfio"
"co_longi0 - co_longi3","(ses-04A) - (ses-02A)",0.0273223778085469,0.00656772551107793,Inf,4.16009739786804,0.0001864015639923,"mr_y_smri__thk__dst__gfio"
"co_longi1 - co_longi2","(ses-04A) - (ses-02A)",0.00763459575416688,0.00531476361462411,Inf,1.4364883008455,0.476458972671439,"mr_y_smri__thk__dst__gfio"
"co_longi1 - co_longi3","(ses-04A) - (ses-02A)",0.0111406256042092,0.00667047541023905,Inf,1.67013967057109,0.33956582641413,"mr_y_smri__thk__dst__gfio"
"co_longi2 - co_longi3","(ses-04A) - (ses-02A)",0.00350602985004236,0.00799383487213656,Inf,0.438591728015678,0.971790136145059,"mr_y_smri__thk__dst__gfio"
"co_longi0 - co_longi1","(ses-06A) - (ses-04A)",0.00902189577698261,0.00272013309593296,Inf,3.31671115302108,0.00504378268938188,"mr_y_smri__thk__dst__gfio"
"co_longi0 - co_longi2","(ses-06A) - (ses-04A)",0.00582866717253475,0.00511661770788363,Inf,1.13916409341155,0.665224630329507,"mr_y_smri__thk__dst__gfio"
"co_longi0 - co_longi3","(ses-06A) - (ses-04A)",0.00610286593160227,0.00644452287487903,Inf,0.9469849126289,0.779424034197528,"mr_y_smri__thk__dst__gfio"
"co_longi1 - co_longi2","(ses-06A) - (ses-04A)",-0.00319322860444786,0.00524663010617965,Inf,-0.608624686670168,0.92938016233046,"mr_y_smri__thk__dst__gfio"
"co_longi1 - co_longi3","(ses-06A) - (ses-04A)",-0.00291902984538034,0.00654526273705699,Inf,-0.445975961950895,0.970412585200424,"mr_y_smri__thk__dst__gfio"
"co_longi2 - co_longi3","(ses-06A) - (ses-04A)",0.000274198759067515,0.0078502325794835,Inf,0.0349287433577613,0.999984701269743,"mr_y_smri__thk__dst__gfio"
"co_longi0 - co_longi1","(ses-04A) - (ses-02A)",0.0119460389203139,0.00399223151943133,Inf,2.99232117730875,0.0147068482591733,"mr_y_smri__thk__dst__gfiob"
"co_longi0 - co_longi2","(ses-04A) - (ses-02A)",0.0195706358386763,0.00759976278480793,Inf,2.57516404035642,0.0491915894713025,"mr_y_smri__thk__dst__gfiob"
"co_longi0 - co_longi3","(ses-04A) - (ses-02A)",0.0274338540589868,0.00963274218919281,Inf,2.84797968430687,0.0228255005671134,"mr_y_smri__thk__dst__gfiob"
"co_longi1 - co_longi2","(ses-04A) - (ses-02A)",0.00762459691836245,0.00779855058646669,Inf,0.977694102746975,0.762190330991256,"mr_y_smri__thk__dst__gfiob"
"co_longi1 - co_longi3","(ses-04A) - (ses-02A)",0.0154878151386729,0.00978494547727795,Inf,1.58282079084016,0.388429669443904,"mr_y_smri__thk__dst__gfiob"
"co_longi2 - co_longi3","(ses-04A) - (ses-02A)",0.00786321822031045,0.011728986558076,Inf,0.670409006044618,0.908282399513988,"mr_y_smri__thk__dst__gfiob"
"co_longi0 - co_longi1","(ses-06A) - (ses-04A)",0.00896784662964037,0.00399068565293213,Inf,2.24719444465672,0.110738201082558,"mr_y_smri__thk__dst__gfiob"
"co_longi0 - co_longi2","(ses-06A) - (ses-04A)",0.00895421178459552,0.00751140945192795,Inf,1.19208143849717,0.631859771677985,"mr_y_smri__thk__dst__gfiob"
"co_longi0 - co_longi3","(ses-06A) - (ses-04A)",0.000675588753357086,0.00945648794979873,Inf,0.0714418245910697,0.999869283099468,"mr_y_smri__thk__dst__gfiob"
"co_longi1 - co_longi2","(ses-06A) - (ses-04A)",-0.0000136348450448501,0.00770275209268778,Inf,-0.00177012642764313,0.999999998007872,"mr_y_smri__thk__dst__gfiob"
"co_longi1 - co_longi3","(ses-06A) - (ses-04A)",-0.00829225787628328,0.00960555888371357,Inf,-0.863276981242912,0.823791284029768,"mr_y_smri__thk__dst__gfiob"
"co_longi2 - co_longi3","(ses-06A) - (ses-04A)",-0.00827862303123843,0.0115225834995755,Inf,-0.718469346005906,0.889792840700375,"mr_y_smri__thk__dst__gfiob"
"co_longi0 - co_longi1","(ses-04A) - (ses-02A)",0.0145818200348473,0.00308442079296026,Inf,4.72757156485528,0.0000135075286346042,"mr_y_smri__thk__dst__gfit"
"co_longi0 - co_longi2","(ses-04A) - (ses-02A)",0.0300651244369316,0.00586390615401771,Inf,5.12714965882122,0.00000175702683946621,"mr_y_smri__thk__dst__gfit"
"co_longi0 - co_longi3","(ses-04A) - (ses-02A)",0.0286565587695711,0.00743423349356969,Inf,3.85467564266818,0.000669575599287486,"mr_y_smri__thk__dst__gfit"
"co_longi1 - co_longi2","(ses-04A) - (ses-02A)",0.0154833044020842,0.00601645461586403,Inf,2.5734930936333,0.0494107724799564,"mr_y_smri__thk__dst__gfit"
"co_longi1 - co_longi3","(ses-04A) - (ses-02A)",0.0140747387347238,0.0075507658450667,Inf,1.86401472691932,0.243679316546066,"mr_y_smri__thk__dst__gfit"
"co_longi2 - co_longi3","(ses-04A) - (ses-02A)",-0.00140856566736048,0.00904914442983555,Inf,-0.155657330732435,0.998657631368267,"mr_y_smri__thk__dst__gfit"
"co_longi0 - co_longi1","(ses-06A) - (ses-04A)",0.00779159005149228,0.00307914896840504,Inf,2.53043621190183,0.0553478131561769,"mr_y_smri__thk__dst__gfit"
"co_longi0 - co_longi2","(ses-06A) - (ses-04A)",0.00299732479145001,0.00579261503655707,Inf,0.51743897575343,0.95494446297594,"mr_y_smri__thk__dst__gfit"
"co_longi0 - co_longi3","(ses-06A) - (ses-04A)",0.00171021947770706,0.00729537049765735,Inf,0.234425308249422,0.995466971454261,"mr_y_smri__thk__dst__gfit"
"co_longi1 - co_longi2","(ses-06A) - (ses-04A)",-0.00479426526004227,0.00593987825175272,Inf,-0.807131906891795,0.851123743576573,"mr_y_smri__thk__dst__gfit"
"co_longi1 - co_longi3","(ses-06A) - (ses-04A)",-0.00608137057378522,0.00740959339152616,Inf,-0.820742819807098,0.844690784846333,"mr_y_smri__thk__dst__gfit"
"co_longi2 - co_longi3","(ses-06A) - (ses-04A)",-0.00128710531374295,0.00888714627968682,Inf,-0.144827740338297,0.998917451588652,"mr_y_smri__thk__dst__gfit"
"co_longi0 - co_longi1","(ses-04A) - (ses-02A)",0.0118855437452828,0.00245624292778936,Inf,4.83891214945093,0.00000777364916504375,"mr_y_smri__thk__dst__gfm"
"co_longi0 - co_longi2","(ses-04A) - (ses-02A)",0.0187908390838565,0.00466144013493671,Inf,4.03112311644257,0.000323574898189349,"mr_y_smri__thk__dst__gfm"
"co_longi0 - co_longi3","(ses-04A) - (ses-02A)",0.0253410825349064,0.00591134163089421,Inf,4.28685806323007,0.000106645925075255,"mr_y_smri__thk__dst__gfm"
"co_longi1 - co_longi2","(ses-04A) - (ses-02A)",0.0069052953385737,0.00478158013276979,Inf,1.44414506226704,0.471702346487016,"mr_y_smri__thk__dst__gfm"
"co_longi1 - co_longi3","(ses-04A) - (ses-02A)",0.0134555387896236,0.00600280860761914,Inf,2.24154053030192,0.112175841229151,"mr_y_smri__thk__dst__gfm"
"co_longi2 - co_longi3","(ses-04A) - (ses-02A)",0.00655024345104987,0.00719223993772107,Inf,0.910737615509165,0.799130654354052,"mr_y_smri__thk__dst__gfm"
"co_longi0 - co_longi1","(ses-06A) - (ses-04A)",0.00490978578867819,0.0024478256985241,Inf,2.00577426392677,0.185758676514025,"mr_y_smri__thk__dst__gfm"
"co_longi0 - co_longi2","(ses-06A) - (ses-04A)",0.00557044848819469,0.00460159705330436,Inf,1.21054677836135,0.620115792007445,"mr_y_smri__thk__dst__gfm"
"co_longi0 - co_longi3","(ses-06A) - (ses-04A)",-0.00197746475515314,0.00579815493087473,Inf,-0.34105069263039,0.986357073272496,"mr_y_smri__thk__dst__gfm"
"co_longi1 - co_longi2","(ses-06A) - (ses-04A)",0.000660662699516503,0.00471818318605029,Inf,0.14002480901331,0.999021119945513,"mr_y_smri__thk__dst__gfm"
"co_longi1 - co_longi3","(ses-06A) - (ses-04A)",-0.00688725054383133,0.00588799897772712,Inf,-1.1697098742517,0.646025379543208,"mr_y_smri__thk__dst__gfm"
"co_longi2 - co_longi3","(ses-06A) - (ses-04A)",-0.00754791324334783,0.0070609358649403,Inf,-1.06896782349002,0.708486985354124,"mr_y_smri__thk__dst__gfm"
"co_longi0 - co_longi1","(ses-04A) - (ses-02A)",0.0199813294163937,0.00203218134381356,Inf,9.83245391816118,0.0000000000000397459842815806,"mr_y_smri__thk__dst__gfs"
"co_longi0 - co_longi2","(ses-04A) - (ses-02A)",0.0318291151892005,0.00384534827123842,Inf,8.27730362611597,0.0000000000000445199432874688,"mr_y_smri__thk__dst__gfs"
"co_longi0 - co_longi3","(ses-04A) - (ses-02A)",0.038733168499562,0.00487814648458277,Inf,7.94014050664057,0.0000000000000678346268045971,"mr_y_smri__thk__dst__gfs"
"co_longi1 - co_longi2","(ses-04A) - (ses-02A)",0.0118477857728069,0.00394240135445327,Inf,3.00522060226664,0.0141246702757303,"mr_y_smri__thk__dst__gfs"
"co_longi1 - co_longi3","(ses-04A) - (ses-02A)",0.0187518390831683,0.00495155405314173,Inf,3.78706137142346,0.000877337552551594,"mr_y_smri__thk__dst__gfs"
"co_longi2 - co_longi3","(ses-04A) - (ses-02A)",0.00690405331036142,0.00593052409522854,Inf,1.16415567991978,0.64952968163982,"mr_y_smri__thk__dst__gfs"
"co_longi0 - co_longi1","(ses-06A) - (ses-04A)",0.00792293525569871,0.00201963748883933,Inf,3.92294919235825,0.000507257692378582,"mr_y_smri__thk__dst__gfs"
"co_longi0 - co_longi2","(ses-06A) - (ses-04A)",0.00661031616217102,0.00379186561351697,Inf,1.74328861724609,0.301223249050301,"mr_y_smri__thk__dst__gfs"
"co_longi0 - co_longi3","(ses-06A) - (ses-04A)",0.00505620143899989,0.00478135298754352,Inf,1.0574834052563,0.715422492061635,"mr_y_smri__thk__dst__gfs"
"co_longi1 - co_longi2","(ses-06A) - (ses-04A)",-0.00131261909352769,0.00388720922908583,Inf,-0.337676470745669,0.986746741843147,"mr_y_smri__thk__dst__gfs"
"co_longi1 - co_longi3","(ses-06A) - (ses-04A)",-0.00286673381669883,0.00485392431346963,Inf,-0.590601260251143,0.934960195181228,"mr_y_smri__thk__dst__gfs"
"co_longi2 - co_longi3","(ses-06A) - (ses-04A)",-0.00155411472317113,0.00581943535935259,Inf,-0.267055930206952,0.993339141453139,"mr_y_smri__thk__dst__gfs"
"co_longi0 - co_longi1","(ses-04A) - (ses-02A)",0.021386454938953,0.00538800262766968,Inf,3.96927329417481,0.000419030602281434,"mr_y_smri__thk__dst__gilsci"
"co_longi0 - co_longi2","(ses-04A) - (ses-02A)",0.0177206882751715,0.0102757369027986,Inf,1.7245175156582,0.310822418987151,"mr_y_smri__thk__dst__gilsci"
"co_longi0 - co_longi3","(ses-04A) - (ses-02A)",0.0539735052991149,0.0130198705104332,Inf,4.14547174304571,0.000198599535200961,"mr_y_smri__thk__dst__gilsci"
"co_longi1 - co_longi2","(ses-04A) - (ses-02A)",-0.00366576666378149,0.0105460203188607,Inf,-0.347597155414689,0.985580434125672,"mr_y_smri__thk__dst__gilsci"
"co_longi1 - co_longi3","(ses-04A) - (ses-02A)",0.0325870503601619,0.0132274291947943,Inf,2.4635966581463,0.0657333241296297,"mr_y_smri__thk__dst__gilsci"
"co_longi2 - co_longi3","(ses-04A) - (ses-02A)",0.0362528170239434,0.0158600855762868,Inf,2.28578949650478,0.101303652588485,"mr_y_smri__thk__dst__gilsci"
"co_longi0 - co_longi1","(ses-06A) - (ses-04A)",0.00022413553346109,0.00539624604407519,Inf,0.0415354547643689,0.999974279396781,"mr_y_smri__thk__dst__gilsci"
"co_longi0 - co_longi2","(ses-06A) - (ses-04A)",0.0151390035271554,0.0101643706112761,Inf,1.48941868671735,0.44387483859717,"mr_y_smri__thk__dst__gilsci"
"co_longi0 - co_longi3","(ses-06A) - (ses-04A)",-0.0165785923010216,0.0127893247960887,Inf,-1.29628362445621,0.565275375041464,"mr_y_smri__thk__dst__gilsci"
"co_longi1 - co_longi2","(ses-06A) - (ses-04A)",0.0149148679936943,0.0104238302287863,Inf,1.43084333362468,0.479974252205517,"mr_y_smri__thk__dst__gilsci"
"co_longi1 - co_longi3","(ses-06A) - (ses-04A)",-0.0168027278344827,0.0129926113927308,Inf,-1.29325255151428,0.567216252696997,"mr_y_smri__thk__dst__gilsci"
"co_longi2 - co_longi3","(ses-06A) - (ses-04A)",-0.031717595828177,0.0155888034984516,Inf,-2.03463953030952,0.175253587260624,"mr_y_smri__thk__dst__gilsci"
"co_longi0 - co_longi1","(ses-04A) - (ses-02A)",0.0146192916968825,0.00478530774678328,Inf,3.05503689009546,0.0120642192575356,"mr_y_smri__thk__dst__gis"
"co_longi0 - co_longi2","(ses-04A) - (ses-02A)",0.00709171093475648,0.00912456934826132,Inf,0.777210481293323,0.864812037369911,"mr_y_smri__thk__dst__gis"
"co_longi0 - co_longi3","(ses-04A) - (ses-02A)",0.0172606673601808,0.0115617369760101,Inf,1.49291299360949,0.441750130431779,"mr_y_smri__thk__dst__gis"
"co_longi1 - co_longi2","(ses-04A) - (ses-02A)",-0.00752758076212605,0.00936446193745397,Inf,-0.803845518557649,0.852657900115406,"mr_y_smri__thk__dst__gis"
"co_longi1 - co_longi3","(ses-04A) - (ses-02A)",0.00264137566329831,0.0117459033752087,Inf,0.224876331681162,0.99599209463614,"mr_y_smri__thk__dst__gis"
"co_longi2 - co_longi3","(ses-04A) - (ses-02A)",0.0101689564254244,0.0140832495018446,Inf,0.722060375632233,0.888339813083916,"mr_y_smri__thk__dst__gis"
"co_longi0 - co_longi1","(ses-06A) - (ses-04A)",0.00841172739746786,0.00479166459137778,Inf,1.75549169543379,0.295074411455152,"mr_y_smri__thk__dst__gis"
"co_longi0 - co_longi2","(ses-06A) - (ses-04A)",0.0129654556704586,0.00902491344458716,Inf,1.43662936493145,0.476371218623511,"mr_y_smri__thk__dst__gis"
"co_longi0 - co_longi3","(ses-06A) - (ses-04A)",0.00981026202209501,0.0113562675310461,Inf,0.863863236338477,0.823495054781454,"mr_y_smri__thk__dst__gis"
"co_longi1 - co_longi2","(ses-06A) - (ses-04A)",0.00455372827299071,0.00925524650721187,Inf,0.492015881958666,0.960897741806361,"mr_y_smri__thk__dst__gis"
"co_longi1 - co_longi3","(ses-06A) - (ses-04A)",0.00139853462462715,0.0115366331217049,Inf,0.121225543871718,0.999363650525375,"mr_y_smri__thk__dst__gis"
"co_longi2 - co_longi3","(ses-06A) - (ses-04A)",-0.00315519364836356,0.0138415878629714,Inf,-0.227950266949086,0.995827649635953,"mr_y_smri__thk__dst__gis"
"co_longi0 - co_longi1","(ses-04A) - (ses-02A)",0.0135589862713943,0.00248910440014494,Inf,5.44733530285218,0.000000306031289420972,"mr_y_smri__thk__dst__go"
"co_longi0 - co_longi2","(ses-04A) - (ses-02A)",0.0204705833872115,0.00472754004278318,Inf,4.33007086179223,0.0000878362635035046,"mr_y_smri__thk__dst__go"
"co_longi0 - co_longi3","(ses-04A) - (ses-02A)",0.0236847546336903,0.0059944735852424,Inf,3.95109834031116,0.000451769121907919,"mr_y_smri__thk__dst__go"
"co_longi1 - co_longi2","(ses-04A) - (ses-02A)",0.00691159711581722,0.00484993110722403,Inf,1.42509181326768,0.483562996203825,"mr_y_smri__thk__dst__go"
"co_longi1 - co_longi3","(ses-04A) - (ses-02A)",0.010125768362296,0.00608779961462298,Inf,1.66328870910498,0.343282711576869,"mr_y_smri__thk__dst__go"
"co_longi2 - co_longi3","(ses-04A) - (ses-02A)",0.00321417124647881,0.00729485868431693,Inf,0.440607746574844,0.971418047473781,"mr_y_smri__thk__dst__go"
"co_longi0 - co_longi1","(ses-06A) - (ses-04A)",0.00598504440395928,0.00248247653681342,Inf,2.41091680634447,0.0750043743531192,"mr_y_smri__thk__dst__go"
"co_longi0 - co_longi2","(ses-06A) - (ses-04A)",0.00215778085197355,0.00466827292301855,Inf,0.462222515169123,0.967238568223968,"mr_y_smri__thk__dst__go"
"co_longi0 - co_longi3","(ses-06A) - (ses-04A)",0.00567991609890141,0.00588092324810939,Inf,0.965820477376133,0.768909296267586,"mr_y_smri__thk__dst__go"
"co_longi1 - co_longi2","(ses-06A) - (ses-04A)",-0.00382726355198573,0.0047867420249421,Inf,-0.799555006733838,0.854649509706752,"mr_y_smri__thk__dst__go"
"co_longi1 - co_longi3","(ses-06A) - (ses-04A)",-0.000305128305057861,0.00597249207373711,Inf,-0.051088942654207,0.999952152318764,"mr_y_smri__thk__dst__go"
"co_longi2 - co_longi3","(ses-06A) - (ses-04A)",0.00352213524692787,0.00716279002416131,Inf,0.491726720320867,0.960962560577763,"mr_y_smri__thk__dst__go"
"co_longi0 - co_longi1","(ses-04A) - (ses-02A)",0.0122754729227541,0.00253142701998919,Inf,4.84923042450834,0.0000073810592594592,"mr_y_smri__thk__dst__gom"
"co_longi0 - co_longi2","(ses-04A) - (ses-02A)",0.0178528943150367,0.00480546403563181,Inf,3.71512390534193,0.00116359262721799,"mr_y_smri__thk__dst__gom"
"co_longi0 - co_longi3","(ses-04A) - (ses-02A)",0.0211958749445093,0.00609374154011617,Inf,3.47830225567874,0.00283856515673664,"mr_y_smri__thk__dst__gom"
"co_longi1 - co_longi2","(ses-04A) - (ses-02A)",0.00557742139228258,0.00492951885642582,Inf,1.13143321989979,0.670052877728486,"mr_y_smri__thk__dst__gom"
"co_longi1 - co_longi3","(ses-04A) - (ses-02A)",0.00892040202175521,0.00618824177735747,Inf,1.44150832218525,0.473338856282007,"mr_y_smri__thk__dst__gom"
"co_longi2 - co_longi3","(ses-04A) - (ses-02A)",0.00334298062947263,0.00741469464520715,Inf,0.450858840374974,0.969479418514563,"mr_y_smri__thk__dst__gom"
"co_longi0 - co_longi1","(ses-06A) - (ses-04A)",0.00478580319464992,0.00252343133908361,Inf,1.89654583444616,0.22945524612744,"mr_y_smri__thk__dst__gom"
"co_longi0 - co_longi2","(ses-06A) - (ses-04A)",0.0044777615973658,0.00474427940658528,Inf,0.94382333197966,0.781171095784602,"mr_y_smri__thk__dst__gom"
"co_longi0 - co_longi3","(ses-06A) - (ses-04A)",0.00502075811571382,0.00597749694398424,Inf,0.839943234227283,0.835403284379503,"mr_y_smri__thk__dst__gom"
"co_longi1 - co_longi2","(ses-06A) - (ses-04A)",-0.000308041597284124,0.00486455230829496,Inf,-0.0633237300704643,0.999908934955165,"mr_y_smri__thk__dst__gom"
"co_longi1 - co_longi3","(ses-06A) - (ses-04A)",0.000234954921063898,0.00607028149286849,Inf,0.0387057702908719,0.999979184427563,"mr_y_smri__thk__dst__gom"
"co_longi2 - co_longi3","(ses-06A) - (ses-04A)",0.000542996518348023,0.00727971762084214,Inf,0.0745903270744185,0.999851253479706,"mr_y_smri__thk__dst__gom"
"co_longi0 - co_longi1","(ses-04A) - (ses-02A)",0.0112445500882711,0.00283781583253255,Inf,3.96239599461116,0.000431146971052843,"mr_y_smri__thk__dst__gos"
"co_longi0 - co_longi2","(ses-04A) - (ses-02A)",0.0155859482839474,0.0053831486373265,Inf,2.8953219266277,0.0198106977268044,"mr_y_smri__thk__dst__gos"
"co_longi0 - co_longi3","(ses-04A) - (ses-02A)",0.019413687344222,0.00682699080347193,Inf,2.84366683698314,0.0231191333390424,"mr_y_smri__thk__dst__gos"
"co_longi1 - co_longi2","(ses-04A) - (ses-02A)",0.00434139819567632,0.00552150341822922,Inf,0.786271032875432,0.860733909826394,"mr_y_smri__thk__dst__gos"
"co_longi1 - co_longi3","(ses-04A) - (ses-02A)",0.00816913725595092,0.00693222761200989,Inf,1.17842888508134,0.640513735189484,"mr_y_smri__thk__dst__gos"
"co_longi2 - co_longi3","(ses-04A) - (ses-02A)",0.00382773906027459,0.00830532182814789,Inf,0.460877873185101,0.967508793561679,"mr_y_smri__thk__dst__gos"
"co_longi0 - co_longi1","(ses-06A) - (ses-04A)",0.000186158907049762,0.00282686329794732,Inf,0.0658535229435883,0.999897591483493,"mr_y_smri__thk__dst__gos"
"co_longi0 - co_longi2","(ses-06A) - (ses-04A)",0.00333535483881045,0.00531312620782401,Inf,0.627757502522501,0.923171939825552,"mr_y_smri__thk__dst__gos"
"co_longi0 - co_longi3","(ses-06A) - (ses-04A)",0.000818219827336897,0.00669549610788446,Inf,0.122204510935848,0.999348167195538,"mr_y_smri__thk__dst__gos"
"co_longi1 - co_longi2","(ses-06A) - (ses-04A)",0.00314919593176069,0.00544760312345912,Inf,0.578088355629147,0.938681026254813,"mr_y_smri__thk__dst__gos"
"co_longi1 - co_longi3","(ses-06A) - (ses-04A)",0.000632060920287135,0.00679894327814842,Inf,0.0929645820577087,0.999712359037804,"mr_y_smri__thk__dst__gos"
"co_longi2 - co_longi3","(ses-06A) - (ses-04A)",-0.00251713501147355,0.00815301458587512,Inf,-0.308736723694131,0.989799861381533,"mr_y_smri__thk__dst__gos"
"co_longi0 - co_longi1","(ses-04A) - (ses-02A)",0.0156432395591683,0.00258094352974485,Inf,6.06105456352806,0.00000000810834421827167,"mr_y_smri__thk__dst__gotlf"
"co_longi0 - co_longi2","(ses-04A) - (ses-02A)",0.0153928990150189,0.0049015655498463,Inf,3.14040460307658,0.00915042931792887,"mr_y_smri__thk__dst__gotlf"
"co_longi0 - co_longi3","(ses-04A) - (ses-02A)",0.02986620214043,0.00621521348357854,Inf,4.8053380980944,0.00000919476877880854,"mr_y_smri__thk__dst__gotlf"
"co_longi1 - co_longi2","(ses-04A) - (ses-02A)",-0.000250340544149362,0.00502840550169937,Inf,-0.0497852736945654,0.999955720341546,"mr_y_smri__thk__dst__gotlf"
"co_longi1 - co_longi3","(ses-04A) - (ses-02A)",0.0142229625812617,0.00631191654157374,Inf,2.25335086222726,0.109189098322172,"mr_y_smri__thk__dst__gotlf"
"co_longi2 - co_longi3","(ses-04A) - (ses-02A)",0.0144733031254111,0.00756332585194616,Inf,1.91361623295483,0.222213110619887,"mr_y_smri__thk__dst__gotlf"
"co_longi0 - co_longi1","(ses-06A) - (ses-04A)",0.0129711985866865,0.0025738641450975,Inf,5.03958167776379,0.00000278449503043898,"mr_y_smri__thk__dst__gotlf"
"co_longi0 - co_longi2","(ses-06A) - (ses-04A)",0.00813076124793382,0.00483996129388706,Inf,1.67992278330884,0.334294493463967,"mr_y_smri__thk__dst__gotlf"
"co_longi0 - co_longi3","(ses-06A) - (ses-04A)",0.00500422656596666,0.00609734653198632,Inf,0.820722020589578,0.84470071163661,"mr_y_smri__thk__dst__gotlf"
"co_longi1 - co_longi2","(ses-06A) - (ses-04A)",-0.00484043733875268,0.00496276745314331,Inf,-0.975350423821864,0.763521954922743,"mr_y_smri__thk__dst__gotlf"
"co_longi1 - co_longi3","(ses-06A) - (ses-04A)",-0.00796697202071984,0.00619223859710538,Inf,-1.2866061111476,0.571472872579663,"mr_y_smri__thk__dst__gotlf"
"co_longi2 - co_longi3","(ses-06A) - (ses-04A)",-0.00312653468196716,0.00742627294991662,Inf,-0.421009933657537,0.974908800417567,"mr_y_smri__thk__dst__gotlf"
"co_longi0 - co_longi1","(ses-04A) - (ses-02A)",0.00585379100317293,0.00216889691903698,Inf,2.6989715148713,0.0350776645460542,"mr_y_smri__thk__dst__gotml"
"co_longi0 - co_longi2","(ses-04A) - (ses-02A)",0.00530766542414655,0.00410786343811702,Inf,1.29207445770873,0.56797068067298,"mr_y_smri__thk__dst__gotml"
"co_longi0 - co_longi3","(ses-04A) - (ses-02A)",0.00105715866213076,0.00521065385403086,Inf,0.202884070165774,0.997046367244965,"mr_y_smri__thk__dst__gotml"
"co_longi1 - co_longi2","(ses-04A) - (ses-02A)",-0.00054612557902638,0.00421230882052713,Inf,-0.129649938381782,0.999222166854209,"mr_y_smri__thk__dst__gotml"
"co_longi1 - co_longi3","(ses-04A) - (ses-02A)",-0.00479663234104217,0.00528982789485223,Inf,-0.906765293008869,0.801245873060114,"mr_y_smri__thk__dst__gotml"
"co_longi2 - co_longi3","(ses-04A) - (ses-02A)",-0.00425050676201579,0.00633636863197467,Inf,-0.670811155235954,0.908135157777609,"mr_y_smri__thk__dst__gotml"
"co_longi0 - co_longi1","(ses-06A) - (ses-04A)",0.00294958662846449,0.00215736195297262,Inf,1.36721917451092,0.520017837788303,"mr_y_smri__thk__dst__gotml"
"co_longi0 - co_longi2","(ses-06A) - (ses-04A)",0.000261419495953242,0.00405209120785495,Inf,0.0645147116744269,0.999903705000985,"mr_y_smri__thk__dst__gotml"
"co_longi0 - co_longi3","(ses-06A) - (ses-04A)",-0.00493461323547416,0.00510835585818046,Inf,-0.965988543568657,0.768814672181934,"mr_y_smri__thk__dst__gotml"
"co_longi1 - co_longi2","(ses-06A) - (ses-04A)",-0.00268816713251125,0.00415424990969791,Inf,-0.647088449405956,0.916602513628917,"mr_y_smri__thk__dst__gotml"
"co_longi1 - co_longi3","(ses-06A) - (ses-04A)",-0.00788419986393866,0.00518643648380649,Inf,-1.52015741223388,0.425309541029121,"mr_y_smri__thk__dst__gotml"
"co_longi2 - co_longi3","(ses-06A) - (ses-04A)",-0.00519603273142741,0.00621854172558906,Inf,-0.835570936196493,0.837539795249059,"mr_y_smri__thk__dst__gotml"
"co_longi0 - co_longi1","(ses-04A) - (ses-02A)",0.00887810337956014,0.00357697672515817,Inf,2.48201318088464,0.0627231891415156,"mr_y_smri__thk__dst__gotmp"
"co_longi0 - co_longi2","(ses-04A) - (ses-02A)",0.0185413222920931,0.00678723143339723,Inf,2.73179461670612,0.0319775208227681,"mr_y_smri__thk__dst__gotmp"
"co_longi0 - co_longi3","(ses-04A) - (ses-02A)",0.011774279203582,0.00860733429567976,Inf,1.3679356231687,0.519563278297384,"mr_y_smri__thk__dst__gotmp"
"co_longi1 - co_longi2","(ses-04A) - (ses-02A)",0.00966321891253297,0.00696198406224516,Inf,1.38799785034508,0.506864227978376,"mr_y_smri__thk__dst__gotmp"
"co_longi1 - co_longi3","(ses-04A) - (ses-02A)",0.00289617582402188,0.00874033491051394,Inf,0.331357534199063,0.987457240219714,"mr_y_smri__thk__dst__gotmp"
"co_longi2 - co_longi3","(ses-04A) - (ses-02A)",-0.00676704308851108,0.0104719633779603,Inf,-0.646205763357926,0.916908968036215,"mr_y_smri__thk__dst__gotmp"
"co_longi0 - co_longi1","(ses-06A) - (ses-04A)",0.0141881962196621,0.00356414878100349,Inf,3.98080918935922,0.000399423389962239,"mr_y_smri__thk__dst__gotmp"
"co_longi0 - co_longi2","(ses-06A) - (ses-04A)",0.0113296227065228,0.00669967263265373,Inf,1.69107109074301,0.328340357148467,"mr_y_smri__thk__dst__gotmp"
"co_longi0 - co_longi3","(ses-06A) - (ses-04A)",0.0115090217541692,0.00844216442708779,Inf,1.36327855890143,0.522519210292103,"mr_y_smri__thk__dst__gotmp"
"co_longi1 - co_longi2","(ses-06A) - (ses-04A)",-0.00285857351313935,0.00686935348083508,Inf,-0.416134287035094,0.975733885194461,"mr_y_smri__thk__dst__gotmp"
"co_longi1 - co_longi3","(ses-06A) - (ses-04A)",-0.00267917446549299,0.00857283988943034,Inf,-0.312518896893923,0.989429626069473,"mr_y_smri__thk__dst__gotmp"
"co_longi2 - co_longi3","(ses-06A) - (ses-04A)",0.000179399047646355,0.0102804631469026,Inf,0.017450483026186,0.999998091562459,"mr_y_smri__thk__dst__gotmp"
"co_longi0 - co_longi1","(ses-04A) - (ses-02A)",0.00149691950146293,0.00289659718636976,Inf,0.516785526308884,0.955103811569995,"mr_y_smri__thk__dst__gpc"
"co_longi0 - co_longi2","(ses-04A) - (ses-02A)",0.0143006695893931,0.00548829719104596,Inf,2.60566603658495,0.0453319991953492,"mr_y_smri__thk__dst__gpc"
"co_longi0 - co_longi3","(ses-04A) - (ses-02A)",0.0182607605998743,0.00696135777783791,Inf,2.62316076585074,0.0432360337851448,"mr_y_smri__thk__dst__gpc"
"co_longi1 - co_longi2","(ses-04A) - (ses-02A)",0.0128037500879301,0.00562825145379926,Inf,2.2749072590364,0.103897582985831,"mr_y_smri__thk__dst__gpc"
"co_longi1 - co_longi3","(ses-04A) - (ses-02A)",0.0167638410984114,0.00706754504475992,Inf,2.37194683475566,0.0825247461318227,"mr_y_smri__thk__dst__gpc"
"co_longi2 - co_longi3","(ses-04A) - (ses-02A)",0.00396009101048123,0.0084661986674219,Inf,0.467753139991828,0.966112723646149,"mr_y_smri__thk__dst__gpc"
"co_longi0 - co_longi1","(ses-06A) - (ses-04A)",0.00303283463121536,0.00288226045785909,Inf,1.05224169555728,0.718572638249087,"mr_y_smri__thk__dst__gpc"
"co_longi0 - co_longi2","(ses-06A) - (ses-04A)",0.00164865817034435,0.00541457041859561,Inf,0.304485497996713,0.990205948310658,"mr_y_smri__thk__dst__gpc"
"co_longi0 - co_longi3","(ses-06A) - (ses-04A)",-0.00287657116457032,0.0068253316123134,Inf,-0.421455150894174,0.974832604069894,"mr_y_smri__thk__dst__gpc"
"co_longi1 - co_longi2","(ses-06A) - (ses-04A)",-0.001384176460871,0.00555122448044978,Inf,-0.249346151600566,0.994559823996641,"mr_y_smri__thk__dst__gpc"
"co_longi1 - co_longi3","(ses-06A) - (ses-04A)",-0.00590940579578568,0.00692995517302865,Inf,-0.85273362500021,0.82908154231722,"mr_y_smri__thk__dst__gpc"
"co_longi2 - co_longi3","(ses-06A) - (ses-04A)",-0.00452522933491468,0.00830929206814036,Inf,-0.544598661089961,0.9480231904638,"mr_y_smri__thk__dst__gpc"
"co_longi0 - co_longi1","(ses-04A) - (ses-02A)",0.0143364796557545,0.00270861544251259,Inf,5.29291808306886,0.000000719901250723076,"mr_y_smri__thk__dst__gpia"
"co_longi0 - co_longi2","(ses-04A) - (ses-02A)",0.0198524449235061,0.0051459549883621,Inf,3.85787379959671,0.000660994459221742,"mr_y_smri__thk__dst__gpia"
"co_longi0 - co_longi3","(ses-04A) - (ses-02A)",0.0240499404883319,0.00652472775851457,Inf,3.68596842327214,0.0013026996501655,"mr_y_smri__thk__dst__gpia"
"co_longi1 - co_longi2","(ses-04A) - (ses-02A)",0.00551596526775166,0.00527938256463594,Inf,1.04481257045104,0.723020284065477,"mr_y_smri__thk__dst__gpia"
"co_longi1 - co_longi3","(ses-04A) - (ses-02A)",0.00971346083257744,0.00662652583136546,Inf,1.46584516227199,0.458297758108446,"mr_y_smri__thk__dst__gpia"
"co_longi2 - co_longi3","(ses-04A) - (ses-02A)",0.00419749556482579,0.00794072507109145,Inf,0.528603562929908,0.952169937099338,"mr_y_smri__thk__dst__gpia"
"co_longi0 - co_longi1","(ses-06A) - (ses-04A)",0.0012972900612178,0.0027021737281486,Inf,0.48009128639802,0.963517223813381,"mr_y_smri__thk__dst__gpia"
"co_longi0 - co_longi2","(ses-06A) - (ses-04A)",-0.00308686797087182,0.0050820223613064,Inf,-0.607409364109586,0.929764611356862,"mr_y_smri__thk__dst__gpia"
"co_longi0 - co_longi3","(ses-06A) - (ses-04A)",-0.00179861219278873,0.00640164011554391,Inf,-0.280961153755191,0.992265560775097,"mr_y_smri__thk__dst__gpia"
"co_longi1 - co_longi2","(ses-06A) - (ses-04A)",-0.00438415803208961,0.00521106360900414,Inf,-0.841317312748645,0.83472924713788,"mr_y_smri__thk__dst__gpia"
"co_longi1 - co_longi3","(ses-06A) - (ses-04A)",-0.00309590225400652,0.00650148723357673,Inf,-0.476183701171916,0.964351821683688,"mr_y_smri__thk__dst__gpia"
"co_longi2 - co_longi3","(ses-06A) - (ses-04A)",0.00128825577808309,0.00779743098179961,Inf,0.165215412754544,0.998396694459389,"mr_y_smri__thk__dst__gpia"
"co_longi0 - co_longi1","(ses-04A) - (ses-02A)",0.0127095235733289,0.00275898457394492,Inf,4.60659464839133,0.0000242803913815814,"mr_y_smri__thk__dst__gpis"
"co_longi0 - co_longi2","(ses-04A) - (ses-02A)",0.0208165673397754,0.00524108150415556,Inf,3.97180759796816,0.000414647032594972,"mr_y_smri__thk__dst__gpis"
"co_longi0 - co_longi3","(ses-04A) - (ses-02A)",0.0161320087462751,0.0066454531254262,Inf,2.42752577466123,0.071973036636422,"mr_y_smri__thk__dst__gpis"
"co_longi1 - co_longi2","(ses-04A) - (ses-02A)",0.00810704376644651,0.00537689933368435,Inf,1.50775442561455,0.432765936936423,"mr_y_smri__thk__dst__gpis"
"co_longi1 - co_longi3","(ses-04A) - (ses-02A)",0.00342248517294622,0.00674905361162741,Inf,0.507105939572014,0.957425011901138,"mr_y_smri__thk__dst__gpis"
"co_longi2 - co_longi3","(ses-04A) - (ses-02A)",-0.0046845585935003,0.00808742989546569,Inf,-0.579239468415887,0.938343972361106,"mr_y_smri__thk__dst__gpis"
"co_longi0 - co_longi1","(ses-06A) - (ses-04A)",0.00350408540576492,0.0027521310239201,Inf,1.27322622916904,0.58004327790369,"mr_y_smri__thk__dst__gpis"
"co_longi0 - co_longi2","(ses-06A) - (ses-04A)",0.00327461950234914,0.00517574709400838,Inf,0.632685377177713,0.921525543079204,"mr_y_smri__thk__dst__gpis"
"co_longi0 - co_longi3","(ses-06A) - (ses-04A)",0.00248410017730561,0.00651989527829103,Inf,0.381003079233004,0.981181390799118,"mr_y_smri__thk__dst__gpis"
"co_longi1 - co_longi2","(ses-06A) - (ses-04A)",-0.000229465903415779,0.00530714120702564,Inf,-0.0432371957829216,0.999970988291361,"mr_y_smri__thk__dst__gpis"
"co_longi1 - co_longi3","(ses-06A) - (ses-04A)",-0.00101998522845932,0.00662152279573869,Inf,-0.154040884540295,0.998698774869035,"mr_y_smri__thk__dst__gpis"
"co_longi2 - co_longi3","(ses-06A) - (ses-04A)",-0.000790519325043539,0.00794131010227611,Inf,-0.09954520285223,0.999647017630428,"mr_y_smri__thk__dst__gpis"
"co_longi0 - co_longi1","(ses-04A) - (ses-02A)",0.0226400754667694,0.0022038956871619,Inf,10.2727527435405,0.0000000000000435207425653061,"mr_y_smri__thk__dst__gprcn"
"co_longi0 - co_longi2","(ses-04A) - (ses-02A)",0.0310009008521156,0.00417863773550885,Inf,7.41890128179309,0.000000000000734856619999391,"mr_y_smri__thk__dst__gprcn"
"co_longi0 - co_longi3","(ses-04A) - (ses-02A)",0.0293523227877268,0.00529974457498116,Inf,5.53844102719443,0.0000001827322858583,"mr_y_smri__thk__dst__gprcn"
"co_longi1 - co_longi2","(ses-04A) - (ses-02A)",0.00836082538534624,0.0042856994019253,Inf,1.95086603171241,0.20694155162757,"mr_y_smri__thk__dst__gprcn"
"co_longi1 - co_longi3","(ses-04A) - (ses-02A)",0.00671224732095741,0.00538109628783004,Inf,1.24737543465593,0.596595354611624,"mr_y_smri__thk__dst__gprcn"
"co_longi2 - co_longi3","(ses-04A) - (ses-02A)",-0.00164857806438883,0.00644655192242853,Inf,-0.255730208059471,0.994138232310725,"mr_y_smri__thk__dst__gprcn"
"co_longi0 - co_longi1","(ses-06A) - (ses-04A)",0.000160403395277365,0.00219438739069864,Inf,0.0730971185658775,0.999859997447728,"mr_y_smri__thk__dst__gprcn"
"co_longi0 - co_longi2","(ses-06A) - (ses-04A)",-0.00567968185971628,0.00412353950014531,Inf,-1.37738024808932,0.51357761860761,"mr_y_smri__thk__dst__gprcn"
"co_longi0 - co_longi3","(ses-06A) - (ses-04A)",-0.00544789958663567,0.00519704243126689,Inf,-1.04826921440155,0.720953396930285,"mr_y_smri__thk__dst__gprcn"
"co_longi1 - co_longi2","(ses-06A) - (ses-04A)",-0.00584008525499365,0.00422778888776095,Inf,-1.38135687709009,0.51106121828037,"mr_y_smri__thk__dst__gprcn"
"co_longi1 - co_longi3","(ses-06A) - (ses-04A)",-0.00560830298191304,0.0052770819591173,Inf,-1.06276594249659,0.712237982555198,"mr_y_smri__thk__dst__gprcn"
"co_longi2 - co_longi3","(ses-06A) - (ses-04A)",0.000231782273080605,0.00632779422080694,Inf,0.0366292368229141,0.999982357086745,"mr_y_smri__thk__dst__gprcn"
"co_longi0 - co_longi1","(ses-04A) - (ses-02A)",0.00990777764399185,0.00366579813198443,Inf,2.70276138708937,0.0347070207414288,"mr_y_smri__thk__dst__gprct"
"co_longi0 - co_longi2","(ses-04A) - (ses-02A)",0.0145159252836979,0.00696466528231831,Inf,2.0842243948967,0.158209109143417,"mr_y_smri__thk__dst__gprct"
"co_longi0 - co_longi3","(ses-04A) - (ses-02A)",0.0139859039531544,0.0088306897379118,Inf,1.58378386833254,0.387873926969858,"mr_y_smri__thk__dst__gprct"
"co_longi1 - co_longi2","(ses-04A) - (ses-02A)",0.00460814763970608,0.00714527743696006,Inf,0.644922143382386,0.917353515217576,"mr_y_smri__thk__dst__gprct"
"co_longi1 - co_longi3","(ses-04A) - (ses-02A)",0.00407812630916254,0.00896849492630718,Inf,0.454716910994756,0.968729505138377,"mr_y_smri__thk__dst__gprct"
"co_longi2 - co_longi3","(ses-04A) - (ses-02A)",-0.000530021330543543,0.0107472085621325,Inf,-0.0493171159263678,0.999956957039652,"mr_y_smri__thk__dst__gprct"
"co_longi0 - co_longi1","(ses-06A) - (ses-04A)",0.0109241333238084,0.00365718809156817,Inf,2.98703075977812,0.0149517168332695,"mr_y_smri__thk__dst__gprct"
"co_longi0 - co_longi2","(ses-06A) - (ses-04A)",0.0122208158683866,0.00687821870844964,Inf,1.77674138994356,0.284542059789017,"mr_y_smri__thk__dst__gprct"
"co_longi0 - co_longi3","(ses-06A) - (ses-04A)",0.0199626286919742,0.00866417210871742,Inf,2.30404341482192,0.0970671566263122,"mr_y_smri__thk__dst__gprct"
"co_longi1 - co_longi2","(ses-06A) - (ses-04A)",0.00129668254457826,0.00705287832664212,Inf,0.183851540395934,0.997796010142756,"mr_y_smri__thk__dst__gprct"
"co_longi1 - co_longi3","(ses-06A) - (ses-04A)",0.00903849536816581,0.00879933174624613,Inf,1.02717974828278,0.733492910718683,"mr_y_smri__thk__dst__gprct"
"co_longi2 - co_longi3","(ses-06A) - (ses-04A)",0.00774181282358755,0.01055333651068,Inf,0.73358911807207,0.883608840394457,"mr_y_smri__thk__dst__gprct"
"co_longi0 - co_longi1","(ses-04A) - (ses-02A)",0.0155066808697695,0.0024913130956355,Inf,6.22430030851416,0.00000000290088342236317,"mr_y_smri__thk__dst__gps"
"co_longi0 - co_longi2","(ses-04A) - (ses-02A)",0.0226394937638124,0.00472794550491596,Inf,4.78844219762529,0.0000100012048793729,"mr_y_smri__thk__dst__gps"
"co_longi0 - co_longi3","(ses-04A) - (ses-02A)",0.0240612177136558,0.00599568850530266,Inf,4.01308668593704,0.000349051049235771,"mr_y_smri__thk__dst__gps"
"co_longi1 - co_longi2","(ses-04A) - (ses-02A)",0.00713281289404296,0.00484979176571087,Inf,1.47074621728578,0.45528677191293,"mr_y_smri__thk__dst__gps"
"co_longi1 - co_longi3","(ses-04A) - (ses-02A)",0.00855453684388639,0.00608845251809572,Inf,1.4050428772272,0.496125478511789,"mr_y_smri__thk__dst__gps"
"co_longi2 - co_longi3","(ses-04A) - (ses-02A)",0.00142172394984344,0.00729484339458993,Inf,0.194894375785754,0.997378640956128,"mr_y_smri__thk__dst__gps"
"co_longi0 - co_longi1","(ses-06A) - (ses-04A)",-0.00877235049548932,0.00248275013406998,Inf,-3.53331991613219,0.00231943065497675,"mr_y_smri__thk__dst__gps"
"co_longi0 - co_longi2","(ses-06A) - (ses-04A)",-0.0152293566331426,0.00466722957128763,Inf,-3.26303996847127,0.00606775584318653,"mr_y_smri__thk__dst__gps"
"co_longi0 - co_longi3","(ses-06A) - (ses-04A)",-0.0114068224348107,0.00588087051690884,Inf,-1.9396486288915,0.211463658325413,"mr_y_smri__thk__dst__gps"
"co_longi1 - co_longi2","(ses-06A) - (ses-04A)",-0.00645700613765325,0.00478547581474665,Inf,-1.34929239800057,0.531412482096204,"mr_y_smri__thk__dst__gps"
"co_longi1 - co_longi3","(ses-06A) - (ses-04A)",-0.00263447193932136,0.00597199011029314,Inf,-0.441138027804276,0.971319676655512,"mr_y_smri__thk__dst__gps"
"co_longi2 - co_longi3","(ses-06A) - (ses-04A)",0.00382253419833189,0.00716165171217489,Inf,0.533750362620055,0.950857752875741,"mr_y_smri__thk__dst__gps"
"co_longi0 - co_longi1","(ses-04A) - (ses-02A)",0.0144925602284793,0.00330636241883205,Inf,4.38323401752148,0.0000690058367576185,"mr_y_smri__thk__dst__gr"
"co_longi0 - co_longi2","(ses-04A) - (ses-02A)",0.0169240524757694,0.00630558866455566,Inf,2.68397660806852,0.0365776072819735,"mr_y_smri__thk__dst__gr"
"co_longi0 - co_longi3","(ses-04A) - (ses-02A)",0.0134426824276165,0.00798953298956941,Inf,1.68253669459358,0.332893369620328,"mr_y_smri__thk__dst__gr"
"co_longi1 - co_longi2","(ses-04A) - (ses-02A)",0.00243149224729016,0.00647143588966081,Inf,0.375726853938996,0.981925698460852,"mr_y_smri__thk__dst__gr"
"co_longi1 - co_longi3","(ses-04A) - (ses-02A)",-0.00104987780086275,0.0081168874915443,Inf,-0.129344875354802,0.999227621756848,"mr_y_smri__thk__dst__gr"
"co_longi2 - co_longi3","(ses-04A) - (ses-02A)",-0.00348137004815291,0.00973235526582347,Inf,-0.357710950028533,0.984326349723471,"mr_y_smri__thk__dst__gr"
"co_longi0 - co_longi1","(ses-06A) - (ses-04A)",0.00145294309709599,0.00331134028268831,Inf,0.438777948823917,0.971755891885222,"mr_y_smri__thk__dst__gr"
"co_longi0 - co_longi2","(ses-06A) - (ses-04A)",-0.00753967194362378,0.00623718581292839,Inf,-1.20882593043735,0.62121192831767,"mr_y_smri__thk__dst__gr"
"co_longi0 - co_longi3","(ses-06A) - (ses-04A)",0.00378633198332923,0.00784799811463526,Inf,0.48245831969153,0.963005967503461,"mr_y_smri__thk__dst__gr"
"co_longi1 - co_longi2","(ses-06A) - (ses-04A)",-0.00899261504071976,0.00639639530933159,Inf,-1.40588794247919,0.495594403346477,"mr_y_smri__thk__dst__gr"
"co_longi1 - co_longi3","(ses-06A) - (ses-04A)",0.00233338888623324,0.00797273039847123,Inf,0.292671239288446,0.991279459336052,"mr_y_smri__thk__dst__gr"
"co_longi2 - co_longi3","(ses-06A) - (ses-04A)",0.011326003926953,0.00956582121736499,Inf,1.18400748556671,0.636980929282831,"mr_y_smri__thk__dst__gr"
"co_longi0 - co_longi1","(ses-04A) - (ses-02A)",0.0107997624290014,0.00241025681961946,Inf,4.48075173611853,0.0000440034464026517,"mr_y_smri__thk__dst__gsca"
"co_longi0 - co_longi2","(ses-04A) - (ses-02A)",0.0168195297667661,0.00458702662016743,Inf,3.66676088009103,0.00140263830104503,"mr_y_smri__thk__dst__gsca"
"co_longi0 - co_longi3","(ses-04A) - (ses-02A)",0.0188224132121611,0.00581436414176073,Inf,3.23722641947588,0.00662463361484167,"mr_y_smri__thk__dst__gsca"
"co_longi1 - co_longi2","(ses-04A) - (ses-02A)",0.00601976733776468,0.00470688892730011,Inf,1.27892700056078,0.576391606033442,"mr_y_smri__thk__dst__gsca"
"co_longi1 - co_longi3","(ses-04A) - (ses-02A)",0.00802265078315967,0.00590609593169409,Inf,1.35836784162401,0.525639119722354,"mr_y_smri__thk__dst__gsca"
"co_longi2 - co_longi3","(ses-04A) - (ses-02A)",0.00200288344539498,0.00707920912671071,Inf,0.282924746189212,0.99210551812234,"mr_y_smri__thk__dst__gsca"
"co_longi0 - co_longi1","(ses-06A) - (ses-04A)",0.000335214435820724,0.0024086670861582,Inf,0.139170098577379,0.999038850112153,"mr_y_smri__thk__dst__gsca"
"co_longi0 - co_longi2","(ses-06A) - (ses-04A)",-0.00020293650391923,0.00453319303122495,Inf,-0.0447667907634617,0.999967800678865,"mr_y_smri__thk__dst__gsca"
"co_longi0 - co_longi3","(ses-06A) - (ses-04A)",0.00224485963171026,0.00570751009245259,Inf,0.393316804586782,0.979370177287657,"mr_y_smri__thk__dst__gsca"
"co_longi1 - co_longi2","(ses-06A) - (ses-04A)",-0.000538150939739954,0.00464862682680856,Inf,-0.115765571165327,0.999445550469677,"mr_y_smri__thk__dst__gsca"
"co_longi1 - co_longi3","(ses-06A) - (ses-04A)",0.00190964519588954,0.00579736344852474,Inf,0.329398909149898,0.987672416821824,"mr_y_smri__thk__dst__gsca"
"co_longi2 - co_longi3","(ses-06A) - (ses-04A)",0.00244779613562949,0.00695417111550158,Inf,0.351989632549176,0.98504392490528,"mr_y_smri__thk__dst__gsca"
"co_longi0 - co_longi1","(ses-04A) - (ses-02A)",0.0143260529114003,0.00257899488320764,Inf,5.55489776450515,0.000000166335763052139,"mr_y_smri__thk__dst__gscma"
"co_longi0 - co_longi2","(ses-04A) - (ses-02A)",0.0238077199918531,0.00490689269749908,Inf,4.85189333852507,0.00000728287623674717,"mr_y_smri__thk__dst__gscma"
"co_longi0 - co_longi3","(ses-04A) - (ses-02A)",0.0264375642111447,0.00622010016972479,Inf,4.25034380311506,0.000125463727373099,"mr_y_smri__thk__dst__gscma"
"co_longi1 - co_longi2","(ses-04A) - (ses-02A)",0.00948166708045275,0.00503498271560938,Inf,1.8831578211893,0.235242070407164,"mr_y_smri__thk__dst__gscma"
"co_longi1 - co_longi3","(ses-04A) - (ses-02A)",0.0121115112997443,0.00631808534522172,Inf,1.91695911624621,0.220812809624352,"mr_y_smri__thk__dst__gscma"
"co_longi2 - co_longi3","(ses-04A) - (ses-02A)",0.00262984421929159,0.00757273536482123,Inf,0.347277977190171,0.985618935200834,"mr_y_smri__thk__dst__gscma"
"co_longi0 - co_longi1","(ses-06A) - (ses-04A)",0.000884040418892621,0.00257662237830174,Inf,0.34310049712263,0.986116833165187,"mr_y_smri__thk__dst__gscma"
"co_longi0 - co_longi2","(ses-06A) - (ses-04A)",0.00105125516209817,0.00484878966624266,Inf,0.216807746769678,0.996403428349073,"mr_y_smri__thk__dst__gscma"
"co_longi0 - co_longi3","(ses-06A) - (ses-04A)",-0.00430921231073848,0.00610531778283033,Inf,-0.705812942752472,0.894835356895298,"mr_y_smri__thk__dst__gscma"
"co_longi1 - co_longi2","(ses-06A) - (ses-04A)",0.000167214743205551,0.00497221354690048,Inf,0.0336298394323363,0.999986344884227,"mr_y_smri__thk__dst__gscma"
"co_longi1 - co_longi3","(ses-06A) - (ses-04A)",-0.0051932527296311,0.00620130860187178,Inf,-0.837444652901742,0.836625752516939,"mr_y_smri__thk__dst__gscma"
"co_longi2 - co_longi3","(ses-06A) - (ses-04A)",-0.00536046747283665,0.00743851822138734,Inf,-0.720636464588357,0.888917140928205,"mr_y_smri__thk__dst__gscma"
"co_longi0 - co_longi1","(ses-04A) - (ses-02A)",0.020721588445927,0.00213792252019209,Inf,9.69239448586993,0.0000000000000484057238736568,"mr_y_smri__thk__dst__gscmp"
"co_longi0 - co_longi2","(ses-04A) - (ses-02A)",0.0249502858001608,0.0040671281755457,Inf,6.13461998817214,0.00000000511879283404681,"mr_y_smri__thk__dst__gscmp"
"co_longi0 - co_longi3","(ses-04A) - (ses-02A)",0.0315140434117305,0.00515571847964508,Inf,6.11244456735736,0.00000000588337500939673,"mr_y_smri__thk__dst__gscmp"
"co_longi1 - co_longi2","(ses-04A) - (ses-02A)",0.00422869735423378,0.00417323656465891,Inf,1.01328963472728,0.741655217705636,"mr_y_smri__thk__dst__gscmp"
"co_longi1 - co_longi3","(ses-04A) - (ses-02A)",0.0107924549658035,0.0052368688087357,Inf,2.06086028884292,0.166083815545233,"mr_y_smri__thk__dst__gscmp"
"co_longi2 - co_longi3","(ses-04A) - (ses-02A)",0.00656375761156976,0.00627667934109894,Inf,1.0457372847759,0.722467789334658,"mr_y_smri__thk__dst__gscmp"
"co_longi0 - co_longi1","(ses-06A) - (ses-04A)",-0.000533266809283787,0.00213565749816074,Inf,-0.249696784125285,0.994537198324216,"mr_y_smri__thk__dst__gscmp"
"co_longi0 - co_longi2","(ses-06A) - (ses-04A)",-0.00261881975870579,0.00401874048601093,Inf,-0.651651871481074,0.915008298046198,"mr_y_smri__thk__dst__gscmp"
"co_longi0 - co_longi3","(ses-06A) - (ses-04A)",-0.0123189353503257,0.00506036964689062,Inf,-2.4343943644305,0.0707489848786004,"mr_y_smri__thk__dst__gscmp"
"co_longi1 - co_longi2","(ses-06A) - (ses-04A)",-0.002085552949422,0.00412101444095327,Inf,-0.50607756398436,0.957667309016501,"mr_y_smri__thk__dst__gscmp"
"co_longi1 - co_longi3","(ses-06A) - (ses-04A)",-0.0117856685410419,0.00513987451109052,Inf,-2.29298760419373,0.0996160291807123,"mr_y_smri__thk__dst__gscmp"
"co_longi2 - co_longi3","(ses-06A) - (ses-04A)",-0.00970011559161988,0.00616523074362594,Inf,-1.57335807774081,0.393908738612824,"mr_y_smri__thk__dst__gscmp"
"co_longi0 - co_longi1","(ses-04A) - (ses-02A)",0.00888631589444602,0.00329443465406485,Inf,2.69737203118648,0.0352351072868101,"mr_y_smri__thk__dst__gsfm"
"co_longi0 - co_longi2","(ses-04A) - (ses-02A)",0.0178718461950813,0.0062773207252816,Inf,2.84705003571082,0.0228885168259099,"mr_y_smri__thk__dst__gsfm"
"co_longi0 - co_longi3","(ses-04A) - (ses-02A)",0.0174417929591467,0.00795512210022961,Inf,2.19252360169849,0.125251881141678,"mr_y_smri__thk__dst__gsfm"
"co_longi1 - co_longi2","(ses-04A) - (ses-02A)",0.00898553030063525,0.00644203367951896,Inf,1.39482820917295,0.502554959371706,"mr_y_smri__thk__dst__gsfm"
"co_longi1 - co_longi3","(ses-04A) - (ses-02A)",0.00855547706470064,0.00808143088819288,Inf,1.05865869337574,0.714714829799654,"mr_y_smri__thk__dst__gsfm"
"co_longi2 - co_longi3","(ses-04A) - (ses-02A)",-0.000430053235934617,0.0096884564777248,Inf,-0.0443882095071979,0.999968610296928,"mr_y_smri__thk__dst__gsfm"
"co_longi0 - co_longi1","(ses-06A) - (ses-04A)",0.00290707626425838,0.0032963536318514,Inf,0.88190667292745,0.814273251698369,"mr_y_smri__thk__dst__gsfm"
"co_longi0 - co_longi2","(ses-06A) - (ses-04A)",-0.00109498973783128,0.00620682647877993,Inf,-0.176417004982314,0.998050765109022,"mr_y_smri__thk__dst__gsfm"
"co_longi0 - co_longi3","(ses-06A) - (ses-04A)",0.000416878900550986,0.00781189239269106,Inf,0.0533646496386746,0.999945474151131,"mr_y_smri__thk__dst__gsfm"
"co_longi1 - co_longi2","(ses-06A) - (ses-04A)",-0.00400206600208966,0.00636512061858806,Inf,-0.628749436483958,0.922842094608301,"mr_y_smri__thk__dst__gsfm"
"co_longi1 - co_longi3","(ses-06A) - (ses-04A)",-0.0024901973637074,0.00793558246523832,Inf,-0.313801460020819,0.989302147857885,"mr_y_smri__thk__dst__gsfm"
"co_longi2 - co_longi3","(ses-06A) - (ses-04A)",0.00151186863838227,0.00952030193730092,Inf,0.158804694256461,0.99857507436184,"mr_y_smri__thk__dst__gsfm"
"co_longi0 - co_longi1","(ses-04A) - (ses-02A)",0.0174630680930483,0.00356612108973729,Inf,4.89693637810116,0.00000580055127719081,"mr_y_smri__thk__dst__gsoi"
"co_longi0 - co_longi2","(ses-04A) - (ses-02A)",0.0127378861011494,0.00678705214190797,Inf,1.87679213815035,0.238026481127551,"mr_y_smri__thk__dst__gsoi"
"co_longi0 - co_longi3","(ses-04A) - (ses-02A)",0.0280576504446092,0.00860298315831995,Inf,3.26138618758943,0.00610211550510409,"mr_y_smri__thk__dst__gsoi"
"co_longi1 - co_longi2","(ses-04A) - (ses-02A)",-0.00472518199189888,0.00696442967358721,Inf,-0.678473645849172,0.905305358887881,"mr_y_smri__thk__dst__gsoi"
"co_longi1 - co_longi3","(ses-04A) - (ses-02A)",0.0105945823515609,0.0087387410481748,Inf,1.21236941261393,0.618954480192386,"mr_y_smri__thk__dst__gsoi"
"co_longi2 - co_longi3","(ses-04A) - (ses-02A)",0.0153197643434598,0.0104745586391916,Inf,1.46256896077123,0.460313995138103,"mr_y_smri__thk__dst__gsoi"
"co_longi0 - co_longi1","(ses-06A) - (ses-04A)",0.0105686984754139,0.00356391185210131,Inf,2.96547695734465,0.0159871712062766,"mr_y_smri__thk__dst__gsoi"
"co_longi0 - co_longi2","(ses-06A) - (ses-04A)",0.0131181079499334,0.00670750884838744,Inf,1.95573472155569,0.20499940372685,"mr_y_smri__thk__dst__gsoi"
"co_longi0 - co_longi3","(ses-06A) - (ses-04A)",0.00773190943142358,0.00844498200420657,Inf,0.915562570479392,0.796549317059386,"mr_y_smri__thk__dst__gsoi"
"co_longi1 - co_longi2","(ses-06A) - (ses-04A)",0.00254940947451943,0.00687831926288226,Inf,0.370644248556026,0.982624892850695,"mr_y_smri__thk__dst__gsoi"
"co_longi1 - co_longi3","(ses-06A) - (ses-04A)",-0.00283678904399035,0.00857795763653433,Inf,-0.330706814394629,0.987528992772737,"mr_y_smri__thk__dst__gsoi"
"co_longi2 - co_longi3","(ses-06A) - (ses-04A)",-0.00538619851850978,0.0102896489415105,Inf,-0.523457947800411,0.953460889651723,"mr_y_smri__thk__dst__gsoi"
"co_longi0 - co_longi1","(ses-04A) - (ses-02A)",0.0161944675100742,0.00292644476303716,Inf,5.53383672728784,0.000000187593616862713,"mr_y_smri__thk__dst__gspc"
"co_longi0 - co_longi2","(ses-04A) - (ses-02A)",0.0230535322786184,0.00555470702163944,Inf,4.15026970618052,0.000194517075102096,"mr_y_smri__thk__dst__gspc"
"co_longi0 - co_longi3","(ses-04A) - (ses-02A)",0.0276443741093231,0.00704396037448329,Inf,3.92454991789345,0.000503937869328341,"mr_y_smri__thk__dst__gspc"
"co_longi1 - co_longi2","(ses-04A) - (ses-02A)",0.00685906476854421,0.00569800977117186,Inf,1.20376500637934,0.624433720917066,"mr_y_smri__thk__dst__gspc"
"co_longi1 - co_longi3","(ses-04A) - (ses-02A)",0.0114499065992489,0.00715309837522328,Inf,1.60069189582361,0.378175412127672,"mr_y_smri__thk__dst__gspc"
"co_longi2 - co_longi3","(ses-04A) - (ses-02A)",0.00459084183070473,0.00857064585727778,Inf,0.535647127083942,0.950368881043551,"mr_y_smri__thk__dst__gspc"
"co_longi0 - co_longi1","(ses-06A) - (ses-04A)",0.00357972405747171,0.00291688265946975,Inf,1.22724307947391,0.609465699306402,"mr_y_smri__thk__dst__gspc"
"co_longi0 - co_longi2","(ses-06A) - (ses-04A)",0.00449315939128054,0.0054837445611666,Inf,0.819359716916624,0.845350256187132,"mr_y_smri__thk__dst__gspc"
"co_longi0 - co_longi3","(ses-06A) - (ses-04A)",-0.00087910075904986,0.00690938486086338,Inf,-0.127232854552556,0.999264693675516,"mr_y_smri__thk__dst__gspc"
"co_longi1 - co_longi2","(ses-06A) - (ses-04A)",0.000913435333808836,0.00562273048115707,Inf,0.162454049126122,0.998475233732134,"mr_y_smri__thk__dst__gspc"
"co_longi1 - co_longi3","(ses-06A) - (ses-04A)",-0.00445882481652157,0.0070165592248646,Inf,-0.635471699678785,0.920586059644677,"mr_y_smri__thk__dst__gspc"
"co_longi2 - co_longi3","(ses-06A) - (ses-04A)",-0.0053722601503304,0.00841444260650785,Inf,-0.638457043628228,0.919572601791883,"mr_y_smri__thk__dst__gspc"
"co_longi0 - co_longi1","(ses-04A) - (ses-02A)",0.0172414840725014,0.0026604315880232,Inf,6.48070942704168,0.000000000547635048420148,"mr_y_smri__thk__dst__gssc"
"co_longi0 - co_longi2","(ses-04A) - (ses-02A)",0.028971752472886,0.00504928842240037,Inf,5.73778917923512,0.0000000574738644454342,"mr_y_smri__thk__dst__gssc"
"co_longi0 - co_longi3","(ses-04A) - (ses-02A)",0.0323547731873932,0.00640312527893676,Inf,5.05296582183469,0.00000259653871759191,"mr_y_smri__thk__dst__gssc"
"co_longi1 - co_longi2","(ses-04A) - (ses-02A)",0.0117302684003846,0.00517947672455001,Inf,2.26475936165225,0.106363068478136,"mr_y_smri__thk__dst__gssc"
"co_longi1 - co_longi3","(ses-04A) - (ses-02A)",0.0151132891148918,0.00650225587531336,Inf,2.3243147308723,0.0925277847867817,"mr_y_smri__thk__dst__gssc"
"co_longi2 - co_longi3","(ses-04A) - (ses-02A)",0.0033830207145072,0.00779072103070715,Inf,0.43423717794194,0.972583615097592,"mr_y_smri__thk__dst__gssc"
"co_longi0 - co_longi1","(ses-06A) - (ses-04A)",0.00841840154291414,0.00265148689661047,Inf,3.17497384342189,0.00816312077375581,"mr_y_smri__thk__dst__gssc"
"co_longi0 - co_longi2","(ses-06A) - (ses-04A)",0.000538617487476817,0.00498459475372047,Inf,0.108056424662165,0.999548813317439,"mr_y_smri__thk__dst__gssc"
"co_longi0 - co_longi3","(ses-06A) - (ses-04A)",-0.00119469447562505,0.00628063202952799,Inf,-0.190218829889773,0.997561170270846,"mr_y_smri__thk__dst__gssc"
"co_longi1 - co_longi2","(ses-06A) - (ses-04A)",-0.00787978405543733,0.00511090299941269,Inf,-1.54175965702006,0.412441435444991,"mr_y_smri__thk__dst__gssc"
"co_longi1 - co_longi3","(ses-06A) - (ses-04A)",-0.00961309601853919,0.00637799354973025,Inf,-1.50722887120915,0.433082945306344,"mr_y_smri__thk__dst__gssc"
"co_longi2 - co_longi3","(ses-06A) - (ses-04A)",-0.00173331196310186,0.00764858855412057,Inf,-0.226618538941811,0.99589942329927,"mr_y_smri__thk__dst__gssc"
"co_longi0 - co_longi1","(ses-04A) - (ses-02A)",0.00520958775573216,0.00353510572907218,Inf,1.47367240331436,0.453492086791142,"mr_y_smri__thk__dst__gstf"
"co_longi0 - co_longi2","(ses-04A) - (ses-02A)",0.0121652790493331,0.00672617395833156,Inf,1.80864769848306,0.269151845595141,"mr_y_smri__thk__dst__gstf"
"co_longi0 - co_longi3","(ses-04A) - (ses-02A)",0.0162537740370333,0.00852623352379613,Inf,1.90632522457544,0.225287610274985,"mr_y_smri__thk__dst__gstf"
"co_longi1 - co_longi2","(ses-04A) - (ses-02A)",0.0069556912936009,0.00690177038100416,Inf,1.00781262047563,0.744851505919219,"mr_y_smri__thk__dst__gstf"
"co_longi1 - co_longi3","(ses-04A) - (ses-02A)",0.0110441862813011,0.00866056486857526,Inf,1.27522701450743,0.578761668617283,"mr_y_smri__thk__dst__gstf"
"co_longi2 - co_longi3","(ses-04A) - (ses-02A)",0.00408849498770025,0.0103804208172142,Inf,0.393866015616647,0.97928695313496,"mr_y_smri__thk__dst__gstf"
"co_longi0 - co_longi1","(ses-06A) - (ses-04A)",0.00313171037697651,0.00353193252672422,Inf,0.886684655859239,0.811797856640471,"mr_y_smri__thk__dst__gstf"
"co_longi0 - co_longi2","(ses-06A) - (ses-04A)",0.00427856065069537,0.00664658908104247,Inf,0.643722757421361,0.917767706304524,"mr_y_smri__thk__dst__gstf"
"co_longi0 - co_longi3","(ses-06A) - (ses-04A)",-0.00721923508206586,0.008368950156594,Inf,-0.862621349988294,0.824122311849615,"mr_y_smri__thk__dst__gstf"
"co_longi1 - co_longi2","(ses-06A) - (ses-04A)",0.00114685027371885,0.00681578074767151,Inf,0.168263962145592,0.998306938437886,"mr_y_smri__thk__dst__gstf"
"co_longi1 - co_longi3","(ses-06A) - (ses-04A)",-0.0103509454590424,0.00850054580820953,Inf,-1.21768009873505,0.615568811420298,"mr_y_smri__thk__dst__gstf"
"co_longi2 - co_longi3","(ses-06A) - (ses-04A)",-0.0114977957327612,0.0101964948319973,Inf,-1.12762237633666,0.672427806793032,"mr_y_smri__thk__dst__gstf"
"co_longi0 - co_longi1","(ses-04A) - (ses-02A)",0.0130988323773251,0.00300282685590809,Inf,4.36216705320621,0.0000759551023175042,"mr_y_smri__thk__dst__gti"
"co_longi0 - co_longi2","(ses-04A) - (ses-02A)",0.0164235144394484,0.00570538525580521,Inf,2.87859867530199,0.0208330871369951,"mr_y_smri__thk__dst__gti"
"co_longi0 - co_longi3","(ses-04A) - (ses-02A)",0.0245647538895294,0.00723395429356444,Inf,3.39575740910929,0.00382051518524062,"mr_y_smri__thk__dst__gti"
"co_longi1 - co_longi2","(ses-04A) - (ses-02A)",0.00332468206212332,0.00585338091110012,Inf,0.567993457562026,0.941591428718952,"mr_y_smri__thk__dst__gti"
"co_longi1 - co_longi3","(ses-04A) - (ses-02A)",0.0114659215122043,0.00734688466713485,Inf,1.56065081074368,0.401318669059555,"mr_y_smri__thk__dst__gti"
"co_longi2 - co_longi3","(ses-04A) - (ses-02A)",0.00814123945008102,0.00880405168694007,Inf,0.924715090230301,0.791616783996104,"mr_y_smri__thk__dst__gti"
"co_longi0 - co_longi1","(ses-06A) - (ses-04A)",0.0117603843046303,0.00299592974206392,Inf,3.92545397160365,0.000502071938910609,"mr_y_smri__thk__dst__gti"
"co_longi0 - co_longi2","(ses-06A) - (ses-04A)",0.0150840979885416,0.00563468653000037,Inf,2.67700748004887,0.0372932047299589,"mr_y_smri__thk__dst__gti"
"co_longi0 - co_longi3","(ses-06A) - (ses-04A)",0.00895289735801544,0.00709764904599733,Inf,1.26138913040007,0.587624633177031,"mr_y_smri__thk__dst__gti"
"co_longi1 - co_longi2","(ses-06A) - (ses-04A)",0.00332371368391128,0.00577778308474289,Inf,0.575257609218327,0.939505374308527,"mr_y_smri__thk__dst__gti"
"co_longi1 - co_longi3","(ses-06A) - (ses-04A)",-0.0028074869466149,0.00720840499326814,Inf,-0.389474086047716,0.97994662225565,"mr_y_smri__thk__dst__gti"
"co_longi2 - co_longi3","(ses-06A) - (ses-04A)",-0.00613120063052618,0.008645328727865,Inf,-0.709192307605903,0.893500987224383,"mr_y_smri__thk__dst__gti"
"co_longi0 - co_longi1","(ses-04A) - (ses-02A)",0.012933583497757,0.0031770678886063,Inf,4.07091820232731,0.000273431081248998,"mr_y_smri__thk__dst__gtm"
"co_longi0 - co_longi2","(ses-04A) - (ses-02A)",0.0183231720190651,0.00603150834271276,Inf,3.03790875813063,0.0127401898847803,"mr_y_smri__thk__dst__gtm"
"co_longi0 - co_longi3","(ses-04A) - (ses-02A)",0.0290157407519848,0.0076483958430565,Inf,3.79370280348739,0.000854532150710074,"mr_y_smri__thk__dst__gtm"
"co_longi1 - co_longi2","(ses-04A) - (ses-02A)",0.00538958852130809,0.00618727464560951,Inf,0.871076334898523,0.819832711021375,"mr_y_smri__thk__dst__gtm"
"co_longi1 - co_longi3","(ses-04A) - (ses-02A)",0.0160821572542278,0.00776706865058069,Inf,2.07055685712594,0.162781966649031,"mr_y_smri__thk__dst__gtm"
"co_longi2 - co_longi3","(ses-04A) - (ses-02A)",0.0106925687329197,0.00930651654672869,Inf,1.14893351118343,0.659104399476358,"mr_y_smri__thk__dst__gtm"
"co_longi0 - co_longi1","(ses-06A) - (ses-04A)",0.0153095643992254,0.00316724131179242,Inf,4.83372212348461,0.00000797862733403765,"mr_y_smri__thk__dst__gtm"
"co_longi0 - co_longi2","(ses-06A) - (ses-04A)",0.024446139266684,0.00595486925655056,Inf,4.10523526436662,0.000236172192641604,"mr_y_smri__thk__dst__gtm"
"co_longi0 - co_longi3","(ses-06A) - (ses-04A)",0.00914965415111053,0.00750262869194889,Inf,1.21952645223255,0.614391091087765,"mr_y_smri__thk__dst__gtm"
"co_longi1 - co_longi2","(ses-06A) - (ses-04A)",0.0091365748674586,0.0061058534629045,Inf,1.4963632722218,0.43965567580728,"mr_y_smri__thk__dst__gtm"
"co_longi1 - co_longi3","(ses-06A) - (ses-04A)",-0.0061599102481149,0.00761913560658817,Inf,-0.808478883456084,0.850492787018109,"mr_y_smri__thk__dst__gtm"
"co_longi2 - co_longi3","(ses-06A) - (ses-04A)",-0.0152964851155735,0.00913722149928572,Inf,-1.67408496300208,0.337434855093153,"mr_y_smri__thk__dst__gtm"
"co_longi0 - co_longi1","(ses-04A) - (ses-02A)",0.0172252892155055,0.00368717827576037,Inf,4.67167246258341,0.0000177434016910283,"mr_y_smri__thk__dst__gtsgtt"
"co_longi0 - co_longi2","(ses-04A) - (ses-02A)",0.0150071148248844,0.00700678816501428,Inf,2.14179656519612,0.139974851752388,"mr_y_smri__thk__dst__gtsgtt"
"co_longi0 - co_longi3","(ses-04A) - (ses-02A)",0.0172693807429964,0.00888379852590995,Inf,1.94391854932657,0.20973451418267,"mr_y_smri__thk__dst__gtsgtt"
"co_longi1 - co_longi2","(ses-04A) - (ses-02A)",-0.00221817439062108,0.00718868926977805,Inf,-0.308564511189335,0.989816517849146,"mr_y_smri__thk__dst__gtsgtt"
"co_longi1 - co_longi3","(ses-04A) - (ses-02A)",0.0000440915274908748,0.00902264286730867,Inf,0.00488676412657644,0.99999995808539,"mr_y_smri__thk__dst__gtsgtt"
"co_longi2 - co_longi3","(ses-04A) - (ses-02A)",0.00226226591811195,0.0108124249417837,Inf,0.209228358142828,0.996763691316015,"mr_y_smri__thk__dst__gtsgtt"
"co_longi0 - co_longi1","(ses-06A) - (ses-04A)",0.00541742337718288,0.00367929453564454,Inf,1.47240818170428,0.454267177035891,"mr_y_smri__thk__dst__gtsgtt"
"co_longi0 - co_longi2","(ses-06A) - (ses-04A)",0.0118965100246044,0.00692040480618631,Inf,1.71904828659298,0.313651021272762,"mr_y_smri__thk__dst__gtsgtt"
"co_longi0 - co_longi3","(ses-06A) - (ses-04A)",0.0147542468719988,0.00871679557676387,Inf,1.69262279263825,0.327516120115621,"mr_y_smri__thk__dst__gtsgtt"
"co_longi1 - co_longi2","(ses-06A) - (ses-04A)",0.00647908664742155,0.0070962051989993,Inf,0.913035413397462,0.797902986405398,"mr_y_smri__thk__dst__gtsgtt"
"co_longi1 - co_longi3","(ses-06A) - (ses-04A)",0.00933682349481593,0.00885294339492948,Inf,1.05465753911446,0.717121993586559,"mr_y_smri__thk__dst__gtsgtt"
"co_longi2 - co_longi3","(ses-06A) - (ses-04A)",0.00285773684739438,0.0106178574565382,Inf,0.269144397454183,0.993184491830059,"mr_y_smri__thk__dst__gtsgtt"
"co_longi0 - co_longi1","(ses-04A) - (ses-02A)",0.0151182016549112,0.00334283725938612,Inf,4.52256585703115,0.0000361777969650756,"mr_y_smri__thk__dst__gtsl"
"co_longi0 - co_longi2","(ses-04A) - (ses-02A)",0.0258498680791371,0.00633967736855555,Inf,4.0774737540038,0.00026591003403531,"mr_y_smri__thk__dst__gtsl"
"co_longi0 - co_longi3","(ses-04A) - (ses-02A)",0.0279119857073779,0.00804032103139075,Inf,3.47150139881291,0.00290968770689037,"mr_y_smri__thk__dst__gtsl"
"co_longi1 - co_longi2","(ses-04A) - (ses-02A)",0.0107316664242259,0.0065023751108873,Inf,1.65042253656779,0.350318908877747,"mr_y_smri__thk__dst__gtsl"
"co_longi1 - co_longi3","(ses-04A) - (ses-02A)",0.0127937840524666,0.00816401394561613,Inf,1.56709483076478,0.397553613176384,"mr_y_smri__thk__dst__gtsl"
"co_longi2 - co_longi3","(ses-04A) - (ses-02A)",0.00206211762824075,0.00978079951171422,Inf,0.210833237688902,0.99668948065667,"mr_y_smri__thk__dst__gtsl"
"co_longi0 - co_longi1","(ses-06A) - (ses-04A)",0.0172034661410856,0.00332920291384361,Inf,5.16744295445303,0.00000141796603569944,"mr_y_smri__thk__dst__gtsl"
"co_longi0 - co_longi2","(ses-06A) - (ses-04A)",0.0234288317582106,0.00625666851050649,Inf,3.74461771769877,0.00103705412268729,"mr_y_smri__thk__dst__gtsl"
"co_longi0 - co_longi3","(ses-06A) - (ses-04A)",0.0222563920531186,0.00788499857688638,Inf,2.82262473938292,0.024599591315148,"mr_y_smri__thk__dst__gtsl"
"co_longi1 - co_longi2","(ses-06A) - (ses-04A)",0.00622536561712497,0.006414941416526,Inf,0.970447773862338,0.766298979229971,"mr_y_smri__thk__dst__gtsl"
"co_longi1 - co_longi3","(ses-06A) - (ses-04A)",0.00505292591203295,0.00800663858752291,Inf,0.631092044032954,0.922059994431791,"mr_y_smri__thk__dst__gtsl"
"co_longi2 - co_longi3","(ses-06A) - (ses-04A)",-0.00117243970509202,0.0096010374670767,Inf,-0.12211593894019,0.999349578212648,"mr_y_smri__thk__dst__gtsl"
"co_longi0 - co_longi1","(ses-04A) - (ses-02A)",0.0136204030277565,0.00442462948539274,Inf,3.07831493523294,0.0111969674817138,"mr_y_smri__thk__dst__gtspp"
"co_longi0 - co_longi2","(ses-04A) - (ses-02A)",0.0118712894704894,0.00842054226099915,Inf,1.40980106773799,0.493136961592594,"mr_y_smri__thk__dst__gtspp"
"co_longi0 - co_longi3","(ses-04A) - (ses-02A)",0.0218514262774917,0.0106736236241797,Inf,2.0472359759801,0.170804346461558,"mr_y_smri__thk__dst__gtspp"
"co_longi1 - co_longi2","(ses-04A) - (ses-02A)",-0.0017491135572671,0.00864056770664855,Inf,-0.202430397706533,0.997065935332116,"mr_y_smri__thk__dst__gtspp"
"co_longi1 - co_longi3","(ses-04A) - (ses-02A)",0.00823102324973514,0.0108420080703405,Inf,0.759178852878,0.872751779043203,"mr_y_smri__thk__dst__gtspp"
"co_longi2 - co_longi3","(ses-04A) - (ses-02A)",0.00998013680700224,0.0129955074247137,Inf,0.767968227852567,0.868911131763104,"mr_y_smri__thk__dst__gtspp"
"co_longi0 - co_longi1","(ses-06A) - (ses-04A)",0.0134871120877805,0.00442166168146322,Inf,3.05023610112959,0.012250375307002,"mr_y_smri__thk__dst__gtspp"
"co_longi0 - co_longi2","(ses-06A) - (ses-04A)",0.02420428206738,0.00832168029900521,Inf,2.90858110353909,0.0190317189337407,"mr_y_smri__thk__dst__gtspp"
"co_longi0 - co_longi3","(ses-06A) - (ses-04A)",0.0140576936362128,0.0104774331280666,Inf,1.34171160668689,0.536241825301283,"mr_y_smri__thk__dst__gtspp"
"co_longi1 - co_longi2","(ses-06A) - (ses-04A)",0.0107171699795996,0.00853358128074507,Inf,1.25588186565721,0.591150869295607,"mr_y_smri__thk__dst__gtspp"
"co_longi1 - co_longi3","(ses-06A) - (ses-04A)",0.000570581548432285,0.0106423702959579,Inf,0.0536141416399499,0.999944706360797,"mr_y_smri__thk__dst__gtspp"
"co_longi2 - co_longi3","(ses-06A) - (ses-04A)",-0.0101465884311673,0.0127659372214823,Inf,-0.794817353017593,0.856833734299525,"mr_y_smri__thk__dst__gtspp"
"co_longi0 - co_longi1","(ses-04A) - (ses-02A)",0.0100180314925421,0.00331139782269449,Inf,3.02531801642316,0.0132584390660647,"mr_y_smri__thk__dst__gtspt"
"co_longi0 - co_longi2","(ses-04A) - (ses-02A)",0.0142443715082994,0.00630284623605761,Inf,2.25999032418236,0.107537397419374,"mr_y_smri__thk__dst__gtspt"
"co_longi0 - co_longi3","(ses-04A) - (ses-02A)",0.0145686229357521,0.00798909046139035,Inf,1.82356464808594,0.262133744447991,"mr_y_smri__thk__dst__gtspt"
"co_longi1 - co_longi2","(ses-04A) - (ses-02A)",0.00422634001575736,0.0064676272396983,Inf,0.653460667896271,0.914371828426049,"mr_y_smri__thk__dst__gtspt"
"co_longi1 - co_longi3","(ses-04A) - (ses-02A)",0.00455059144321,0.00811522730364709,Inf,0.560747256107651,0.943630274854644,"mr_y_smri__thk__dst__gtspt"
"co_longi2 - co_longi3","(ses-04A) - (ses-02A)",0.000324251427452632,0.00972733128256148,Inf,0.0333340582358831,0.99998670192432,"mr_y_smri__thk__dst__gtspt"
"co_longi0 - co_longi1","(ses-06A) - (ses-04A)",0.00385334090449685,0.0033096580193992,Inf,1.16427162018278,0.649456587533731,"mr_y_smri__thk__dst__gtspt"
"co_longi0 - co_longi2","(ses-06A) - (ses-04A)",0.0056915924847979,0.00622921773490112,Inf,0.913692975108093,0.797551112057612,"mr_y_smri__thk__dst__gtspt"
"co_longi0 - co_longi3","(ses-06A) - (ses-04A)",0.00257542909900131,0.00784258490784289,Inf,0.328390336765852,0.987782293630561,"mr_y_smri__thk__dst__gtspt"
"co_longi1 - co_longi2","(ses-06A) - (ses-04A)",0.00183825158030105,0.00638786879778835,Inf,0.287772281881791,0.99170129903668,"mr_y_smri__thk__dst__gtspt"
"co_longi1 - co_longi3","(ses-06A) - (ses-04A)",-0.00127791180549554,0.00796613198396442,Inf,-0.160418106060499,0.998531484146257,"mr_y_smri__thk__dst__gtspt"
"co_longi2 - co_longi3","(ses-06A) - (ses-04A)",-0.00311616338579658,0.00955583036141184,Inf,-0.326100743518869,0.988029400882769,"mr_y_smri__thk__dst__gtspt"
"co_longi0 - co_longi1","(ses-04A) - (ses-02A)",0.00731258700041608,0.00461889740473593,Inf,1.58318887813317,0.38821722354374,"mr_y_smri__thk__dst__lfah"
"co_longi0 - co_longi2","(ses-04A) - (ses-02A)",0.0218984971655995,0.00881779054982638,Inf,2.48344492215577,0.0624940184762414,"mr_y_smri__thk__dst__lfah"
"co_longi0 - co_longi3","(ses-04A) - (ses-02A)",0.020395614558708,0.011170183978647,Inf,1.82589781848682,0.261046340106218,"mr_y_smri__thk__dst__lfah"
"co_longi1 - co_longi2","(ses-04A) - (ses-02A)",0.0145859101651834,0.00905020123530786,Inf,1.61166694374473,0.371940299145744,"mr_y_smri__thk__dst__lfah"
"co_longi1 - co_longi3","(ses-04A) - (ses-02A)",0.0130830275582919,0.0113489305245058,Inf,1.15279827733914,0.656677748925162,"mr_y_smri__thk__dst__lfah"
"co_longi2 - co_longi3","(ses-04A) - (ses-02A)",-0.00150288260689154,0.0136100114074548,Inf,-0.110424786717544,0.999518584566741,"mr_y_smri__thk__dst__lfah"
"co_longi0 - co_longi1","(ses-06A) - (ses-04A)",0.00672507306296138,0.00463094589439223,Inf,1.45220290116216,0.466711356298876,"mr_y_smri__thk__dst__lfah"
"co_longi0 - co_longi2","(ses-06A) - (ses-04A)",0.000592613937318003,0.00872622838313565,Inf,0.0679118069455174,0.999887697333147,"mr_y_smri__thk__dst__lfah"
"co_longi0 - co_longi3","(ses-06A) - (ses-04A)",-0.00375069852004075,0.0109763420053003,Inf,-0.34170751223218,0.986280383557375,"mr_y_smri__thk__dst__lfah"
"co_longi1 - co_longi2","(ses-06A) - (ses-04A)",-0.00613245912564338,0.00894915196337619,Inf,-0.685255893601993,0.902762251466048,"mr_y_smri__thk__dst__lfah"
"co_longi1 - co_longi3","(ses-06A) - (ses-04A)",-0.0104757715830021,0.011151498501233,Inf,-0.939404832619027,0.783603911906626,"mr_y_smri__thk__dst__lfah"
"co_longi2 - co_longi3","(ses-06A) - (ses-04A)",-0.00434331245735875,0.0133813760672056,Inf,-0.324578909937606,0.988191865113802,"mr_y_smri__thk__dst__lfah"
"co_longi0 - co_longi1","(ses-04A) - (ses-02A)",0.00469742841375023,0.00475591477274598,Inf,0.987702395482166,0.756474633597095,"mr_y_smri__thk__dst__lfav"
"co_longi0 - co_longi2","(ses-04A) - (ses-02A)",0.0178790573188205,0.00908413870258092,Inf,1.96816207944302,0.200098507631033,"mr_y_smri__thk__dst__lfav"
"co_longi0 - co_longi3","(ses-04A) - (ses-02A)",0.020707609156172,0.0115050596576503,Inf,1.79986977663366,0.273334666602042,"mr_y_smri__thk__dst__lfav"
"co_longi1 - co_longi2","(ses-04A) - (ses-02A)",0.0131816289050703,0.00932358371171457,Inf,1.41379423541919,0.490632253036698,"mr_y_smri__thk__dst__lfav"
"co_longi1 - co_longi3","(ses-04A) - (ses-02A)",0.0160101807424218,0.0116893646844398,Inf,1.36963651786256,0.518484400399183,"mr_y_smri__thk__dst__lfav"
"co_longi2 - co_longi3","(ses-04A) - (ses-02A)",0.00282855183735148,0.0140200047877345,Inf,0.20175113205568,0.99709507447184,"mr_y_smri__thk__dst__lfav"
"co_longi0 - co_longi1","(ses-06A) - (ses-04A)",0.0103056401618241,0.00477093525432933,Inf,2.16008803566813,0.134523351121251,"mr_y_smri__thk__dst__lfav"
"co_longi0 - co_longi2","(ses-06A) - (ses-04A)",0.00194725937104125,0.00899103583327657,Inf,0.216577867906418,0.996414723003079,"mr_y_smri__thk__dst__lfav"
"co_longi0 - co_longi3","(ses-06A) - (ses-04A)",-0.00843769266927819,0.0113073376106704,Inf,-0.746213915229326,0.878313338883352,"mr_y_smri__thk__dst__lfav"
"co_longi1 - co_longi2","(ses-06A) - (ses-04A)",-0.00835838079078283,0.00922073481260807,Inf,-0.906476648623916,0.801399219974968,"mr_y_smri__thk__dst__lfav"
"co_longi1 - co_longi3","(ses-06A) - (ses-04A)",-0.0187433328311023,0.01148806133997,Inf,-1.63154881197312,0.360769749101638,"mr_y_smri__thk__dst__lfav"
"co_longi2 - co_longi3","(ses-06A) - (ses-04A)",-0.0103849520403194,0.0137860653041117,Inf,-0.753293402521609,0.875291849951182,"mr_y_smri__thk__dst__lfav"
"co_longi0 - co_longi1","(ses-04A) - (ses-02A)",0.0135469618900857,0.002417995780094,Inf,5.60255811925323,0.000000126499468788843,"mr_y_smri__thk__dst__lfp"
"co_longi0 - co_longi2","(ses-04A) - (ses-02A)",0.0211731519555196,0.00459767661242375,Inf,4.60518512726753,0.0000244447650320501,"mr_y_smri__thk__dst__lfp"
"co_longi0 - co_longi3","(ses-04A) - (ses-02A)",0.0305972544431794,0.0058287586143944,Inf,5.24936036424943,0.000000912493666183067,"mr_y_smri__thk__dst__lfp"
"co_longi1 - co_longi2","(ses-04A) - (ses-02A)",0.00762619006543392,0.00471737193116058,Inf,1.61661835800123,0.369143187736453,"mr_y_smri__thk__dst__lfp"
"co_longi1 - co_longi3","(ses-04A) - (ses-02A)",0.0170502925530937,0.00592022069321082,Inf,2.88000962069651,0.0207450729767531,"mr_y_smri__thk__dst__lfp"
"co_longi2 - co_longi3","(ses-04A) - (ses-02A)",0.00942410248765982,0.00709519878749497,Inf,1.32823656812399,0.544839346036895,"mr_y_smri__thk__dst__lfp"
"co_longi0 - co_longi1","(ses-06A) - (ses-04A)",0.00313491837694321,0.00241424755856072,Inf,1.29850742349394,0.563851583565499,"mr_y_smri__thk__dst__lfp"
"co_longi0 - co_longi2","(ses-06A) - (ses-04A)",-0.00104345363280943,0.00454207204745128,Inf,-0.229730753257194,0.995730414544579,"mr_y_smri__thk__dst__lfp"
"co_longi0 - co_longi3","(ses-06A) - (ses-04A)",-0.00664204905817196,0.00572014565282954,Inf,-1.16116782006877,0.651412522079726,"mr_y_smri__thk__dst__lfp"
"co_longi1 - co_longi2","(ses-06A) - (ses-04A)",-0.00417837200975264,0.00465757423167846,Inf,-0.897113347401632,0.806347408348774,"mr_y_smri__thk__dst__lfp"
"co_longi1 - co_longi3","(ses-06A) - (ses-04A)",-0.00977696743511517,0.00580978342782845,Inf,-1.68284542041347,0.332728089137448,"mr_y_smri__thk__dst__lfp"
"co_longi2 - co_longi3","(ses-06A) - (ses-04A)",-0.00559859542536253,0.00696842951003593,Inf,-0.803422839722987,0.852854672017943,"mr_y_smri__thk__dst__lfp"
"co_longi0 - co_longi1","(ses-04A) - (ses-02A)",0.00229585021353358,0.00243186068199546,Inf,0.944071439014229,0.781034183326145,"mr_y_smri__thk__dst__pocc"
"co_longi0 - co_longi2","(ses-04A) - (ses-02A)",0.00595399736298212,0.00460444770560567,Inf,1.2930969670333,0.567315884036298,"mr_y_smri__thk__dst__pocc"
"co_longi0 - co_longi3","(ses-04A) - (ses-02A)",-0.00246399568622752,0.00584075568071719,Inf,-0.421862481658361,0.974762766257595,"mr_y_smri__thk__dst__pocc"
"co_longi1 - co_longi2","(ses-04A) - (ses-02A)",0.00365814714944854,0.00472123329368999,Inf,0.774828719931657,0.865874290091425,"mr_y_smri__thk__dst__pocc"
"co_longi1 - co_longi3","(ses-04A) - (ses-02A)",-0.0047598458997611,0.00592921840287714,Inf,-0.802777967742156,0.853154643452454,"mr_y_smri__thk__dst__pocc"
"co_longi2 - co_longi3","(ses-04A) - (ses-02A)",-0.00841799304920964,0.00710198670870349,Inf,-1.1853011550829,0.636161007064251,"mr_y_smri__thk__dst__pocc"
"co_longi0 - co_longi1","(ses-06A) - (ses-04A)",0.0121476447308333,0.00241821248272479,Inf,5.02339840589427,0.00000302930863527173,"mr_y_smri__thk__dst__pocc"
"co_longi0 - co_longi2","(ses-06A) - (ses-04A)",0.0113581084254317,0.00454140774087994,Inf,2.50101049575235,0.0597382554392077,"mr_y_smri__thk__dst__pocc"
"co_longi0 - co_longi3","(ses-06A) - (ses-04A)",0.00937228761316102,0.00572566209784334,Inf,1.63689149883491,0.357795998880041,"mr_y_smri__thk__dst__pocc"
"co_longi1 - co_longi2","(ses-06A) - (ses-04A)",-0.000789536305401643,0.00465580146807194,Inf,-0.169581179699358,0.998267153617027,"mr_y_smri__thk__dst__pocc"
"co_longi1 - co_longi3","(ses-06A) - (ses-04A)",-0.00277535711767231,0.0058129725052275,Inf,-0.477441982596079,0.964084349550985,"mr_y_smri__thk__dst__pocc"
"co_longi2 - co_longi3","(ses-06A) - (ses-04A)",-0.00198582081227067,0.0069695815957149,Inf,-0.284926833124618,0.991940150565527,"mr_y_smri__thk__dst__pocc"
"co_longi0 - co_longi1","(ses-04A) - (ses-02A)",0.0113796325953404,0.00376350650036276,Inf,3.02367820920292,0.0133273004258854,"mr_y_smri__thk__dst__ptmp"
"co_longi0 - co_longi2","(ses-04A) - (ses-02A)",0.00793490301089009,0.0071649342091649,Inf,1.10746348525298,0.68493070818869,"mr_y_smri__thk__dst__ptmp"
"co_longi0 - co_longi3","(ses-04A) - (ses-02A)",0.0251058431523532,0.00908145947198976,Inf,2.7645163456147,0.02912488320804,"mr_y_smri__thk__dst__ptmp"
"co_longi1 - co_longi2","(ses-04A) - (ses-02A)",-0.00344472958445033,0.00735240348988592,Inf,-0.468517484002198,0.965955305093792,"mr_y_smri__thk__dst__ptmp"
"co_longi1 - co_longi3","(ses-04A) - (ses-02A)",0.0137262105570128,0.00922501618378326,Inf,1.4879334934005,0.444778971423813,"mr_y_smri__thk__dst__ptmp"
"co_longi2 - co_longi3","(ses-04A) - (ses-02A)",0.0171709401414631,0.0110579507465229,Inf,1.5528139467308,0.405917643919538,"mr_y_smri__thk__dst__ptmp"
"co_longi0 - co_longi1","(ses-06A) - (ses-04A)",0.0164536334721184,0.00376236052074132,Inf,4.37322084936093,0.0000722297656833293,"mr_y_smri__thk__dst__ptmp"
"co_longi0 - co_longi2","(ses-06A) - (ses-04A)",0.0236882807056671,0.00708187658055766,Inf,3.34491577708374,0.00457131867397076,"mr_y_smri__thk__dst__ptmp"
"co_longi0 - co_longi3","(ses-06A) - (ses-04A)",0.0127112787950482,0.00891551501324923,Inf,1.42574812292482,0.48315312712261,"mr_y_smri__thk__dst__ptmp"
"co_longi1 - co_longi2","(ses-06A) - (ses-04A)",0.00723464723354874,0.00726229712629302,Inf,0.996192679497487,0.751589557349434,"mr_y_smri__thk__dst__ptmp"
"co_longi1 - co_longi3","(ses-06A) - (ses-04A)",-0.00374235467707023,0.00905611361015566,Inf,-0.413240694426967,0.976215478249605,"mr_y_smri__thk__dst__ptmp"
"co_longi2 - co_longi3","(ses-06A) - (ses-04A)",-0.010977001910619,0.0108635774169451,Inf,-1.01044080502404,0.74331934277661,"mr_y_smri__thk__dst__ptmp"
"co_longi0 - co_longi1","(ses-04A) - (ses-02A)",0.0108868648185828,0.001719564698287,Inf,6.33117487782116,0.00000000145928069628098,"mr_y_smri__thk__dst__sc"
"co_longi0 - co_longi2","(ses-04A) - (ses-02A)",0.0175775418647534,0.00325690639669847,Inf,5.3970055395426,0.000000405478787213198,"mr_y_smri__thk__dst__sc"
"co_longi0 - co_longi3","(ses-04A) - (ses-02A)",0.0189121671650698,0.00413123987726411,Inf,4.57784290598839,0.0000278520294970663,"mr_y_smri__thk__dst__sc"
"co_longi1 - co_longi2","(ses-04A) - (ses-02A)",0.00669067704617061,0.00333972949700447,Inf,2.00335897029138,0.186657313479658,"mr_y_smri__thk__dst__sc"
"co_longi1 - co_longi3","(ses-04A) - (ses-02A)",0.00802530234648706,0.00419402653360101,Inf,1.91350776686587,0.222258644362638,"mr_y_smri__thk__dst__sc"
"co_longi2 - co_longi3","(ses-04A) - (ses-02A)",0.00133462530031646,0.00502378715261334,Inf,0.265661195383684,0.99344114223422,"mr_y_smri__thk__dst__sc"
"co_longi0 - co_longi1","(ses-06A) - (ses-04A)",0.00133291536976103,0.00171045489904429,Inf,0.779275367334033,0.86388780795373,"mr_y_smri__thk__dst__sc"
"co_longi0 - co_longi2","(ses-06A) - (ses-04A)",-0.00105769680678328,0.00321271366733043,Inf,-0.32922224521246,0.987691708510759,"mr_y_smri__thk__dst__sc"
"co_longi0 - co_longi3","(ses-06A) - (ses-04A)",0.000120674133539709,0.00405015464205976,Inf,0.0297949446884177,0.999990502957865,"mr_y_smri__thk__dst__sc"
"co_longi1 - co_longi2","(ses-06A) - (ses-04A)",-0.00239061217654432,0.00329371545651028,Inf,-0.725810170340941,0.886812078571161,"mr_y_smri__thk__dst__sc"
"co_longi1 - co_longi3","(ses-06A) - (ses-04A)",-0.00121224123622133,0.00411207085787283,Inf,-0.294800668111156,0.991091874161454,"mr_y_smri__thk__dst__sc"
"co_longi2 - co_longi3","(ses-06A) - (ses-04A)",0.00117837094032299,0.00493038530794126,Inf,0.239001795341434,0.995200155245262,"mr_y_smri__thk__dst__sc"
"co_longi0 - co_longi1","(ses-04A) - (ses-02A)",0.00520740156057379,0.00211875951827767,Inf,2.45775960681317,0.0667118047076829,"mr_y_smri__thk__dst__scc"
"co_longi0 - co_longi2","(ses-04A) - (ses-02A)",0.0107459045909821,0.004015564248815,Inf,2.67606341852286,0.0373910562602366,"mr_y_smri__thk__dst__scc"
"co_longi0 - co_longi3","(ses-04A) - (ses-02A)",0.00826792512727193,0.00509318057689724,Inf,1.62333241526432,0.365366337227937,"mr_y_smri__thk__dst__scc"
"co_longi1 - co_longi2","(ses-04A) - (ses-02A)",0.00553850303040827,0.00411815738121095,Inf,1.34489834110703,0.53421100617609,"mr_y_smri__thk__dst__scc"
"co_longi1 - co_longi3","(ses-04A) - (ses-02A)",0.00306052356669814,0.00517106698171948,Inf,0.591855332278147,0.934580365464808,"mr_y_smri__thk__dst__scc"
"co_longi2 - co_longi3","(ses-04A) - (ses-02A)",-0.00247797946371013,0.00619461513746056,Inf,-0.400021536241226,0.978339782263462,"mr_y_smri__thk__dst__scc"
"co_longi0 - co_longi1","(ses-06A) - (ses-04A)",-0.00416196791519413,0.00210879872710895,Inf,-1.9736202709587,0.197971612498161,"mr_y_smri__thk__dst__scc"
"co_longi0 - co_longi2","(ses-06A) - (ses-04A)",-0.00307171752899515,0.00396200980323053,Inf,-0.775292763407739,0.865667649686199,"mr_y_smri__thk__dst__scc"
"co_longi0 - co_longi3","(ses-06A) - (ses-04A)",-0.0116872078706185,0.00499397839499214,Inf,-2.34025999838889,0.0890769978611879,"mr_y_smri__thk__dst__scc"
"co_longi1 - co_longi2","(ses-06A) - (ses-04A)",0.00109025038619898,0.00406207265510799,Inf,0.268397559267683,0.993240059110079,"mr_y_smri__thk__dst__scc"
"co_longi1 - co_longi3","(ses-06A) - (ses-04A)",-0.00752523995542433,0.00507067311815089,Inf,-1.48407120318743,0.447133131342454,"mr_y_smri__thk__dst__scc"
"co_longi2 - co_longi3","(ses-06A) - (ses-04A)",-0.00861549034162331,0.00608007391526527,Inf,-1.41700421108243,0.488621053342528,"mr_y_smri__thk__dst__scc"
"co_longi0 - co_longi1","(ses-04A) - (ses-02A)",0.00879687622242396,0.00378943165814337,Inf,2.32142363710921,0.0931646882721339,"mr_y_smri__thk__dst__scia"
"co_longi0 - co_longi2","(ses-04A) - (ses-02A)",0.0110307410774748,0.00722429511271932,Inf,1.52689513722297,0.42127947835837,"mr_y_smri__thk__dst__scia"
"co_longi0 - co_longi3","(ses-04A) - (ses-02A)",0.0205011641886085,0.0091542482770606,Inf,2.23952459755563,0.11269192283688,"mr_y_smri__thk__dst__scia"
"co_longi1 - co_longi2","(ses-04A) - (ses-02A)",0.00223386485505084,0.00741413669045391,Inf,0.301298040259637,0.990503499008144,"mr_y_smri__thk__dst__scia"
"co_longi1 - co_longi3","(ses-04A) - (ses-02A)",0.0117042879661845,0.00929994788748608,Inf,1.25853263994454,0.589453720175436,"mr_y_smri__thk__dst__scia"
"co_longi2 - co_longi3","(ses-04A) - (ses-02A)",0.00947042311113367,0.0111502263520396,Inf,0.849348059145129,0.830765208329992,"mr_y_smri__thk__dst__scia"
"co_longi0 - co_longi1","(ses-06A) - (ses-04A)",0.00921727547228724,0.0037937195179684,Inf,2.42961437413361,0.0715990130644839,"mr_y_smri__thk__dst__scia"
"co_longi0 - co_longi2","(ses-06A) - (ses-04A)",0.00963026751506324,0.00714480313786573,Inf,1.34787023928275,0.532318018051666,"mr_y_smri__thk__dst__scia"
"co_longi0 - co_longi3","(ses-06A) - (ses-04A)",0.00175801953779851,0.00899099354419579,Inf,0.195531175632243,0.997353107776327,"mr_y_smri__thk__dst__scia"
"co_longi1 - co_longi2","(ses-06A) - (ses-04A)",0.000412992042775998,0.00732711932738645,Inf,0.0563648583191985,0.999935758879894,"mr_y_smri__thk__dst__scia"
"co_longi1 - co_longi3","(ses-06A) - (ses-04A)",-0.00745925593448873,0.00913368009166744,Inf,-0.816675848029069,0.846626232576524,"mr_y_smri__thk__dst__scia"
"co_longi2 - co_longi3","(ses-06A) - (ses-04A)",-0.00787224797726473,0.010958304713348,Inf,-0.718381919757697,0.889828093195717,"mr_y_smri__thk__dst__scia"
"co_longi0 - co_longi1","(ses-04A) - (ses-02A)",0.0158446530524552,0.00302846271980004,Inf,5.23191286089247,0.0000010028672796647,"mr_y_smri__thk__dst__scii"
"co_longi0 - co_longi2","(ses-04A) - (ses-02A)",0.0180229183025285,0.00575308904415381,Inf,3.13273758918144,0.00938346778429744,"mr_y_smri__thk__dst__scii"
"co_longi0 - co_longi3","(ses-04A) - (ses-02A)",0.0298458205150933,0.0072946367144318,Inf,4.09147455637454,0.000250496283053403,"mr_y_smri__thk__dst__scii"
"co_longi1 - co_longi2","(ses-04A) - (ses-02A)",0.00217826525007329,0.00590218802804373,Inf,0.369060633060732,0.982839199761263,"mr_y_smri__thk__dst__scii"
"co_longi1 - co_longi3","(ses-04A) - (ses-02A)",0.014001167462638,0.00740837152341581,Inf,1.88991162475913,0.23231107447756,"mr_y_smri__thk__dst__scii"
"co_longi2 - co_longi3","(ses-04A) - (ses-02A)",0.0118229022125647,0.00887751508838754,Inf,1.33178058216201,0.542576653351304,"mr_y_smri__thk__dst__scii"
"co_longi0 - co_longi1","(ses-06A) - (ses-04A)",0.00266533348152061,0.00302098899307923,Inf,0.882271828075709,0.814084558554093,"mr_y_smri__thk__dst__scii"
"co_longi0 - co_longi2","(ses-06A) - (ses-04A)",0.0115977815202941,0.00568140909801484,Inf,2.04135652268845,0.172870881285395,"mr_y_smri__thk__dst__scii"
"co_longi0 - co_longi3","(ses-06A) - (ses-04A)",0.00411871999155215,0.00715684576263061,Inf,0.575493747966178,0.939436853160182,"mr_y_smri__thk__dst__scii"
"co_longi1 - co_longi2","(ses-06A) - (ses-04A)",0.00893244803877347,0.0058256447796397,Inf,1.53329775100464,0.417463605481435,"mr_y_smri__thk__dst__scii"
"co_longi1 - co_longi3","(ses-06A) - (ses-04A)",0.00145338651003154,0.00726841245603297,Inf,0.199959278428839,0.997171028372169,"mr_y_smri__thk__dst__scii"
"co_longi2 - co_longi3","(ses-06A) - (ses-04A)",-0.00747906152874193,0.00871715038009723,Inf,-0.857970919696181,0.826462507565454,"mr_y_smri__thk__dst__scii"
"co_longi0 - co_longi1","(ses-04A) - (ses-02A)",0.00583572874865151,0.00209420084119025,Inf,2.78661369715367,0.0273254565550539,"mr_y_smri__thk__dst__scis"
"co_longi0 - co_longi2","(ses-04A) - (ses-02A)",0.0140405193656184,0.00398463181397778,Inf,3.52366793749058,0.00240363943873922,"mr_y_smri__thk__dst__scis"
"co_longi0 - co_longi3","(ses-04A) - (ses-02A)",0.0232454879270409,0.00505099094652715,Inf,4.60216384727903,0.0000248006905282372,"mr_y_smri__thk__dst__scis"
"co_longi1 - co_longi2","(ses-04A) - (ses-02A)",0.00820479061696694,0.00408866038201471,Inf,2.0067185460202,0.185408172077781,"mr_y_smri__thk__dst__scis"
"co_longi1 - co_longi3","(ses-04A) - (ses-02A)",0.0174097591783894,0.00513057417264226,Inf,3.39333544210772,0.00385354706965846,"mr_y_smri__thk__dst__scis"
"co_longi2 - co_longi3","(ses-04A) - (ses-02A)",0.0092049685614225,0.00614943679938086,Inf,1.49687993579335,0.439342341416599,"mr_y_smri__thk__dst__scis"
"co_longi0 - co_longi1","(ses-06A) - (ses-04A)",0.00193447469144576,0.00209234136759704,Inf,0.924550229424285,0.791706043730625,"mr_y_smri__thk__dst__scis"
"co_longi0 - co_longi2","(ses-06A) - (ses-04A)",-0.00134330341405946,0.00393750077603761,Inf,-0.341156355380138,0.986344754643759,"mr_y_smri__thk__dst__scis"
"co_longi0 - co_longi3","(ses-06A) - (ses-04A)",-0.00350709435186697,0.00495782958761384,Inf,-0.707385013923987,0.894215704546375,"mr_y_smri__thk__dst__scis"
"co_longi1 - co_longi2","(ses-06A) - (ses-04A)",-0.00327777810550522,0.00403773291320315,Inf,-0.811786756570024,0.848937992370149,"mr_y_smri__thk__dst__scis"
"co_longi1 - co_longi3","(ses-06A) - (ses-04A)",-0.00544156904331274,0.00503579168298241,Inf,-1.08057866287471,0.70143019909742,"mr_y_smri__thk__dst__scis"
"co_longi2 - co_longi3","(ses-06A) - (ses-04A)",-0.00216379093780752,0.00604049160335573,Inf,-0.358214377221458,0.984262186502028,"mr_y_smri__thk__dst__scis"
"co_longi0 - co_longi1","(ses-04A) - (ses-02A)",0.0139035600548507,0.00236540842573724,Inf,5.87786866046919,0.0000000249095728488413,"mr_y_smri__thk__dst__scm"
"co_longi0 - co_longi2","(ses-04A) - (ses-02A)",0.0230540025918929,0.00450032461337094,Inf,5.12274215139882,0.00000179854590642847,"mr_y_smri__thk__dst__scm"
"co_longi0 - co_longi3","(ses-04A) - (ses-02A)",0.0236672416969313,0.00570476662745514,Inf,4.14867833208614,0.000195862249831258,"mr_y_smri__thk__dst__scm"
"co_longi1 - co_longi2","(ses-04A) - (ses-02A)",0.00915044253704219,0.00461778132197301,Inf,1.98156688223871,0.194902973391285,"mr_y_smri__thk__dst__scm"
"co_longi1 - co_longi3","(ses-04A) - (ses-02A)",0.00976368164208058,0.00579461104153144,Inf,1.6849589337579,0.331597754578565,"mr_y_smri__thk__dst__scm"
"co_longi2 - co_longi3","(ses-04A) - (ses-02A)",0.000613239105038386,0.00694526488882841,Inf,0.0882959994837336,0.999753476130174,"mr_y_smri__thk__dst__scm"
"co_longi0 - co_longi1","(ses-06A) - (ses-04A)",-0.00167437525461434,0.00236313152695211,Inf,-0.708540864322474,0.893758898174196,"mr_y_smri__thk__dst__scm"
"co_longi0 - co_longi2","(ses-06A) - (ses-04A)",-0.00573311701714223,0.00444695849938492,Inf,-1.28922206445938,0.569797421867354,"mr_y_smri__thk__dst__scm"
"co_longi0 - co_longi3","(ses-06A) - (ses-04A)",-0.0131951349338404,0.00559942345326995,Inf,-2.35651670997211,0.0856653176862496,"mr_y_smri__thk__dst__scm"
"co_longi1 - co_longi2","(ses-06A) - (ses-04A)",-0.00405874176252789,0.00456014677465432,Inf,-0.890046299624986,0.810048005146213,"mr_y_smri__thk__dst__scm"
"co_longi1 - co_longi3","(ses-06A) - (ses-04A)",-0.011520759679226,0.00568744124629261,Inf,-2.02564900107511,0.178479242871878,"mr_y_smri__thk__dst__scm"
"co_longi2 - co_longi3","(ses-06A) - (ses-04A)",-0.00746201791669812,0.00682210017023891,Inf,-1.09380069633847,0.693342343229743,"mr_y_smri__thk__dst__scm"
"co_longi0 - co_longi1","(ses-04A) - (ses-02A)",0.00508110401182882,0.00356824182452218,Inf,1.42397972494738,0.484257707672221,"mr_y_smri__thk__dst__scta"
"co_longi0 - co_longi2","(ses-04A) - (ses-02A)",0.0128595343838954,0.00678426404142016,Inf,1.89549438308764,0.229906325677238,"mr_y_smri__thk__dst__scta"
"co_longi0 - co_longi3","(ses-04A) - (ses-02A)",0.0243764460751,0.00860094409251384,Inf,2.83415934493946,0.0237781227395087,"mr_y_smri__thk__dst__scta"
"co_longi1 - co_longi2","(ses-04A) - (ses-02A)",0.00777843037206653,0.00696082108895352,Inf,1.1174587412411,0.678744510978434,"mr_y_smri__thk__dst__scta"
"co_longi1 - co_longi3","(ses-04A) - (ses-02A)",0.0192953420632711,0.00873583636922136,Inf,2.20875726693482,0.120798312567854,"mr_y_smri__thk__dst__scta"
"co_longi2 - co_longi3","(ses-04A) - (ses-02A)",0.0115169116912046,0.010469504393236,Inf,1.10004363708423,0.689505401158453,"mr_y_smri__thk__dst__scta"
"co_longi0 - co_longi1","(ses-06A) - (ses-04A)",0.00406564480533182,0.00356242926030756,Inf,1.14125629121428,0.663915660712447,"mr_y_smri__thk__dst__scta"
"co_longi0 - co_longi2","(ses-06A) - (ses-04A)",0.00316951085658196,0.00670200093135052,Inf,0.472920085963532,0.965039925416434,"mr_y_smri__thk__dst__scta"
"co_longi0 - co_longi3","(ses-06A) - (ses-04A)",-0.00457720310335772,0.00844048265701768,Inf,-0.542291630627556,0.948633820050489,"mr_y_smri__thk__dst__scta"
"co_longi1 - co_longi2","(ses-06A) - (ses-04A)",-0.000896133948749864,0.00687240630977143,Inf,-0.13039594988377,0.99920871987525,"mr_y_smri__thk__dst__scta"
"co_longi1 - co_longi3","(ses-06A) - (ses-04A)",-0.00864284790868954,0.00857269274549307,Inf,-1.00818356207078,0.744635436502594,"mr_y_smri__thk__dst__scta"
"co_longi2 - co_longi3","(ses-06A) - (ses-04A)",-0.00774671395993968,0.0102822638617118,Inf,-0.753405481917873,0.875243716655577,"mr_y_smri__thk__dst__scta"
"co_longi0 - co_longi1","(ses-04A) - (ses-02A)",0.00485375224018897,0.00339052839231712,Inf,1.43156218694039,0.479526213097941,"mr_y_smri__thk__dst__sctp"
"co_longi0 - co_longi2","(ses-04A) - (ses-02A)",0.0094154730746413,0.00646223697057082,Inf,1.45699904189828,0.463748109869647,"mr_y_smri__thk__dst__sctp"
"co_longi0 - co_longi3","(ses-04A) - (ses-02A)",0.0229905345321368,0.00818900878182902,Inf,2.80748685764651,0.0257151576830185,"mr_y_smri__thk__dst__sctp"
"co_longi1 - co_longi2","(ses-04A) - (ses-02A)",0.00456172083445233,0.00663194040701143,Inf,0.68784104718878,0.901783449935394,"mr_y_smri__thk__dst__sctp"
"co_longi1 - co_longi3","(ses-04A) - (ses-02A)",0.0181367822919479,0.00831920277423655,Inf,2.18011061686284,0.128740868395105,"mr_y_smri__thk__dst__sctp"
"co_longi2 - co_longi3","(ses-04A) - (ses-02A)",0.0135750614574955,0.00997396120480872,Inf,1.36105015637625,0.523934604421156,"mr_y_smri__thk__dst__sctp"
"co_longi0 - co_longi1","(ses-06A) - (ses-04A)",0.00213742725136752,0.00339349742980839,Inf,0.629859693598826,0.922471971704191,"mr_y_smri__thk__dst__sctp"
"co_longi0 - co_longi2","(ses-06A) - (ses-04A)",0.000567023070513881,0.0063904464632364,Inf,0.0887298053079558,0.999749831869969,"mr_y_smri__thk__dst__sctp"
"co_longi0 - co_longi3","(ses-06A) - (ses-04A)",-0.00311231601815767,0.00804231158864168,Inf,-0.386992717684957,0.980313424137694,"mr_y_smri__thk__dst__sctp"
"co_longi1 - co_longi2","(ses-06A) - (ses-04A)",-0.00157040418085364,0.00655347305325476,Inf,-0.239629303133199,0.99516279172999,"mr_y_smri__thk__dst__sctp"
"co_longi1 - co_longi3","(ses-06A) - (ses-04A)",-0.00524974326952519,0.00816980841435809,Inf,-0.642578504080828,0.918161791602173,"mr_y_smri__thk__dst__sctp"
"co_longi2 - co_longi3","(ses-06A) - (ses-04A)",-0.00367933908867155,0.00980161096875843,Inf,-0.375381057297524,0.98197382038552,"mr_y_smri__thk__dst__sctp"
"co_longi0 - co_longi1","(ses-04A) - (ses-02A)",0.0119546830338342,0.00219200619557597,Inf,5.45376334152789,0.0000002951757472891,"mr_y_smri__thk__dst__sfi"
"co_longi0 - co_longi2","(ses-04A) - (ses-02A)",0.0259365666380638,0.00416931701475275,Inf,6.2208190325393,0.00000000296597957305522,"mr_y_smri__thk__dst__sfi"
"co_longi0 - co_longi3","(ses-04A) - (ses-02A)",0.0221179138120346,0.00528541165240536,Inf,4.18470977600559,0.000167460537348285,"mr_y_smri__thk__dst__sfi"
"co_longi1 - co_longi2","(ses-04A) - (ses-02A)",0.0139818836042296,0.00427801466651714,Inf,3.26831128318984,0.00595940692625219,"mr_y_smri__thk__dst__sfi"
"co_longi1 - co_longi3","(ses-04A) - (ses-02A)",0.0101632307782003,0.00536851782227402,Inf,1.89311670644605,0.230928502237774,"mr_y_smri__thk__dst__sfi"
"co_longi2 - co_longi3","(ses-04A) - (ses-02A)",-0.00381865282602928,0.00643430710167177,Inf,-0.593483146776926,0.934085457190006,"mr_y_smri__thk__dst__sfi"
"co_longi0 - co_longi1","(ses-06A) - (ses-04A)",0.00604643248805992,0.00218931530794508,Inf,2.76179153643026,0.0293537208785395,"mr_y_smri__thk__dst__sfi"
"co_longi0 - co_longi2","(ses-06A) - (ses-04A)",-0.00458766407272022,0.00411943188775581,Inf,-1.11366426189886,0.681096073600495,"mr_y_smri__thk__dst__sfi"
"co_longi0 - co_longi3","(ses-06A) - (ses-04A)",-0.00527081046492838,0.00518740886263058,Inf,-1.01607769977389,0.740023265486481,"mr_y_smri__thk__dst__sfi"
"co_longi1 - co_longi2","(ses-06A) - (ses-04A)",-0.0106340965607801,0.00422424117406202,Inf,-2.51739806573459,0.057258831503837,"mr_y_smri__thk__dst__sfi"
"co_longi1 - co_longi3","(ses-06A) - (ses-04A)",-0.0113172429529883,0.00526883844126203,Inf,-2.14795786189973,0.138120412977003,"mr_y_smri__thk__dst__sfi"
"co_longi2 - co_longi3","(ses-06A) - (ses-04A)",-0.000683146392208168,0.00631981229358565,Inf,-0.10809599406956,0.999548318920288,"mr_y_smri__thk__dst__sfi"
"co_longi0 - co_longi1","(ses-04A) - (ses-02A)",0.0105869196637684,0.00261897565306743,Inf,4.04238949352912,0.00030856205940577,"mr_y_smri__thk__dst__sfm"
"co_longi0 - co_longi2","(ses-04A) - (ses-02A)",0.0240506751546948,0.0049904727321519,Inf,4.81931801765884,0.00000857507765328336,"mr_y_smri__thk__dst__sfm"
"co_longi0 - co_longi3","(ses-04A) - (ses-02A)",0.0210466252727498,0.00632427768997098,Inf,3.32790973206719,0.00485110064520911,"mr_y_smri__thk__dst__sfm"
"co_longi1 - co_longi2","(ses-04A) - (ses-02A)",0.0134637554909264,0.00512143473932407,Inf,2.62890306646832,0.0425662238409665,"mr_y_smri__thk__dst__sfm"
"co_longi1 - co_longi3","(ses-04A) - (ses-02A)",0.0104597056089815,0.0064247110655092,Inf,1.62804295824819,0.362727627515296,"mr_y_smri__thk__dst__sfm"
"co_longi2 - co_longi3","(ses-04A) - (ses-02A)",-0.00300404988194496,0.00770233885891259,Inf,-0.390017881187984,0.979865669139976,"mr_y_smri__thk__dst__sfm"
"co_longi0 - co_longi1","(ses-06A) - (ses-04A)",0.00280892801985496,0.00262060660890961,Inf,1.07186176296171,0.706732249330188,"mr_y_smri__thk__dst__sfm"
"co_longi0 - co_longi2","(ses-06A) - (ses-04A)",-0.00459202666886518,0.00493451235864079,Inf,-0.93059381254241,0.788424141583329,"mr_y_smri__thk__dst__sfm"
"co_longi0 - co_longi3","(ses-06A) - (ses-04A)",-0.00853052367964043,0.00621048930353194,Inf,-1.3735670834807,0.515992756084938,"mr_y_smri__thk__dst__sfm"
"co_longi1 - co_longi2","(ses-06A) - (ses-04A)",-0.00740095468872014,0.00506036378700793,Inf,-1.46253411814413,0.460335452787563,"mr_y_smri__thk__dst__sfm"
"co_longi1 - co_longi3","(ses-06A) - (ses-04A)",-0.0113394516994954,0.00630884048538278,Inf,-1.79739077660439,0.274523026580157,"mr_y_smri__thk__dst__sfm"
"co_longi2 - co_longi3","(ses-06A) - (ses-04A)",-0.00393849701077525,0.00756873558619907,Inf,-0.520363932115261,0.954227074233701,"mr_y_smri__thk__dst__sfm"
"co_longi0 - co_longi1","(ses-04A) - (ses-02A)",0.0158827245295176,0.002122908254691,Inf,7.4815878144623,0.000000000000467070826459803,"mr_y_smri__thk__dst__sfs"
"co_longi0 - co_longi2","(ses-04A) - (ses-02A)",0.0289277214064429,0.00403383021144278,Inf,7.17127888139257,0.00000000000448685533172011,"mr_y_smri__thk__dst__sfs"
"co_longi0 - co_longi3","(ses-04A) - (ses-02A)",0.0256095763851447,0.0051145027439537,Inf,5.00724658236228,0.00000329425994671784,"mr_y_smri__thk__dst__sfs"
"co_longi1 - co_longi2","(ses-04A) - (ses-02A)",0.0130449968769254,0.00413850494805207,Inf,3.15210372844074,0.00880486836456451,"mr_y_smri__thk__dst__sfs"
"co_longi1 - co_longi3","(ses-04A) - (ses-02A)",0.00972685185562709,0.00519438734114685,Inf,1.87256960576982,0.239885140307711,"mr_y_smri__thk__dst__sfs"
"co_longi2 - co_longi3","(ses-04A) - (ses-02A)",-0.00331814502129827,0.00622469664597098,Inf,-0.533061321702477,0.951034640419395,"mr_y_smri__thk__dst__sfs"
"co_longi0 - co_longi1","(ses-06A) - (ses-04A)",0.00575264076776356,0.00211818432243184,Inf,2.71583577823816,0.0334540477675415,"mr_y_smri__thk__dst__sfs"
"co_longi0 - co_longi2","(ses-06A) - (ses-04A)",0.0018128070153947,0.00398395946781375,Inf,0.455026470535229,0.968668851022025,"mr_y_smri__thk__dst__sfs"
"co_longi0 - co_longi3","(ses-06A) - (ses-04A)",-0.00568643504846074,0.00501823414358618,Inf,-1.13315458899593,0.668978995834127,"mr_y_smri__thk__dst__sfs"
"co_longi1 - co_longi2","(ses-06A) - (ses-04A)",-0.00393983375236886,0.00408514838820165,Inf,-0.964428553867841,0.769692435694629,"mr_y_smri__thk__dst__sfs"
"co_longi1 - co_longi3","(ses-06A) - (ses-04A)",-0.0114390758162243,0.00509657448060219,Inf,-2.2444635823065,0.111430791140273,"mr_y_smri__thk__dst__sfs"
"co_longi2 - co_longi3","(ses-06A) - (ses-04A)",-0.00749924206385544,0.00611256943043653,Inf,-1.22685593173211,0.609712926835958,"mr_y_smri__thk__dst__sfs"
"co_longi0 - co_longi1","(ses-04A) - (ses-02A)",0.0145119907119232,0.00555248955493443,Inf,2.61360072240507,0.0443709718883185,"mr_y_smri__thk__dst__sipj"
"co_longi0 - co_longi2","(ses-04A) - (ses-02A)",0.0178755372375079,0.0106131461529653,Inf,1.68428258500082,0.33195925374836,"mr_y_smri__thk__dst__sipj"
"co_longi0 - co_longi3","(ses-04A) - (ses-02A)",0.0251324549456091,0.013447272360415,Inf,1.8689630336924,0.241480038615233,"mr_y_smri__thk__dst__sipj"
"co_longi1 - co_longi2","(ses-04A) - (ses-02A)",0.00336354652558472,0.0108933593352829,Inf,0.308770363857402,0.989796605649277,"mr_y_smri__thk__dst__sipj"
"co_longi1 - co_longi3","(ses-04A) - (ses-02A)",0.0106204642336859,0.0136631321836932,Inf,0.777308167036638,0.864768382899425,"mr_y_smri__thk__dst__sipj"
"co_longi2 - co_longi3","(ses-04A) - (ses-02A)",0.00725691770810115,0.0163863785422575,Inf,0.442862813731958,0.970998277682418,"mr_y_smri__thk__dst__sipj"
"co_longi0 - co_longi1","(ses-06A) - (ses-04A)",0.000733732790865717,0.00557441616750905,Inf,0.131625047147061,0.999186230903914,"mr_y_smri__thk__dst__sipj"
"co_longi0 - co_longi2","(ses-06A) - (ses-04A)",-0.000881047173951208,0.0105082451603909,Inf,-0.0838434163367417,0.999788861444569,"mr_y_smri__thk__dst__sipj"
"co_longi0 - co_longi3","(ses-06A) - (ses-04A)",-0.0101447603078707,0.0132135954447948,Inf,-0.767751695611883,0.86900642566302,"mr_y_smri__thk__dst__sipj"
"co_longi1 - co_longi2","(ses-06A) - (ses-04A)",-0.00161477996481692,0.0107767881984494,Inf,-0.149838702875247,0.998801814597394,"mr_y_smri__thk__dst__sipj"
"co_longi1 - co_longi3","(ses-06A) - (ses-04A)",-0.0108784930987364,0.0134252442281943,Inf,-0.810301318458734,0.849637122150943,"mr_y_smri__thk__dst__sipj"
"co_longi2 - co_longi3","(ses-06A) - (ses-04A)",-0.00926371313391946,0.0161117755912006,Inf,-0.574965377433559,0.939590110331623,"mr_y_smri__thk__dst__sipj"
"co_longi0 - co_longi1","(ses-04A) - (ses-02A)",0.013883630558562,0.00188008634431759,Inf,7.38457071427816,0.000000000000944910816258471,"mr_y_smri__thk__dst__sipt"
"co_longi0 - co_longi2","(ses-04A) - (ses-02A)",0.0200544002115397,0.00357115965786257,Inf,5.61565489445038,0.000000117286293677132,"mr_y_smri__thk__dst__sipt"
"co_longi0 - co_longi3","(ses-04A) - (ses-02A)",0.0258782445289385,0.00452813236465789,Inf,5.71499294740552,0.0000000657312011487221,"mr_y_smri__thk__dst__sipt"
"co_longi1 - co_longi2","(ses-04A) - (ses-02A)",0.00617076965297772,0.00366365795071204,Inf,1.68431926123955,0.33193964546271,"mr_y_smri__thk__dst__sipt"
"co_longi1 - co_longi3","(ses-04A) - (ses-02A)",0.0119946139703765,0.00459867671073714,Inf,2.60827510278579,0.0450140736598049,"mr_y_smri__thk__dst__sipt"
"co_longi2 - co_longi3","(ses-04A) - (ses-02A)",0.00582384431739882,0.0055105494519524,Inf,1.05685365283047,0.715801476625536,"mr_y_smri__thk__dst__sipt"
"co_longi0 - co_longi1","(ses-06A) - (ses-04A)",-0.00178281605188629,0.00187524625939071,Inf,-0.950710362950171,0.777358704155961,"mr_y_smri__thk__dst__sipt"
"co_longi0 - co_longi2","(ses-06A) - (ses-04A)",-0.00541703559787638,0.00352651445679944,Inf,-1.53608773315302,0.415805073525581,"mr_y_smri__thk__dst__sipt"
"co_longi0 - co_longi3","(ses-06A) - (ses-04A)",-0.0102448803133197,0.00444246709126548,Inf,-2.30612407539553,0.0965932782109287,"mr_y_smri__thk__dst__sipt"
"co_longi1 - co_longi2","(ses-06A) - (ses-04A)",-0.00363421954599009,0.00361602439328881,Inf,-1.00503181138243,0.746469401877445,"mr_y_smri__thk__dst__sipt"
"co_longi1 - co_longi3","(ses-06A) - (ses-04A)",-0.00846206426143341,0.00451167554415662,Inf,-1.87559237773497,0.238553640233486,"mr_y_smri__thk__dst__sipt"
"co_longi2 - co_longi3","(ses-06A) - (ses-04A)",-0.00482784471544331,0.00541088457148824,Inf,-0.892246850151423,0.808898883930082,"mr_y_smri__thk__dst__sipt"
"co_longi0 - co_longi1","(ses-04A) - (ses-02A)",0.00676585591183923,0.00308042273583642,Inf,2.19640500413399,0.124175830305206,"mr_y_smri__thk__dst__soa"
"co_longi0 - co_longi2","(ses-04A) - (ses-02A)",0.0108107161063999,0.00586913183302807,Inf,1.84196170983304,0.253635589930176,"mr_y_smri__thk__dst__soa"
"co_longi0 - co_longi3","(ses-04A) - (ses-02A)",0.0224749319927829,0.00743793227089177,Inf,3.02166397518006,0.0134123214216327,"mr_y_smri__thk__dst__soa"
"co_longi1 - co_longi2","(ses-04A) - (ses-02A)",0.00404486019456068,0.00602310212617412,Inf,0.671557630906382,0.907861508105066,"mr_y_smri__thk__dst__soa"
"co_longi1 - co_longi3","(ses-04A) - (ses-02A)",0.0157090760809437,0.0075559900902845,Inf,2.07902285382063,0.15993826821578,"mr_y_smri__thk__dst__soa"
"co_longi2 - co_longi3","(ses-04A) - (ses-02A)",0.011664215886383,0.00905843006436863,Inf,1.28766417618702,0.570795195891792,"mr_y_smri__thk__dst__soa"
"co_longi0 - co_longi1","(ses-06A) - (ses-04A)",-0.00000203920679849772,0.00308199685857149,Inf,-0.000661651160618929,0.999999999895968,"mr_y_smri__thk__dst__soa"
"co_longi0 - co_longi2","(ses-06A) - (ses-04A)",0.00242498501339698,0.00580304921858137,Inf,0.417881172820691,0.975440234872103,"mr_y_smri__thk__dst__soa"
"co_longi0 - co_longi3","(ses-06A) - (ses-04A)",-0.0107628086533868,0.00730385099556632,Inf,-1.47357998676592,0.453548732554044,"mr_y_smri__thk__dst__soa"
"co_longi1 - co_longi2","(ses-06A) - (ses-04A)",0.00242702422019547,0.00595103428393194,Inf,0.407832337102905,0.977099575358185,"mr_y_smri__thk__dst__soa"
"co_longi1 - co_longi3","(ses-06A) - (ses-04A)",-0.0107607694465883,0.0074194612023835,Inf,-1.45034378549368,0.467861505023855,"mr_y_smri__thk__dst__soa"
"co_longi2 - co_longi3","(ses-06A) - (ses-04A)",-0.0131877936667838,0.00890104420330015,Inf,-1.48160073869696,0.448641139907457,"mr_y_smri__thk__dst__soa"
"co_longi0 - co_longi1","(ses-04A) - (ses-02A)",0.00920334841666483,0.00339132325727898,Inf,2.71379273471238,0.0336472400512583,"mr_y_smri__thk__dst__sohs"
"co_longi0 - co_longi2","(ses-04A) - (ses-02A)",0.020874094422353,0.00646675404554622,Inf,3.22790912957784,0.00683676052633608,"mr_y_smri__thk__dst__sohs"
"co_longi0 - co_longi3","(ses-04A) - (ses-02A)",0.0189761602728067,0.00819396398519653,Inf,2.31587059780707,0.094397771431765,"mr_y_smri__thk__dst__sohs"
"co_longi1 - co_longi2","(ses-04A) - (ses-02A)",0.0116707460056882,0.00663678475860973,Inf,1.75849397414133,0.293572808561933,"mr_y_smri__thk__dst__sohs"
"co_longi1 - co_longi3","(ses-04A) - (ses-02A)",0.0097728118561419,0.0083245040095508,Inf,1.17398127803524,0.64332681260531,"mr_y_smri__thk__dst__sohs"
"co_longi2 - co_longi3","(ses-04A) - (ses-02A)",-0.00189793414954632,0.00998107284597857,Inf,-0.190153321074198,0.99756366640499,"mr_y_smri__thk__dst__sohs"
"co_longi0 - co_longi1","(ses-06A) - (ses-04A)",-0.00132195511592994,0.00339594924041055,Inf,-0.389274109341554,0.979976340759196,"mr_y_smri__thk__dst__sohs"
"co_longi0 - co_longi2","(ses-06A) - (ses-04A)",-0.0110545348518794,0.00639622190713856,Inf,-1.72829132765733,0.308878971496285,"mr_y_smri__thk__dst__sohs"
"co_longi0 - co_longi3","(ses-06A) - (ses-04A)",-0.011283002898195,0.00804843778263014,Inf,-1.40188732309587,0.49810971724505,"mr_y_smri__thk__dst__sohs"
"co_longi1 - co_longi2","(ses-06A) - (ses-04A)",-0.00973257973594944,0.00655947089997461,Inf,-1.4837446319012,0.44733237743761,"mr_y_smri__thk__dst__sohs"
"co_longi1 - co_longi3","(ses-06A) - (ses-04A)",-0.00996104778226509,0.0081762848953763,Inf,-1.21828531047127,0.615182804121978,"mr_y_smri__thk__dst__sohs"
"co_longi2 - co_longi3","(ses-06A) - (ses-04A)",-0.000228468046315651,0.00980989879119304,Inf,-0.0232895416332696,0.999995463721852,"mr_y_smri__thk__dst__sohs"
"co_longi0 - co_longi1","(ses-04A) - (ses-02A)",0.0158179554839269,0.00412017896055553,Inf,3.83914282252298,0.000712757604842129,"mr_y_smri__thk__dst__sol"
"co_longi0 - co_longi2","(ses-04A) - (ses-02A)",0.0171134761775714,0.00787112829792625,Inf,2.17420877030808,0.130425376157577,"mr_y_smri__thk__dst__sol"
"co_longi0 - co_longi3","(ses-04A) - (ses-02A)",0.0246819714023471,0.00996943241073588,Inf,2.47576495686631,0.0637314383602048,"mr_y_smri__thk__dst__sol"
"co_longi1 - co_longi2","(ses-04A) - (ses-02A)",0.00129552069364442,0.00807879937358357,Inf,0.160360547865636,0.998533054158786,"mr_y_smri__thk__dst__sol"
"co_longi1 - co_longi3","(ses-04A) - (ses-02A)",0.00886401591842014,0.010129313957833,Inf,0.875085514707106,0.817783114346617,"mr_y_smri__thk__dst__sol"
"co_longi2 - co_longi3","(ses-04A) - (ses-02A)",0.00756849522477572,0.0121488583755765,Inf,0.622979953407892,0.92474959358791,"mr_y_smri__thk__dst__sol"
"co_longi0 - co_longi1","(ses-06A) - (ses-04A)",-0.000421200647478473,0.00413404008607833,Inf,-0.101885961119945,0.999621593733256,"mr_y_smri__thk__dst__sol"
"co_longi0 - co_longi2","(ses-06A) - (ses-04A)",-0.00107716630594111,0.00779194205476057,Inf,-0.138241057026727,0.999057879701426,"mr_y_smri__thk__dst__sol"
"co_longi0 - co_longi3","(ses-06A) - (ses-04A)",-0.00523694574504739,0.00979900113901746,Inf,-0.53443669112304,0.950681187793186,"mr_y_smri__thk__dst__sol"
"co_longi1 - co_longi2","(ses-06A) - (ses-04A)",-0.000655965658462637,0.00799107860574692,Inf,-0.0820872488966492,0.999801831244646,"mr_y_smri__thk__dst__sol"
"co_longi1 - co_longi3","(ses-06A) - (ses-04A)",-0.00481574509756892,0.00995575772498563,Inf,-0.483714573073932,0.962732879898753,"mr_y_smri__thk__dst__sol"
"co_longi2 - co_longi3","(ses-06A) - (ses-04A)",-0.00415977943910628,0.0119475263006001,Inf,-0.348170770621976,0.985511076941838,"mr_y_smri__thk__dst__sol"
"co_longi0 - co_longi1","(ses-04A) - (ses-02A)",0.0067502888827381,0.0027465904865216,Inf,2.45769761304568,0.0667222607232922,"mr_y_smri__thk__dst__soml"
"co_longi0 - co_longi2","(ses-04A) - (ses-02A)",0.0136253319637313,0.00522469877361084,Inf,2.60786938235573,0.0450633882824,"mr_y_smri__thk__dst__soml"
"co_longi0 - co_longi3","(ses-04A) - (ses-02A)",0.0171285206342257,0.00662319501663514,Inf,2.58614167198835,0.0477718495158337,"mr_y_smri__thk__dst__soml"
"co_longi1 - co_longi2","(ses-04A) - (ses-02A)",0.00687504308099316,0.00536096990451281,Inf,1.28242523339029,0.57415080815804,"mr_y_smri__thk__dst__soml"
"co_longi1 - co_longi3","(ses-04A) - (ses-02A)",0.0103782317514876,0.00672740145427451,Inf,1.5426806058814,0.411896315499752,"mr_y_smri__thk__dst__soml"
"co_longi2 - co_longi3","(ses-04A) - (ses-02A)",0.00350318867049448,0.00806308653447169,Inf,0.434472413946878,0.972541107066312,"mr_y_smri__thk__dst__soml"
"co_longi0 - co_longi1","(ses-06A) - (ses-04A)",-0.00264089522664666,0.00274349919222739,Inf,-0.962601058578253,0.770719181881336,"mr_y_smri__thk__dst__soml"
"co_longi0 - co_longi2","(ses-06A) - (ses-04A)",-0.00364773774996745,0.00516240042159138,Inf,-0.706597212938199,0.894526464352024,"mr_y_smri__thk__dst__soml"
"co_longi0 - co_longi3","(ses-06A) - (ses-04A)",-0.00402908817552127,0.00650058097476501,Inf,-0.619804320746412,0.925788162396632,"mr_y_smri__thk__dst__soml"
"co_longi1 - co_longi2","(ses-06A) - (ses-04A)",-0.00100684252332079,0.00529376641373697,Inf,-0.190193983759483,0.997562117200418,"mr_y_smri__thk__dst__soml"
"co_longi1 - co_longi3","(ses-06A) - (ses-04A)",-0.00138819294887461,0.0066026785107317,Inf,-0.210246939422887,0.996716719358547,"mr_y_smri__thk__dst__soml"
"co_longi2 - co_longi3","(ses-06A) - (ses-04A)",-0.000381350425553821,0.00791979630926966,Inf,-0.0481515446435753,0.999959935632738,"mr_y_smri__thk__dst__soml"
"co_longi0 - co_longi1","(ses-04A) - (ses-02A)",0.0126384509418616,0.00386763216604005,Inf,3.2677489480086,0.00597088101492305,"mr_y_smri__thk__dst__somo"
"co_longi0 - co_longi2","(ses-04A) - (ses-02A)",0.0195216481488801,0.00738216402388624,Inf,2.64443435362781,0.0407985294208263,"mr_y_smri__thk__dst__somo"
"co_longi0 - co_longi3","(ses-04A) - (ses-02A)",0.0358856487721084,0.00935195416881624,Inf,3.83723531192741,0.000718236840958397,"mr_y_smri__thk__dst__somo"
"co_longi1 - co_longi2","(ses-04A) - (ses-02A)",0.00688319720701852,0.00757667019400189,Inf,0.908472591623116,0.800337863545927,"mr_y_smri__thk__dst__somo"
"co_longi1 - co_longi3","(ses-04A) - (ses-02A)",0.0232471978302468,0.00950150583702314,Inf,2.44668563373006,0.0686010220512767,"mr_y_smri__thk__dst__somo"
"co_longi2 - co_longi3","(ses-04A) - (ses-02A)",0.0163640006232283,0.0113941472754105,Inf,1.4361759794472,0.476653279423747,"mr_y_smri__thk__dst__somo"
"co_longi0 - co_longi1","(ses-06A) - (ses-04A)",0.0150320902304444,0.00387692027823061,Inf,3.87732766001184,0.000610977505711707,"mr_y_smri__thk__dst__somo"
"co_longi0 - co_longi2","(ses-06A) - (ses-04A)",0.00575734989083781,0.00730486087219332,Inf,0.788153257340428,0.859879382086787,"mr_y_smri__thk__dst__somo"
"co_longi0 - co_longi3","(ses-06A) - (ses-04A)",-0.00234265808006364,0.00918901774812327,Inf,-0.254941076867774,0.994191456576088,"mr_y_smri__thk__dst__somo"
"co_longi1 - co_longi2","(ses-06A) - (ses-04A)",-0.00927474033960656,0.00749144921403229,Inf,-1.23804354466342,0.602564244279973,"mr_y_smri__thk__dst__somo"
"co_longi1 - co_longi3","(ses-06A) - (ses-04A)",-0.017374748310508,0.00933554762638778,Inf,-1.86113862901804,0.244963461548594,"mr_y_smri__thk__dst__somo"
"co_longi2 - co_longi3","(ses-06A) - (ses-04A)",-0.00810000797090144,0.011202049186133,Inf,-0.723082699987465,0.887924358406754,"mr_y_smri__thk__dst__somo"
"co_longi0 - co_longi1","(ses-04A) - (ses-02A)",0.00935434680814056,0.00221151434096779,Inf,4.22983773374354,0.000137371639279182,"mr_y_smri__thk__dst__sost"
"co_longi0 - co_longi2","(ses-04A) - (ses-02A)",0.0159666104800523,0.00420205854468937,Inf,3.79971157237474,0.00083437787264129,"mr_y_smri__thk__dst__sost"
"co_longi0 - co_longi3","(ses-04A) - (ses-02A)",0.0243530752092863,0.00532782698036893,Inf,4.57092080861829,0.0000287841117717624,"mr_y_smri__thk__dst__sost"
"co_longi1 - co_longi2","(ses-04A) - (ses-02A)",0.00661226367191178,0.00431108089839651,Inf,1.53378325012903,0.41717480866694,"mr_y_smri__thk__dst__sost"
"co_longi1 - co_longi3","(ses-04A) - (ses-02A)",0.0149987284011457,0.0054110245132999,Inf,2.77188328463121,0.0285139008962695,"mr_y_smri__thk__dst__sost"
"co_longi2 - co_longi3","(ses-04A) - (ses-02A)",0.00838646472923394,0.00648427411547452,Inf,1.293354441821,0.567151005713792,"mr_y_smri__thk__dst__sost"
"co_longi0 - co_longi1","(ses-06A) - (ses-04A)",-0.00329948199869991,0.00220652298860354,Inf,-1.49533089650159,0.440282002917002,"mr_y_smri__thk__dst__sost"
"co_longi0 - co_longi2","(ses-06A) - (ses-04A)",-0.00508563800381963,0.00415005495801174,Inf,-1.22543871232397,0.610617842719993,"mr_y_smri__thk__dst__sost"
"co_longi0 - co_longi3","(ses-06A) - (ses-04A)",-0.0108143236079215,0.00522749635379695,Inf,-2.06873862285272,0.163397456662969,"mr_y_smri__thk__dst__sost"
"co_longi1 - co_longi2","(ses-06A) - (ses-04A)",-0.00178615600511971,0.00425545626426476,Inf,-0.419733136519103,0.975126522882669,"mr_y_smri__thk__dst__sost"
"co_longi1 - co_longi3","(ses-06A) - (ses-04A)",-0.00751484160922162,0.00530908838487573,Inf,-1.41546741444907,0.489583674535685,"mr_y_smri__thk__dst__sost"
"co_longi2 - co_longi3","(ses-06A) - (ses-04A)",-0.0057286856041019,0.00636742753747339,Inf,-0.899686030251247,0.80499292662526,"mr_y_smri__thk__dst__sost"
"co_longi0 - co_longi1","(ses-04A) - (ses-02A)",0.00904460565582088,0.00318465479225712,Inf,2.84005841945918,0.0233673383270169,"mr_y_smri__thk__dst__sotl"
"co_longi0 - co_longi2","(ses-04A) - (ses-02A)",0.0137235392813426,0.00606946857188577,Inf,2.26107757521161,0.107268786933446,"mr_y_smri__thk__dst__sotl"
"co_longi0 - co_longi3","(ses-04A) - (ses-02A)",0.0190907311260061,0.00769138454578927,Inf,2.48209291998766,0.0627104075448427,"mr_y_smri__thk__dst__sotl"
"co_longi1 - co_longi2","(ses-04A) - (ses-02A)",0.00467893362552169,0.0062288293981724,Inf,0.751173828407395,0.876200368072786,"mr_y_smri__thk__dst__sotl"
"co_longi1 - co_longi3","(ses-04A) - (ses-02A)",0.0100461254701852,0.00781363170528037,Inf,1.28571781331799,0.572041828002002,"mr_y_smri__thk__dst__sotl"
"co_longi2 - co_longi3","(ses-04A) - (ses-02A)",0.00536719184466351,0.00936773312921488,Inf,0.572944571608792,0.940174195271676,"mr_y_smri__thk__dst__sotl"
"co_longi0 - co_longi1","(ses-06A) - (ses-04A)",0.00330665947394903,0.00318723507529718,Inf,1.03746959224233,0.727396094419203,"mr_y_smri__thk__dst__sotl"
"co_longi0 - co_longi2","(ses-06A) - (ses-04A)",0.00137800597797737,0.00600187750238234,Inf,0.229595818546845,0.995737834840886,"mr_y_smri__thk__dst__sotl"
"co_longi0 - co_longi3","(ses-06A) - (ses-04A)",0.00134022008330897,0.00755344508185789,Inf,0.17743163136619,0.998017205728206,"mr_y_smri__thk__dst__sotl"
"co_longi1 - co_longi2","(ses-06A) - (ses-04A)",-0.00192865349597166,0.00615498120642538,Inf,-0.313348397223095,0.989347291269204,"mr_y_smri__thk__dst__sotl"
"co_longi1 - co_longi3","(ses-06A) - (ses-04A)",-0.00196643939064006,0.0076731589705529,Inf,-0.256275074996702,0.994101298485891,"mr_y_smri__thk__dst__sotl"
"co_longi2 - co_longi3","(ses-06A) - (ses-04A)",-0.0000377858946683971,0.00920569804372228,Inf,-0.00410462025681635,0.999999975161727,"mr_y_smri__thk__dst__sotl"
"co_longi0 - co_longi1","(ses-04A) - (ses-02A)",0.00914247299176939,0.00227629750700517,Inf,4.01637877458195,0.00034426430948109,"mr_y_smri__thk__dst__sotml"
"co_longi0 - co_longi2","(ses-04A) - (ses-02A)",0.0169109736177527,0.00432137704510251,Inf,3.91332981159749,0.000527644499506041,"mr_y_smri__thk__dst__sotml"
"co_longi0 - co_longi3","(ses-04A) - (ses-02A)",0.0275225024810375,0.00547983521936865,Inf,5.02250549136192,0.0000030434033464477,"mr_y_smri__thk__dst__sotml"
"co_longi1 - co_longi2","(ses-04A) - (ses-02A)",0.00776850062598333,0.00443296922055337,Inf,1.75243730318831,0.296606618786305,"mr_y_smri__thk__dst__sotml"
"co_longi1 - co_longi3","(ses-04A) - (ses-02A)",0.0183800294892681,0.00556485089197027,Inf,3.30287906110644,0.00529140355425606,"mr_y_smri__thk__dst__sotml"
"co_longi2 - co_longi3","(ses-04A) - (ses-02A)",0.0106115288632848,0.00666780183933877,Inf,1.59145834248984,0.383458071596477,"mr_y_smri__thk__dst__sotml"
"co_longi0 - co_longi1","(ses-06A) - (ses-04A)",-0.00121293349614936,0.00226922510219868,Inf,-0.534514400961869,0.950661172616399,"mr_y_smri__thk__dst__sotml"
"co_longi0 - co_longi2","(ses-06A) - (ses-04A)",-0.0053123973508709,0.00426644380655708,Inf,-1.24515816725543,0.598013985855625,"mr_y_smri__thk__dst__sotml"
"co_longi0 - co_longi3","(ses-06A) - (ses-04A)",-0.00912419716139518,0.00537537709862462,Inf,-1.69740596687249,0.324982355983474,"mr_y_smri__thk__dst__sotml"
"co_longi1 - co_longi2","(ses-06A) - (ses-04A)",-0.00409946385472153,0.00437461514041839,Inf,-0.937102744615259,0.784867332265287,"mr_y_smri__thk__dst__sotml"
"co_longi1 - co_longi3","(ses-06A) - (ses-04A)",-0.00791126366524582,0.00545884287412393,Inf,-1.44925652700994,0.468534528238055,"mr_y_smri__thk__dst__sotml"
"co_longi2 - co_longi3","(ses-06A) - (ses-04A)",-0.00381179981052428,0.00654648920946429,Inf,-0.582266263421552,0.937452639716608,"mr_y_smri__thk__dst__sotml"
"co_longi0 - co_longi1","(ses-04A) - (ses-02A)",0.0112245434442661,0.00206947288824314,Inf,5.42386590712724,0.000000349047478698239,"mr_y_smri__thk__dst__spct"
"co_longi0 - co_longi2","(ses-04A) - (ses-02A)",0.0221903126868072,0.00392918644574335,Inf,5.64755910497627,0.0000000974852526480774,"mr_y_smri__thk__dst__spct"
"co_longi0 - co_longi3","(ses-04A) - (ses-02A)",0.0186692563768039,0.00498242438533868,Inf,3.74702252014907,0.00102732421185703,"mr_y_smri__thk__dst__spct"
"co_longi1 - co_longi2","(ses-04A) - (ses-02A)",0.0109657692425411,0.00403071696484915,Inf,2.7205505467565,0.0330118507514551,"mr_y_smri__thk__dst__spct"
"co_longi1 - co_longi3","(ses-04A) - (ses-02A)",0.00744471293253777,0.00505979212470733,Inf,1.47134758682767,0.454917754110637,"mr_y_smri__thk__dst__spct"
"co_longi2 - co_longi3","(ses-04A) - (ses-02A)",-0.00352105631000331,0.0060627354453327,Inf,-0.580770238410112,0.937894107652259,"mr_y_smri__thk__dst__spct"
"co_longi0 - co_longi1","(ses-06A) - (ses-04A)",-0.000335137539193267,0.00206327224506731,Inf,-0.162430110711025,0.998475903243075,"mr_y_smri__thk__dst__spct"
"co_longi0 - co_longi2","(ses-06A) - (ses-04A)",-0.00210709108062422,0.00387941028686034,Inf,-0.543147263325303,0.948407843019046,"mr_y_smri__thk__dst__spct"
"co_longi0 - co_longi3","(ses-06A) - (ses-04A)",-0.00637794900488362,0.00488759592909754,Inf,-1.30492559070063,0.559743295740917,"mr_y_smri__thk__dst__spct"
"co_longi1 - co_longi2","(ses-06A) - (ses-04A)",-0.00177195354143096,0.00397779212307427,Inf,-0.445461574312105,0.970509855968624,"mr_y_smri__thk__dst__spct"
"co_longi1 - co_longi3","(ses-06A) - (ses-04A)",-0.00604281146569035,0.00496354101174327,Inf,-1.21743961647413,0.615722182765065,"mr_y_smri__thk__dst__spct"
"co_longi2 - co_longi3","(ses-06A) - (ses-04A)",-0.00427085792425939,0.00595256474490192,Inf,-0.717481977481584,0.890190633932895,"mr_y_smri__thk__dst__spct"
"co_longi0 - co_longi1","(ses-04A) - (ses-02A)",0.0108490914959079,0.00208924932140174,Inf,5.19281800633969,0.00000123786096628553,"mr_y_smri__thk__dst__spo"
"co_longi0 - co_longi2","(ses-04A) - (ses-02A)",0.0185214349233717,0.00396276808384539,Inf,4.67386294920364,0.0000175557794424019,"mr_y_smri__thk__dst__spo"
"co_longi0 - co_longi3","(ses-04A) - (ses-02A)",0.0200704997393022,0.00502571023234683,Inf,3.99356485181398,0.00037874969912044,"mr_y_smri__thk__dst__spo"
"co_longi1 - co_longi2","(ses-04A) - (ses-02A)",0.00767234342746375,0.00406455165469371,Inf,1.88762355095274,0.23330137081589,"mr_y_smri__thk__dst__spo"
"co_longi1 - co_longi3","(ses-04A) - (ses-02A)",0.00922140824339425,0.00510311358535511,Inf,1.80701606757447,0.269926381675195,"mr_y_smri__thk__dst__spo"
"co_longi2 - co_longi3","(ses-04A) - (ses-02A)",0.0015490648159305,0.00611382742819619,Inf,0.253370713210911,0.994296435481199,"mr_y_smri__thk__dst__spo"
"co_longi0 - co_longi1","(ses-06A) - (ses-04A)",-0.00140230757453523,0.00208098565630579,Inf,-0.673867006380353,0.907012142664172,"mr_y_smri__thk__dst__spo"
"co_longi0 - co_longi2","(ses-06A) - (ses-04A)",-0.00598832449633536,0.00391107276299707,Inf,-1.53112070759494,0.418759574031336,"mr_y_smri__thk__dst__spo"
"co_longi0 - co_longi3","(ses-06A) - (ses-04A)",-0.00468286646143601,0.00492878463531426,Inf,-0.950105717316948,0.777694398436738,"mr_y_smri__thk__dst__spo"
"co_longi1 - co_longi2","(ses-06A) - (ses-04A)",-0.00458601692180012,0.00401004013187379,Inf,-1.14363367222891,0.662427110941708,"mr_y_smri__thk__dst__spo"
"co_longi1 - co_longi3","(ses-06A) - (ses-04A)",-0.00328055888690078,0.00500488529406962,Inf,-0.655471343326884,0.913661278975386,"mr_y_smri__thk__dst__spo"
"co_longi2 - co_longi3","(ses-06A) - (ses-04A)",0.00130545803489934,0.00600159996645802,Inf,0.21751833547643,0.99636836769753,"mr_y_smri__thk__dst__spo"
"co_longi0 - co_longi1","(ses-04A) - (ses-02A)",0.0157090855791216,0.00245625449311253,Inf,6.39554477077628,0.000000000959568313696479,"mr_y_smri__thk__dst__sprip"
"co_longi0 - co_longi2","(ses-04A) - (ses-02A)",0.0226997481236916,0.00467495215017926,Inf,4.85561079439522,0.00000714790845379731,"mr_y_smri__thk__dst__sprip"
"co_longi0 - co_longi3","(ses-04A) - (ses-02A)",0.0219116757142766,0.0059257276749258,Inf,3.6977189834413,0.00124487035969534,"mr_y_smri__thk__dst__sprip"
"co_longi1 - co_longi2","(ses-04A) - (ses-02A)",0.00699066254456999,0.00479715069661389,Inf,1.45725306263662,0.463591324425945,"mr_y_smri__thk__dst__sprip"
"co_longi1 - co_longi3","(ses-04A) - (ses-02A)",0.00620259013515506,0.00601926055670022,Inf,1.03045715943477,0.731555548062915,"mr_y_smri__thk__dst__sprip"
"co_longi2 - co_longi3","(ses-04A) - (ses-02A)",-0.000788072409414932,0.00721494231747149,Inf,-0.109227818427122,0.999534024741591,"mr_y_smri__thk__dst__sprip"
"co_longi0 - co_longi1","(ses-06A) - (ses-04A)",0.0059234361760176,0.00245484020131545,Inf,2.41296202206704,0.0746255876600763,"mr_y_smri__thk__dst__sprip"
"co_longi0 - co_longi2","(ses-06A) - (ses-04A)",0.00365087825404851,0.00462024502334884,Inf,0.790191480235023,0.858951197623965,"mr_y_smri__thk__dst__sprip"
"co_longi0 - co_longi3","(ses-06A) - (ses-04A)",0.00151784003484578,0.00581697265783861,Inf,0.260932984238876,0.993779374990416,"mr_y_smri__thk__dst__sprip"
"co_longi1 - co_longi2","(ses-06A) - (ses-04A)",-0.00227255792196908,0.00473790924443425,Inf,-0.479654169112403,0.963611166424838,"mr_y_smri__thk__dst__sprip"
"co_longi1 - co_longi3","(ses-06A) - (ses-04A)",-0.00440559614117182,0.00590858700080817,Inf,-0.745626008480408,0.878562581362674,"mr_y_smri__thk__dst__sprip"
"co_longi2 - co_longi3","(ses-06A) - (ses-04A)",-0.00213303821920274,0.00708765026002274,Inf,-0.300951393049675,0.990535503330234,"mr_y_smri__thk__dst__sprip"
"co_longi0 - co_longi1","(ses-04A) - (ses-02A)",0.0149133704585235,0.00311184598558508,Inf,4.79245133840372,0.00000980392047977841,"mr_y_smri__thk__dst__sprsp"
"co_longi0 - co_longi2","(ses-04A) - (ses-02A)",0.0204528845521666,0.00592442359245637,Inf,3.45229949090904,0.00311944922293861,"mr_y_smri__thk__dst__sprsp"
"co_longi0 - co_longi3","(ses-04A) - (ses-02A)",0.016368117815286,0.00750910169086954,Inf,2.17977042915644,0.128837514603511,"mr_y_smri__thk__dst__sprsp"
"co_longi1 - co_longi2","(ses-04A) - (ses-02A)",0.00553951409364315,0.00607944602380651,Inf,0.911187314099173,0.798890625882899,"mr_y_smri__thk__dst__sprsp"
"co_longi1 - co_longi3","(ses-04A) - (ses-02A)",0.00145474735676256,0.00762781573733801,Inf,0.190716111512972,0.997542167106078,"mr_y_smri__thk__dst__sprsp"
"co_longi2 - co_longi3","(ses-04A) - (ses-02A)",-0.0040847667368806,0.00914342734345509,Inf,-0.446743500379482,0.970267077715417,"mr_y_smri__thk__dst__sprsp"
"co_longi0 - co_longi1","(ses-06A) - (ses-04A)",0.00562550317894217,0.00311096042181308,Inf,1.80828503618944,0.26932388448181,"mr_y_smri__thk__dst__sprsp"
"co_longi0 - co_longi2","(ses-06A) - (ses-04A)",0.00973197331577183,0.00585579417249155,Inf,1.66193910323713,0.344017370414534,"mr_y_smri__thk__dst__sprsp"
"co_longi0 - co_longi3","(ses-06A) - (ses-04A)",0.00541366621347438,0.00737193318343426,Inf,0.734361812399443,0.88328816527558,"mr_y_smri__thk__dst__sprsp"
"co_longi1 - co_longi2","(ses-06A) - (ses-04A)",0.00410647013682966,0.00600498245456349,Inf,0.683843819345207,0.903294694475044,"mr_y_smri__thk__dst__sprsp"
"co_longi1 - co_longi3","(ses-06A) - (ses-04A)",-0.000211836965467797,0.00748820032564996,Inf,-0.0282894362136887,0.999991870801431,"mr_y_smri__thk__dst__sprsp"
"co_longi2 - co_longi3","(ses-06A) - (ses-04A)",-0.00431830710229745,0.00898275109820179,Inf,-0.480733246985093,0.963378991734316,"mr_y_smri__thk__dst__sprsp"
"co_longi0 - co_longi1","(ses-04A) - (ses-02A)",0.0180480609598087,0.00606121408174565,Inf,2.97763133200713,0.015395715244108,"mr_y_smri__thk__dst__sso"
"co_longi0 - co_longi2","(ses-04A) - (ses-02A)",0.032606003729859,0.0115911712533238,Inf,2.81300336413451,0.0253036272258372,"mr_y_smri__thk__dst__sso"
"co_longi0 - co_longi3","(ses-04A) - (ses-02A)",0.0145485986531317,0.0146776303749432,Inf,0.991208954135282,0.75446103706806,"mr_y_smri__thk__dst__sso"
"co_longi1 - co_longi2","(ses-04A) - (ses-02A)",0.0145579427700503,0.0118972818816909,Inf,1.22363603004599,0.611768645204687,"mr_y_smri__thk__dst__sso"
"co_longi1 - co_longi3","(ses-04A) - (ses-02A)",-0.00349946230667702,0.0149136485082894,Inf,-0.234648302508399,0.995454200701781,"mr_y_smri__thk__dst__sso"
"co_longi2 - co_longi3","(ses-04A) - (ses-02A)",-0.0180574050767274,0.0178903519074749,Inf,-1.00933761225695,0.74396283634215,"mr_y_smri__thk__dst__sso"
"co_longi0 - co_longi1","(ses-06A) - (ses-04A)",0.00565003919763449,0.00608859428735717,Inf,0.927971044049801,0.78985086458454,"mr_y_smri__thk__dst__sso"
"co_longi0 - co_longi2","(ses-06A) - (ses-04A)",-0.00386593745021224,0.0114803925784401,Inf,-0.336742617797963,0.986853318559755,"mr_y_smri__thk__dst__sso"
"co_longi0 - co_longi3","(ses-06A) - (ses-04A)",0.00832343621150026,0.0144327535779446,Inf,0.57670465767667,0.939084777906188,"mr_y_smri__thk__dst__sso"
"co_longi1 - co_longi2","(ses-06A) - (ses-04A)",-0.00951597664784672,0.011773915021307,Inf,-0.808225355000938,0.850611641609835,"mr_y_smri__thk__dst__sso"
"co_longi1 - co_longi3","(ses-06A) - (ses-04A)",0.00267339701386577,0.0146644179577354,Inf,0.182305020326809,0.997850706962752,"mr_y_smri__thk__dst__sso"
"co_longi2 - co_longi3","(ses-06A) - (ses-04A)",0.0121893736617125,0.0176004491330108,Inf,0.692560375567378,0.899983171092635,"mr_y_smri__thk__dst__sso"
"co_longi0 - co_longi1","(ses-04A) - (ses-02A)",0.0120350940671001,0.00236096181827544,Inf,5.09753862766451,0.00000205477305459389,"mr_y_smri__thk__dst__ssp"
"co_longi0 - co_longi2","(ses-04A) - (ses-02A)",0.0228654697207626,0.00449160044279927,Inf,5.0907176655527,0.00000212995977899588,"mr_y_smri__thk__dst__ssp"
"co_longi0 - co_longi3","(ses-04A) - (ses-02A)",0.0238232987236533,0.00569376609803381,Inf,4.1841021063159,0.000167905394831025,"mr_y_smri__thk__dst__ssp"
"co_longi1 - co_longi2","(ses-04A) - (ses-02A)",0.0108303756536625,0.00460880115646367,Inf,2.34993337442499,0.0870340869637696,"mr_y_smri__thk__dst__ssp"
"co_longi1 - co_longi3","(ses-04A) - (ses-02A)",0.0117882046565532,0.00578340553734337,Inf,2.03828083305536,0.173959027469075,"mr_y_smri__thk__dst__ssp"
"co_longi2 - co_longi3","(ses-04A) - (ses-02A)",0.000957829002890745,0.00693177299638113,Inf,0.138179510983813,0.999059131466929,"mr_y_smri__thk__dst__ssp"
"co_longi0 - co_longi1","(ses-06A) - (ses-04A)",-0.00163852221558593,0.00235854937148931,Inf,-0.694716097696645,0.899155067773699,"mr_y_smri__thk__dst__ssp"
"co_longi0 - co_longi2","(ses-06A) - (ses-04A)",-0.00772648415608265,0.00443823071095776,Inf,-1.74089286007741,0.302438929952899,"mr_y_smri__thk__dst__ssp"
"co_longi0 - co_longi3","(ses-06A) - (ses-04A)",-0.0152386957777455,0.00558852856811681,Inf,-2.72678140444409,0.0324351803726844,"mr_y_smri__thk__dst__ssp"
"co_longi1 - co_longi2","(ses-06A) - (ses-04A)",-0.00608796194049672,0.00455118681180516,Inf,-1.33766469983288,0.538822211399627,"mr_y_smri__thk__dst__ssp"
"co_longi1 - co_longi3","(ses-06A) - (ses-04A)",-0.0136001735621595,0.00567634848508905,Inf,-2.3959370355582,0.0778265542503715,"mr_y_smri__thk__dst__ssp"
"co_longi2 - co_longi3","(ses-06A) - (ses-04A)",-0.00751221162166281,0.00680875266511422,Inf,-1.10331686156745,0.68748919638156,"mr_y_smri__thk__dst__ssp"
"co_longi0 - co_longi1","(ses-04A) - (ses-02A)",0.00621724267781884,0.00270148900510181,Inf,2.30141328211126,0.0976688050084982,"mr_y_smri__thk__dst__sti"
"co_longi0 - co_longi2","(ses-04A) - (ses-02A)",0.00721981862072645,0.00514459388754033,Inf,1.40337969887421,0.497171073496964,"mr_y_smri__thk__dst__sti"
"co_longi0 - co_longi3","(ses-04A) - (ses-02A)",0.0218501404625668,0.00652034654955428,Inf,3.35107042187205,0.00447375251915139,"mr_y_smri__thk__dst__sti"
"co_longi1 - co_longi2","(ses-04A) - (ses-02A)",0.00100257594290761,0.00527934083675057,Inf,0.18990551546293,0.997573093540827,"mr_y_smri__thk__dst__sti"
"co_longi1 - co_longi3","(ses-04A) - (ses-02A)",0.015632897784748,0.00662358121813274,Inf,2.36018813235826,0.0849095015257544,"mr_y_smri__thk__dst__sti"
"co_longi2 - co_longi3","(ses-04A) - (ses-02A)",0.0146303218418404,0.0079399971198982,Inf,1.84261047213427,0.253339093747436,"mr_y_smri__thk__dst__sti"
"co_longi0 - co_longi1","(ses-06A) - (ses-04A)",0.00285511111365592,0.0027014840795293,Inf,1.05686764371138,0.715793058449054,"mr_y_smri__thk__dst__sti"
"co_longi0 - co_longi2","(ses-06A) - (ses-04A)",0.00654000220546731,0.00508558991372741,Inf,1.28598693886309,0.571869451766682,"mr_y_smri__thk__dst__sti"
"co_longi0 - co_longi3","(ses-06A) - (ses-04A)",-0.00695866049003981,0.00640179066472779,Inf,-1.08698657211337,0.697517191601992,"mr_y_smri__thk__dst__sti"
"co_longi1 - co_longi2","(ses-06A) - (ses-04A)",0.00368489109181139,0.00521520191843201,Inf,0.706567291055008,0.89453825806891,"mr_y_smri__thk__dst__sti"
"co_longi1 - co_longi3","(ses-06A) - (ses-04A)",-0.00981377160369573,0.00650289047646752,Inf,-1.50913991850386,0.431930630250007,"mr_y_smri__thk__dst__sti"
"co_longi2 - co_longi3","(ses-06A) - (ses-04A)",-0.0134986626955071,0.00780101867679405,Inf,-1.73037179562998,0.307810479860197,"mr_y_smri__thk__dst__sti"
"co_longi0 - co_longi1","(ses-04A) - (ses-02A)",0.0114850833219581,0.00171657251021355,Inf,6.69070677388942,0.000000000133265176671671,"mr_y_smri__thk__dst__sts"
"co_longi0 - co_longi2","(ses-04A) - (ses-02A)",0.0197693898909886,0.00325526804032418,Inf,6.07304518279232,0.00000000752539031090294,"mr_y_smri__thk__dst__sts"
"co_longi0 - co_longi3","(ses-04A) - (ses-02A)",0.0248785379285171,0.00412854053025956,Inf,6.02598854151324,0.000000010077268464137,"mr_y_smri__thk__dst__sts"
"co_longi1 - co_longi2","(ses-04A) - (ses-02A)",0.00828430656903045,0.00333877498843827,Inf,2.48124135280691,0.0628470187095966,"mr_y_smri__thk__dst__sts"
"co_longi1 - co_longi3","(ses-04A) - (ses-02A)",0.0133934546065589,0.00419201923519771,Inf,3.19498882402605,0.0076364768278141,"mr_y_smri__thk__dst__sts"
"co_longi2 - co_longi3","(ses-04A) - (ses-02A)",0.00510914803752849,0.00502215786906499,Inf,1.01732127319201,0.739294307315313,"mr_y_smri__thk__dst__sts"
"co_longi0 - co_longi1","(ses-06A) - (ses-04A)",0.00368099445226948,0.00170946889454108,Inf,2.15329712288077,0.136528332417419,"mr_y_smri__thk__dst__sts"
"co_longi0 - co_longi2","(ses-06A) - (ses-04A)",0.00113725952847544,0.00321256915047433,Inf,0.354003128090653,0.984793819693368,"mr_y_smri__thk__dst__sts"
"co_longi0 - co_longi3","(ses-06A) - (ses-04A)",-0.00304282105554944,0.00404872201849535,Inf,-0.751550993535549,0.876038945905025,"mr_y_smri__thk__dst__sts"
"co_longi1 - co_longi2","(ses-06A) - (ses-04A)",-0.00254373492379403,0.0032938243148238,Inf,-0.772274013627868,0.867009128176845,"mr_y_smri__thk__dst__sts"
"co_longi1 - co_longi3","(ses-06A) - (ses-04A)",-0.00672381550781891,0.00411115450656647,Inf,-1.63550542726609,0.358566332624829,"mr_y_smri__thk__dst__sts"
"co_longi2 - co_longi3","(ses-06A) - (ses-04A)",-0.00418008058402488,0.00492980049306545,Inf,-0.847920841807864,0.831472756438748,"mr_y_smri__thk__dst__sts"
"co_longi0 - co_longi1","(ses-04A) - (ses-02A)",0.0298108210175667,0.00561716804307694,Inf,5.30709083099411,0.000000666190726583693,"mr_y_smri__thk__dst__stt"
"co_longi0 - co_longi2","(ses-04A) - (ses-02A)",0.0275271942176288,0.0107106485839136,Inf,2.57007724620637,0.0498613928340588,"mr_y_smri__thk__dst__stt"
"co_longi0 - co_longi3","(ses-04A) - (ses-02A)",0.0326650192954701,0.0135714071450193,Inf,2.40689995859848,0.075752865010578,"mr_y_smri__thk__dst__stt"
"co_longi1 - co_longi2","(ses-04A) - (ses-02A)",-0.00228362679993792,0.0109923067216108,Inf,-0.20774773282557,0.996831181449151,"mr_y_smri__thk__dst__stt"
"co_longi1 - co_longi3","(ses-04A) - (ses-02A)",0.0028541982779034,0.013787644850581,Inf,0.20701129952467,0.996864403145801,"mr_y_smri__thk__dst__stt"
"co_longi2 - co_longi3","(ses-04A) - (ses-02A)",0.00513782507784132,0.0165312767467479,Inf,0.310794208853352,0.989599506077798,"mr_y_smri__thk__dst__stt"
"co_longi0 - co_longi1","(ses-06A) - (ses-04A)",0.00547501014855914,0.00562471612944068,Inf,0.973384260212181,0.764637050728113,"mr_y_smri__thk__dst__stt"
"co_longi0 - co_longi2","(ses-06A) - (ses-04A)",0.0125411448843951,0.0105937521761635,Inf,1.18382464266187,0.637096794397953,"mr_y_smri__thk__dst__stt"
"co_longi0 - co_longi3","(ses-06A) - (ses-04A)",0.00792420137993733,0.0133303031335884,Inf,0.594450201208904,0.933790435424313,"mr_y_smri__thk__dst__stt"
"co_longi1 - co_longi2","(ses-06A) - (ses-04A)",0.00706613473583597,0.0108641920693417,Inf,0.650405910603908,0.915445210657441,"mr_y_smri__thk__dst__stt"
"co_longi1 - co_longi3","(ses-06A) - (ses-04A)",0.00244919123137819,0.0135420758574523,Inf,0.18085788745825,0.997901072340852,"mr_y_smri__thk__dst__stt"
"co_longi2 - co_longi3","(ses-06A) - (ses-04A)",-0.00461694350445778,0.0162476922989082,Inf,-0.28415995450431,0.992003754646339,"mr_y_smri__thk__dst__stt"
"co_longi0 - co_longi1","(ses-04A) - (ses-02A)",0.0124771512679113,0.000906191672405519,Inf,13.7687772331766,0,"mr_y_smri__thk__dst"
"co_longi0 - co_longi2","(ses-04A) - (ses-02A)",0.0194626629301704,0.00170959160830906,Inf,11.3843931121192,0,"mr_y_smri__thk__dst"
"co_longi0 - co_longi3","(ses-04A) - (ses-02A)",0.021886501429418,0.00217050226564754,Inf,10.0836114183408,0.0000000000000432986979603811,"mr_y_smri__thk__dst"
"co_longi1 - co_longi2","(ses-04A) - (ses-02A)",0.00698551166225907,0.00175150349958407,Inf,3.98829443613325,0.000387166469884459,"mr_y_smri__thk__dst"
"co_longi1 - co_longi3","(ses-04A) - (ses-02A)",0.00940935016150663,0.00220196225903839,Inf,4.27316595590324,0.000113364245625358,"mr_y_smri__thk__dst"
"co_longi2 - co_longi3","(ses-04A) - (ses-02A)",0.00242383849924756,0.00263601509233993,Inf,0.91950858183288,0.794428442864659,"mr_y_smri__thk__dst"
"co_longi0 - co_longi1","(ses-06A) - (ses-04A)",0.00461163665096654,0.000898226736485429,Inf,5.13415651488053,0.00000169291921092718,"mr_y_smri__thk__dst"
"co_longi0 - co_longi2","(ses-06A) - (ses-04A)",0.00289769789649008,0.00168399123709041,Inf,1.72073217049318,0.312778627373155,"mr_y_smri__thk__dst"
"co_longi0 - co_longi3","(ses-06A) - (ses-04A)",0.000779096996891484,0.00212497466529983,Inf,0.366638252029021,0.983163773245942,"mr_y_smri__thk__dst"
"co_longi1 - co_longi2","(ses-06A) - (ses-04A)",-0.00171393875447646,0.00172586656179487,Inf,-0.993088800963843,0.753379244513276,"mr_y_smri__thk__dst"
"co_longi1 - co_longi3","(ses-06A) - (ses-04A)",-0.00383253965407506,0.00215638175716563,Inf,-1.77730109306461,0.284267674252245,"mr_y_smri__thk__dst"
"co_longi2 - co_longi3","(ses-06A) - (ses-04A)",-0.0021186008995986,0.00258470043961075,Inf,-0.819669802786759,0.845202518323882,"mr_y_smri__thk__dst"
