"contrast","session_id","estimate","SE","df","z.ratio","p.value","region"
"co_longi0 - co_longi1","ses-02A",-0.00195717677390735,0.00315042588546917,Inf,-0.621241966978022,0.925318989313692,"mr_y_smri__thk__dst__gcpd"
"co_longi0 - co_longi2","ses-02A",-0.00355061025950414,0.00586902377023928,Inf,-0.604974591772591,0.930531254310143,"mr_y_smri__thk__dst__gcpd"
"co_longi0 - co_longi3","ses-02A",0.00114214599760394,0.00741866932243633,Inf,0.153955641903291,0.998700921111402,"mr_y_smri__thk__dst__gcpd"
"co_longi1 - co_longi2","ses-02A",-0.00159343348559679,0.00595724423565058,Inf,-0.267478287370029,0.993308051702517,"mr_y_smri__thk__dst__gcpd"
"co_longi1 - co_longi3","ses-02A",0.00309932277151129,0.00745501697770878,Inf,0.41573651418616,0.975800444117349,"mr_y_smri__thk__dst__gcpd"
"co_longi2 - co_longi3","ses-02A",0.00469275625710808,0.00896247071489348,Inf,0.523600735376445,0.953425348406705,"mr_y_smri__thk__dst__gcpd"
"co_longi0 - co_longi1","ses-04A",0.0222315608673309,0.00347759194667978,Inf,6.39280318340867,0.000000000976935976559901,"mr_y_smri__thk__dst__gcpd"
"co_longi0 - co_longi2","ses-04A",0.0236111063044686,0.00631151122207059,Inf,3.74095925265939,0.00105202141798877,"mr_y_smri__thk__dst__gcpd"
"co_longi0 - co_longi3","ses-04A",0.0319903807629257,0.00792329727720605,Inf,4.03750858306888,0.000314983547088477,"mr_y_smri__thk__dst__gcpd"
"co_longi1 - co_longi2","ses-04A",0.00137954543713769,0.0063591630157001,Inf,0.216938209278759,0.996397007975519,"mr_y_smri__thk__dst__gcpd"
"co_longi1 - co_longi3","ses-04A",0.00975881989559482,0.00790779727054062,Inf,1.2340756296257,0.605100665806783,"mr_y_smri__thk__dst__gcpd"
"co_longi2 - co_longi3","ses-04A",0.00837927445845713,0.00951513446124196,Inf,0.880625964098401,0.814934414521648,"mr_y_smri__thk__dst__gcpd"
"co_longi0 - co_longi1","ses-06A",0.0216450162946706,0.00344522564678787,Inf,6.28261208807937,0.00000000199676597478771,"mr_y_smri__thk__dst__gcpd"
"co_longi0 - co_longi2","ses-06A",0.0222036470962657,0.00596326605946606,Inf,3.72340373125223,0.00112668839027597,"mr_y_smri__thk__dst__gcpd"
"co_longi0 - co_longi3","ses-06A",0.0232335420535405,0.00746777378010929,Inf,3.11117378989491,0.0100677979033094,"mr_y_smri__thk__dst__gcpd"
"co_longi1 - co_longi2","ses-06A",0.000558630801595164,0.0059344212104538,Inf,0.0941339992198575,0.999701391551802,"mr_y_smri__thk__dst__gcpd"
"co_longi1 - co_longi3","ses-06A",0.00158852575886993,0.00736515090669292,Inf,0.21568135928164,0.996458549276988,"mr_y_smri__thk__dst__gcpd"
"co_longi2 - co_longi3","ses-06A",0.00102989495727477,0.00885603665227836,Inf,0.116292987225816,0.999437963615263,"mr_y_smri__thk__dst__gcpd"
"co_longi0 - co_longi1","ses-02A",0.0563301405109125,0.00505015455132956,Inf,11.1541419056339,0.0000000000000124344978758018,"mr_y_smri__thk__dst__gcpv"
"co_longi0 - co_longi2","ses-02A",0.0587813531840903,0.00941284375487686,Inf,6.24480281568843,0.00000000254486143269617,"mr_y_smri__thk__dst__gcpv"
"co_longi0 - co_longi3","ses-02A",0.0582290685518343,0.0118927090508231,Inf,4.89619886461482,0.00000582229926970879,"mr_y_smri__thk__dst__gcpv"
"co_longi1 - co_longi2","ses-02A",0.00245121267317773,0.00955546165422051,Inf,0.256524777334549,0.994084321991141,"mr_y_smri__thk__dst__gcpv"
"co_longi1 - co_longi3","ses-02A",0.00189892804092174,0.0119528054811269,Inf,0.158868814850211,0.998573358512888,"mr_y_smri__thk__dst__gcpv"
"co_longi2 - co_longi3","ses-02A",-0.00055228463225599,0.0143718615462235,Inf,-0.0384281904247202,0.999979628898954,"mr_y_smri__thk__dst__gcpv"
"co_longi0 - co_longi1","ses-04A",0.0862991775550045,0.00555235535652274,Inf,15.5428051725153,0,"mr_y_smri__thk__dst__gcpv"
"co_longi0 - co_longi2","ses-04A",0.0879984090059996,0.010082855401893,Inf,8.72752861153578,0.0000000000000326405569239796,"mr_y_smri__thk__dst__gcpv"
"co_longi0 - co_longi3","ses-04A",0.0894721648573423,0.0126569405957247,Inf,7.06901989312997,0.00000000000939059940918696,"mr_y_smri__thk__dst__gcpv"
"co_longi1 - co_longi2","ses-04A",0.00169923145099507,0.0101595463304414,Inf,0.167254658399814,0.998337012018502,"mr_y_smri__thk__dst__gcpv"
"co_longi1 - co_longi3","ses-04A",0.00317298730233786,0.0126336329477891,Inf,0.251153988361926,0.994442511629213,"mr_y_smri__thk__dst__gcpv"
"co_longi2 - co_longi3","ses-04A",0.00147375585134279,0.0152025453497428,Inf,0.0969413882634943,0.999673935913024,"mr_y_smri__thk__dst__gcpv"
"co_longi0 - co_longi1","ses-06A",0.0930890056597617,0.00551227634502479,Inf,16.8875796192223,0,"mr_y_smri__thk__dst__gcpv"
"co_longi0 - co_longi2","ses-06A",0.0855161456053053,0.00956344933780984,Inf,8.94197716583394,0.0000000000000278665979180914,"mr_y_smri__thk__dst__gcpv"
"co_longi0 - co_longi3","ses-06A",0.0943622307807134,0.0119776915384477,Inf,7.87816504355753,0.000000000000077715611723761,"mr_y_smri__thk__dst__gcpv"
"co_longi1 - co_longi2","ses-06A",-0.00757286005445631,0.00952144392623039,Inf,-0.795347860380087,0.856589934576349,"mr_y_smri__thk__dst__gcpv"
"co_longi1 - co_longi3","ses-06A",0.0012732251209517,0.0118181684592983,Inf,0.107734555090891,0.999552821556429,"mr_y_smri__thk__dst__gcpv"
"co_longi2 - co_longi3","ses-06A",0.00884608517540801,0.0142125874939706,Inf,0.622412011828305,0.924935927208305,"mr_y_smri__thk__dst__gcpv"
"co_longi0 - co_longi1","ses-02A",-0.0160968998046981,0.00313838598872647,Inf,-5.12903762077721,0.00000173952643955921,"mr_y_smri__thk__dst__gfio"
"co_longi0 - co_longi2","ses-02A",-0.0198878393974977,0.00585151395651119,Inf,-3.39875108310522,0.00378004486113059,"mr_y_smri__thk__dst__gfio"
"co_longi0 - co_longi3","ses-02A",-0.0184036176224132,0.00739128157539037,Inf,-2.48990887908924,0.0614679593061433,"mr_y_smri__thk__dst__gfio"
"co_longi1 - co_longi2","ses-02A",-0.0037909395927996,0.00594064190141488,Inf,-0.638136358950826,0.919681807594422,"mr_y_smri__thk__dst__gfio"
"co_longi1 - co_longi3","ses-02A",-0.00230671781771505,0.00742936539760141,Inf,-0.310486521292893,0.98962962750811,"mr_y_smri__thk__dst__gfio"
"co_longi2 - co_longi3","ses-02A",0.00148422177508455,0.00893366251988558,Inf,0.166138106491128,0.998369868269522,"mr_y_smri__thk__dst__gfio"
"co_longi0 - co_longi1","ses-04A",0.0000848523996395088,0.00344285557577234,Inf,0.0246459364245838,0.999994624210737,"mr_y_smri__thk__dst__gfio"
"co_longi0 - co_longi2","ses-04A",0.00392850856100679,0.00625466744874905,Inf,0.628092315570271,0.923060693181105,"mr_y_smri__thk__dst__gfio"
"co_longi0 - co_longi3","ses-04A",0.00891876018613369,0.00785116856838055,Inf,1.13597869010898,0.667215690901755,"mr_y_smri__thk__dst__gfio"
"co_longi1 - co_longi2","ses-04A",0.00384365616136728,0.00630261508046083,Inf,0.609851008239939,0.928991034446011,"mr_y_smri__thk__dst__gfio"
"co_longi1 - co_longi3","ses-04A",0.00883390778649419,0.00783742268609905,Inf,1.1271444887313,0.672725383476093,"mr_y_smri__thk__dst__gfio"
"co_longi2 - co_longi3","ses-04A",0.00499025162512691,0.00943142959604207,Inf,0.529108718281806,0.95204207438308,"mr_y_smri__thk__dst__gfio"
"co_longi0 - co_longi1","ses-06A",0.00910674817662212,0.00342171979012572,Inf,2.66145351904678,0.0389335580859095,"mr_y_smri__thk__dst__gfio"
"co_longi0 - co_longi2","ses-06A",0.00975717573354154,0.0059447651697738,Inf,1.6413054939751,0.355348272232706,"mr_y_smri__thk__dst__gfio"
"co_longi0 - co_longi3","ses-06A",0.015021626117736,0.00744595643512171,Inf,2.01742062938761,0.181468129413898,"mr_y_smri__thk__dst__gfio"
"co_longi1 - co_longi2","ses-06A",0.000650427556919418,0.0059203486176996,Inf,0.109863050120881,0.99952587223197,"mr_y_smri__thk__dst__gfio"
"co_longi1 - co_longi3","ses-06A",0.00591487794111384,0.00734883065863557,Inf,0.80487334868212,0.85217889141386,"mr_y_smri__thk__dst__gfio"
"co_longi2 - co_longi3","ses-06A",0.00526445038419442,0.00883845285356786,Inf,0.595630306730583,0.933429401866257,"mr_y_smri__thk__dst__gfio"
"co_longi0 - co_longi1","ses-02A",-0.0210050777095532,0.00425950722011726,Inf,-4.93133985319901,0.00000486850589520582,"mr_y_smri__thk__dst__gfiob"
"co_longi0 - co_longi2","ses-02A",-0.0395045873376998,0.00793305980471632,Inf,-4.97974152598897,0.00000379761924884647,"mr_y_smri__thk__dst__gfiob"
"co_longi0 - co_longi3","ses-02A",-0.0187149276093642,0.0100308819450498,Inf,-1.86573102065067,0.2429150632935,"mr_y_smri__thk__dst__gfiob"
"co_longi1 - co_longi2","ses-02A",-0.0184995096281466,0.00805181425754871,Inf,-2.29755792128501,0.0985560417259639,"mr_y_smri__thk__dst__gfiob"
"co_longi1 - co_longi3","ses-02A",0.00229015010018898,0.0100791821781689,Inf,0.227215865305951,0.995867330969751,"mr_y_smri__thk__dst__gfiob"
"co_longi2 - co_longi3","ses-02A",0.0207896597283356,0.0121160242392544,Inf,1.71588132524361,0.315295413878501,"mr_y_smri__thk__dst__gfiob"
"co_longi0 - co_longi1","ses-04A",-0.00905903878923933,0.00471458021576749,Inf,-1.92149425285886,0.218922474670041,"mr_y_smri__thk__dst__gfiob"
"co_longi0 - co_longi2","ses-04A",-0.0199339514990235,0.00855424214796405,Inf,-2.3303001194288,0.0912202090347547,"mr_y_smri__thk__dst__gfiob"
"co_longi0 - co_longi3","ses-04A",0.00871892644962254,0.0107392164282619,Inf,0.811877338338888,0.848895310509452,"mr_y_smri__thk__dst__gfiob"
"co_longi1 - co_longi2","ses-04A",-0.0108749127097842,0.00861883159195452,Inf,-1.26176182859121,0.587385968927677,"mr_y_smri__thk__dst__gfiob"
"co_longi1 - co_longi3","ses-04A",0.0177779652388619,0.0107177661950327,Inf,1.65873792312257,0.345763142487892,"mr_y_smri__thk__dst__gfiob"
"co_longi2 - co_longi3","ses-04A",0.0286528779486461,0.0128956993646667,Inf,2.22189407013884,0.117284005785629,"mr_y_smri__thk__dst__gfiob"
"co_longi0 - co_longi1","ses-06A",-0.0000911921595989629,0.00466356376137892,Inf,-0.0195541787922289,0.999997314892605,"mr_y_smri__thk__dst__gfiob"
"co_longi0 - co_longi2","ses-06A",-0.010979739714428,0.00806040830578439,Inf,-1.36218157913274,0.523215891139399,"mr_y_smri__thk__dst__gfiob"
"co_longi0 - co_longi3","ses-06A",0.00939451520297963,0.010093164384706,Inf,0.930779966014919,0.788322736114979,"mr_y_smri__thk__dst__gfiob"
"co_longi1 - co_longi2","ses-06A",-0.010888547554829,0.00801942598346508,Inf,-1.35777143866402,0.526018230813972,"mr_y_smri__thk__dst__gfiob"
"co_longi1 - co_longi3","ses-06A",0.00948570736257859,0.00995212265725443,Inf,0.953134089004032,0.77601118224261,"mr_y_smri__thk__dst__gfiob"
"co_longi2 - co_longi3","ses-06A",0.0203742549174076,0.0119654232919371,Inf,1.70276089865846,0.322158274424717,"mr_y_smri__thk__dst__gfiob"
"co_longi0 - co_longi1","ses-02A",-0.0287527883263899,0.00350113557826303,Inf,-8.21241785233996,0.0000000000000471844785465692,"mr_y_smri__thk__dst__gfit"
"co_longi0 - co_longi2","ses-02A",-0.0324353356073505,0.00652620513186731,Inf,-4.97001472555154,0.00000399275179552294,"mr_y_smri__thk__dst__gfit"
"co_longi0 - co_longi3","ses-02A",-0.0338961902425806,0.00824504070767411,Inf,-4.11110041106669,0.000230305279101062,"mr_y_smri__thk__dst__gfit"
"co_longi1 - co_longi2","ses-02A",-0.00368254728096067,0.0066252140517475,Inf,-0.555838234387211,0.944987678546431,"mr_y_smri__thk__dst__gfit"
"co_longi1 - co_longi3","ses-02A",-0.00514340191619073,0.00828690605246196,Inf,-0.620666130836933,0.925507110818556,"mr_y_smri__thk__dst__gfit"
"co_longi2 - co_longi3","ses-02A",-0.00146085463523006,0.00996424722831714,Inf,-0.146609633598662,0.998877218734035,"mr_y_smri__thk__dst__gfit"
"co_longi0 - co_longi1","ses-04A",-0.0141709682915426,0.00384712407607888,Inf,-3.6835225512108,0.0013150469415516,"mr_y_smri__thk__dst__gfit"
"co_longi0 - co_longi2","ses-04A",-0.002370211170419,0.00698691658736045,Inf,-0.339235647196187,0.986567575668575,"mr_y_smri__thk__dst__gfit"
"co_longi0 - co_longi3","ses-04A",-0.00523963147300954,0.00877055131061225,Inf,-0.597411871551296,0.932882246759698,"mr_y_smri__thk__dst__gfit"
"co_longi1 - co_longi2","ses-04A",0.0118007571211236,0.00704015283162423,Inf,1.67620752039853,0.336291284180899,"mr_y_smri__thk__dst__gfit"
"co_longi1 - co_longi3","ses-04A",0.00893133681853303,0.00875458757282371,Inf,1.02018932865073,0.737610658648405,"mr_y_smri__thk__dst__gfit"
"co_longi2 - co_longi3","ses-04A",-0.00286942030259054,0.0105348380174775,Inf,-0.272374411246773,0.992940760026223,"mr_y_smri__thk__dst__gfit"
"co_longi0 - co_longi1","ses-06A",-0.00637937824005029,0.0038204344670264,Inf,-1.66980438877038,0.339747242881947,"mr_y_smri__thk__dst__gfit"
"co_longi0 - co_longi2","ses-06A",0.00062711362103101,0.00663053203244612,Inf,0.0945796834948187,0.999697139634314,"mr_y_smri__thk__dst__gfit"
"co_longi0 - co_longi3","ses-06A",-0.00352941199530247,0.00830450943589066,Inf,-0.424999456325374,0.974220899366886,"mr_y_smri__thk__dst__gfit"
"co_longi1 - co_longi2","ses-06A",0.0070064918610813,0.00660187446570537,Inf,1.06128825949021,0.713129765023128,"mr_y_smri__thk__dst__gfit"
"co_longi1 - co_longi3","ses-06A",0.00284996624474782,0.00819446689490628,Inf,0.347791538033959,0.985556954543979,"mr_y_smri__thk__dst__gfit"
"co_longi2 - co_longi3","ses-06A",-0.00415652561633348,0.00985491088924043,Inf,-0.421772014282906,0.974778287464813,"mr_y_smri__thk__dst__gfit"
"co_longi0 - co_longi1","ses-02A",-0.0262017129787054,0.00305631263424434,Inf,-8.57298192767627,0.0000000000000361932706027801,"mr_y_smri__thk__dst__gfm"
"co_longi0 - co_longi2","ses-02A",-0.0243531585619492,0.00570806967597292,Inf,-4.26644381452794,0.000116807850762735,"mr_y_smri__thk__dst__gfm"
"co_longi0 - co_longi3","ses-02A",-0.0283826269995412,0.00720329547388239,Inf,-3.94022806678562,0.000472483807042012,"mr_y_smri__thk__dst__gfm"
"co_longi1 - co_longi2","ses-02A",0.00184855441675621,0.00579732151871115,Inf,0.318863532200156,0.988789398928782,"mr_y_smri__thk__dst__gfm"
"co_longi1 - co_longi3","ses-02A",-0.00218091402083582,0.00724388528034811,Inf,-0.301069652048798,0.990524592839601,"mr_y_smri__thk__dst__gfm"
"co_longi2 - co_longi3","ses-02A",-0.00402946843759203,0.00871324072361352,Inf,-0.462453473444372,0.967192016359042,"mr_y_smri__thk__dst__gfm"
"co_longi0 - co_longi1","ses-04A",-0.0143161692334225,0.00332386837674705,Inf,-4.30708066949186,0.000097411163497263,"mr_y_smri__thk__dst__gfm"
"co_longi0 - co_longi2","ses-04A",-0.00556231947809261,0.00605201162801198,Inf,-0.919086052701417,0.794655958280493,"mr_y_smri__thk__dst__gfm"
"co_longi0 - co_longi3","ses-04A",-0.00304154446463477,0.00759576049312192,Inf,-0.400426588935885,0.978276524980256,"mr_y_smri__thk__dst__gfm"
"co_longi1 - co_longi2","ses-04A",0.00875384975532991,0.00610099841082817,Inf,1.43482249393696,0.477495584776777,"mr_y_smri__thk__dst__gfm"
"co_longi1 - co_longi3","ses-04A",0.0112746247687878,0.00758655078498567,Inf,1.48613317017544,0.445875787001045,"mr_y_smri__thk__dst__gfm"
"co_longi2 - co_longi3","ses-04A",0.00252077501345784,0.00913090583331164,Inf,0.276070639592129,0.992655004238594,"mr_y_smri__thk__dst__gfm"
"co_longi0 - co_longi1","ses-06A",-0.00940638344474433,0.00331586723141939,Inf,-2.83677927620697,0.0235949106505956,"mr_y_smri__thk__dst__gfm"
"co_longi0 - co_longi2","ses-06A",0.00000812901010208166,0.00579642224582239,Inf,0.001402418553607,0.999999999009311,"mr_y_smri__thk__dst__gfm"
"co_longi0 - co_longi3","ses-06A",-0.0050190092197879,0.00726179739873423,Inf,-0.69115247151659,0.900522057016501,"mr_y_smri__thk__dst__gfm"
"co_longi1 - co_longi2","ses-06A",0.00941451245484641,0.00578057323978196,Inf,1.62864685980547,0.362390006607612,"mr_y_smri__thk__dst__gfm"
"co_longi1 - co_longi3","ses-06A",0.00438737422495643,0.00717677435815046,Inf,0.61132954806832,0.928520272522745,"mr_y_smri__thk__dst__gfm"
"co_longi2 - co_longi3","ses-06A",-0.00502713822988999,0.00863410780504868,Inf,-0.58224177221304,0.937459881364047,"mr_y_smri__thk__dst__gfm"
"co_longi0 - co_longi1","ses-02A",-0.0339496508847945,0.0030412304850847,Inf,-11.163129874995,0.0000000000000115463194561016,"mr_y_smri__thk__dst__gfs"
"co_longi0 - co_longi2","ses-02A",-0.0374920198667289,0.00571060012516064,Inf,-6.56533797587066,0.000000000311450532031188,"mr_y_smri__thk__dst__gfs"
"co_longi0 - co_longi3","ses-02A",-0.0429265231869602,0.00719329880407238,Inf,-5.9675712571064,0.0000000144365156495851,"mr_y_smri__thk__dst__gfs"
"co_longi1 - co_longi2","ses-02A",-0.00354236898193439,0.00580732593826043,Inf,-0.609982807852438,0.928949141002866,"mr_y_smri__thk__dst__gfs"
"co_longi1 - co_longi3","ses-02A",-0.00897687230216571,0.00724451771527306,Inf,-1.23912628210439,0.601871950707747,"mr_y_smri__thk__dst__gfs"
"co_longi2 - co_longi3","ses-02A",-0.00543450332023133,0.0087189904601923,Inf,-0.623295018505097,0.924646113947856,"mr_y_smri__thk__dst__gfs"
"co_longi0 - co_longi1","ses-04A",-0.0139683214684008,0.00324607342576031,Inf,-4.30314402550185,0.0000991470847117037,"mr_y_smri__thk__dst__gfs"
"co_longi0 - co_longi2","ses-04A",-0.00566290467752834,0.00595776314906413,Inf,-0.950508527419034,0.777470782558139,"mr_y_smri__thk__dst__gfs"
"co_longi0 - co_longi3","ses-04A",-0.00419335468739824,0.00747546497545326,Inf,-0.56094901135484,0.9435740754124,"mr_y_smri__thk__dst__gfs"
"co_longi1 - co_longi2","ses-04A",0.00830541679087247,0.00601741625914524,Inf,1.38022972538254,0.511774236612776,"mr_y_smri__thk__dst__gfs"
"co_longi1 - co_longi3","ses-04A",0.00977496678100257,0.00748205594243629,Inf,1.30645465046064,0.558764780506281,"mr_y_smri__thk__dst__gfs"
"co_longi2 - co_longi3","ses-04A",0.0014695499901301,0.00900809071022208,Inf,0.163136677616102,0.998456060157856,"mr_y_smri__thk__dst__gfs"
"co_longi0 - co_longi1","ses-06A",-0.0060453862127021,0.00325605234047944,Inf,-1.85666125127827,0.246971125396442,"mr_y_smri__thk__dst__gfs"
"co_longi0 - co_longi2","ses-06A",0.000947411484642684,0.0057876085364611,Inf,0.163696538678131,0.998440216623446,"mr_y_smri__thk__dst__gfs"
"co_longi0 - co_longi3","ses-06A",0.000862846751601651,0.00725360722365512,Inf,0.118954159633537,0.999398631176313,"mr_y_smri__thk__dst__gfs"
"co_longi1 - co_longi2","ses-06A",0.00699279769734478,0.00579608833403144,Inf,1.20646844808885,0.622713062874431,"mr_y_smri__thk__dst__gfs"
"co_longi1 - co_longi3","ses-06A",0.00690823296430375,0.00719873237846898,Inf,0.959645754433919,0.772376040374027,"mr_y_smri__thk__dst__gfs"
"co_longi2 - co_longi3","ses-06A",-0.0000845647330410334,0.00866531994484457,Inf,-0.00975898565538197,0.999999666186639,"mr_y_smri__thk__dst__gfs"
"co_longi0 - co_longi1","ses-02A",0.0414575607775011,0.00531154689421049,Inf,7.80517645861119,0.0000000000000588418203051333,"mr_y_smri__thk__dst__gilsci"
"co_longi0 - co_longi2","ses-02A",0.0331714876638772,0.0098883843645275,Inf,3.35459124979739,0.00441879850451388,"mr_y_smri__thk__dst__gilsci"
"co_longi0 - co_longi3","ses-02A",0.0240036066302995,0.0125178516247395,Inf,1.9175500197542,0.220565896769309,"mr_y_smri__thk__dst__gilsci"
"co_longi1 - co_longi2","ses-02A",-0.00828607311362385,0.0100355549423235,Inf,-0.825671640606393,0.842330176057856,"mr_y_smri__thk__dst__gilsci"
"co_longi1 - co_longi3","ses-02A",-0.0174539541472016,0.0125760996771867,Inf,-1.38786703312025,0.506946835150215,"mr_y_smri__thk__dst__gilsci"
"co_longi2 - co_longi3","ses-02A",-0.00916788103357776,0.0151118914278877,Inf,-0.606666682150667,0.929998965037091,"mr_y_smri__thk__dst__gilsci"
"co_longi0 - co_longi1","ses-04A",0.062844015716454,0.00593544449807793,Inf,10.5879207086857,0.0000000000000370814490224802,"mr_y_smri__thk__dst__gilsci"
"co_longi0 - co_longi2","ses-04A",0.0508921759390487,0.0107681929142814,Inf,4.7261575218951,0.0000136015713956272,"mr_y_smri__thk__dst__gilsci"
"co_longi0 - co_longi3","ses-04A",0.0779771119294144,0.0135206572071397,Inf,5.7672575182394,0.0000000482811747248846,"mr_y_smri__thk__dst__gilsci"
"co_longi1 - co_longi2","ses-04A",-0.0119518397774053,0.0108522688890514,Inf,-1.10132175120203,0.688718482833824,"mr_y_smri__thk__dst__gilsci"
"co_longi1 - co_longi3","ses-04A",0.0151330962129603,0.0134949676742116,Inf,1.1213881039433,0.676305461397352,"mr_y_smri__thk__dst__gilsci"
"co_longi2 - co_longi3","ses-04A",0.0270849359903657,0.0162349624016539,Inf,1.66830912941359,0.34055691746344,"mr_y_smri__thk__dst__gilsci"
"co_longi0 - co_longi1","ses-06A",0.0630681512499151,0.00583538473794886,Inf,10.8078822703443,0.000000000000035527136788005,"mr_y_smri__thk__dst__gilsci"
"co_longi0 - co_longi2","ses-06A",0.0660311794662041,0.0100439773905976,Inf,6.57420630277576,0.000000000293446267285447,"mr_y_smri__thk__dst__gilsci"
"co_longi0 - co_longi3","ses-06A",0.0613985196283928,0.0125728634775017,Inf,4.88341575793463,0.00000621194459959895,"mr_y_smri__thk__dst__gilsci"
"co_longi1 - co_longi2","ses-06A",0.00296302821628893,0.00998783959203091,Inf,0.296663576641045,0.99092565146867,"mr_y_smri__thk__dst__gilsci"
"co_longi1 - co_longi3","ses-06A",-0.00166963162152237,0.0123916186856228,Inf,-0.134738783034015,0.999127373185911,"mr_y_smri__thk__dst__gilsci"
"co_longi2 - co_longi3","ses-06A",-0.0046326598378113,0.0148926509512298,Inf,-0.31107019515748,0.989572440354984,"mr_y_smri__thk__dst__gilsci"
"co_longi0 - co_longi1","ses-02A",0.0107366410261815,0.0047543145326255,Inf,2.2582942193882,0.107957474612869,"mr_y_smri__thk__dst__gis"
"co_longi0 - co_longi2","ses-02A",0.00464009350608787,0.00885101165194147,Inf,0.524244424090218,0.953264928269864,"mr_y_smri__thk__dst__gis"
"co_longi0 - co_longi3","ses-02A",-0.00104765860345804,0.0112032964953209,Inf,-0.0935134229372224,0.999707245637815,"mr_y_smri__thk__dst__gis"
"co_longi1 - co_longi2","ses-02A",-0.00609654752009361,0.00898273237303416,Inf,-0.678696332799052,0.905222430557936,"mr_y_smri__thk__dst__gis"
"co_longi1 - co_longi3","ses-02A",-0.0117842996296395,0.0112554960114025,Inf,-1.04698181383578,0.721723710792466,"mr_y_smri__thk__dst__gis"
"co_longi2 - co_longi3","ses-02A",-0.00568775210954591,0.0135255198832074,Inf,-0.420520036099134,0.974992478060006,"mr_y_smri__thk__dst__gis"
"co_longi0 - co_longi1","ses-04A",0.025355932723064,0.00530771192195519,Inf,4.77718706212746,0.0000105756322517081,"mr_y_smri__thk__dst__gis"
"co_longi0 - co_longi2","ses-04A",0.0117318044408443,0.00962887835678897,Inf,1.21839782435019,0.615111038400321,"mr_y_smri__thk__dst__gis"
"co_longi0 - co_longi3","ses-04A",0.0162130087567228,0.0120899485114109,Inf,1.34103207647414,0.53667499941098,"mr_y_smri__thk__dst__gis"
"co_longi1 - co_longi2","ses-04A",-0.0136241282822197,0.00970363713205576,Inf,-1.40402285213373,0.496766680650058,"mr_y_smri__thk__dst__gis"
"co_longi1 - co_longi3","ses-04A",-0.00914292396634121,0.0120666504333969,Inf,-0.757701900523803,0.87339160515518,"mr_y_smri__thk__dst__gis"
"co_longi2 - co_longi3","ses-04A",0.00448120431587845,0.0145168311782692,Inf,0.308690254839261,0.989804357591396,"mr_y_smri__thk__dst__gis"
"co_longi0 - co_longi1","ses-06A",0.0337676601205319,0.00522168887115652,Inf,6.46680814459419,0.000000000600428817776333,"mr_y_smri__thk__dst__gis"
"co_longi0 - co_longi2","ses-06A",0.0246972601113029,0.00899075785725675,Inf,2.74696087954019,0.030626707785459,"mr_y_smri__thk__dst__gis"
"co_longi0 - co_longi3","ses-06A",0.0260232707788178,0.0112548521796375,Inf,2.31218236929843,0.0952238871621378,"mr_y_smri__thk__dst__gis"
"co_longi1 - co_longi2","ses-06A",-0.00907040000922895,0.00894071467157219,Inf,-1.01450503034943,0.740944206125374,"mr_y_smri__thk__dst__gis"
"co_longi1 - co_longi3","ses-06A",-0.00774438934171406,0.011092789150558,Inf,-0.698146267507889,0.897829963341284,"mr_y_smri__thk__dst__gis"
"co_longi2 - co_longi3","ses-06A",0.00132601066751488,0.0133322058721022,Inf,0.0994592102938931,0.999647929358961,"mr_y_smri__thk__dst__gis"
"co_longi0 - co_longi1","ses-02A",-0.0139852665449224,0.00296789688269433,Inf,-4.71218074538568,0.0000145655210023188,"mr_y_smri__thk__dst__go"
"co_longi0 - co_longi2","ses-02A",-0.021443650418252,0.00553749122537417,Inf,-3.8724486496686,0.000623177049062562,"mr_y_smri__thk__dst__go"
"co_longi0 - co_longi3","ses-02A",-0.018535710386308,0.00699156728386738,Inf,-2.65115240027484,0.0400534762745173,"mr_y_smri__thk__dst__go"
"co_longi1 - co_longi2","ses-02A",-0.00745838387332955,0.00562276209776067,Inf,-1.32646264303089,0.545972282543119,"mr_y_smri__thk__dst__go"
"co_longi1 - co_longi3","ses-02A",-0.00455044384138562,0.0070290051920041,Inf,-0.647380919075435,0.916500836315122,"mr_y_smri__thk__dst__go"
"co_longi2 - co_longi3","ses-02A",0.00290794003194393,0.00845341673220638,Inf,0.343995821342282,0.986011061301419,"mr_y_smri__thk__dst__go"
"co_longi0 - co_longi1","ses-04A",-0.00042628027352815,0.003242969973484,Inf,-0.131447493197166,0.999189505457573,"mr_y_smri__thk__dst__go"
"co_longi0 - co_longi2","ses-04A",-0.000973067031040481,0.0058968325025914,Inf,-0.165015206148871,0.99840247649473,"mr_y_smri__thk__dst__go"
"co_longi0 - co_longi3","ses-04A",0.00514904424738226,0.0074015375704212,Inf,0.695672243556448,0.89878661726712,"mr_y_smri__thk__dst__go"
"co_longi1 - co_longi2","ses-04A",-0.000546786757512331,0.00594296593994731,Inf,-0.0920057027143552,0.999721149597856,"mr_y_smri__thk__dst__go"
"co_longi1 - co_longi3","ses-04A",0.00557532452091041,0.00739013250142197,Inf,0.754428221664176,0.874804065341153,"mr_y_smri__thk__dst__go"
"co_longi2 - co_longi3","ses-04A",0.00612211127842274,0.00889377179512739,Inf,0.688359384460128,0.901586567817392,"mr_y_smri__thk__dst__go"
"co_longi0 - co_longi1","ses-06A",0.00555876413043113,0.00322890070016699,Inf,1.72156552542593,0.31234737720319,"mr_y_smri__thk__dst__go"
"co_longi0 - co_longi2","ses-06A",0.00118471382093307,0.00562480375073479,Inf,0.210623138767873,0.996699258556305,"mr_y_smri__thk__dst__go"
"co_longi0 - co_longi3","ses-06A",0.0108289603462837,0.00704595164850857,Inf,1.53690528781529,0.415319565112825,"mr_y_smri__thk__dst__go"
"co_longi1 - co_longi2","ses-06A",-0.00437405030949806,0.00560494782757451,Inf,-0.780390905331744,0.863387227683981,"mr_y_smri__thk__dst__go"
"co_longi1 - co_longi3","ses-06A",0.00527019621585255,0.0069579839402045,Inf,0.757431500437993,0.873508570761448,"mr_y_smri__thk__dst__go"
"co_longi2 - co_longi3","ses-06A",0.00964424652535061,0.00836955313051811,Inf,1.1523012489382,0.656989997049827,"mr_y_smri__thk__dst__go"
"co_longi0 - co_longi1","ses-02A",-0.0185398984848386,0.00310195506366042,Inf,-5.97684302459265,0.0000000136389393112779,"mr_y_smri__thk__dst__gom"
"co_longi0 - co_longi2","ses-02A",-0.0171479844166862,0.0057911756194454,Inf,-2.96105411811505,0.0162073408720237,"mr_y_smri__thk__dst__gom"
"co_longi0 - co_longi3","ses-02A",-0.0225416438010103,0.00730947182709213,Inf,-3.08389502473504,0.0109975557441122,"mr_y_smri__thk__dst__gom"
"co_longi1 - co_longi2","ses-02A",0.00139191406815238,0.00588121107344538,Inf,0.236671333636893,0.995337268697476,"mr_y_smri__thk__dst__gom"
"co_longi1 - co_longi3","ses-02A",-0.00400174531617171,0.00734989600710695,Inf,-0.544462848495031,0.948059254843256,"mr_y_smri__thk__dst__gom"
"co_longi2 - co_longi3","ses-02A",-0.00539365938432409,0.00884025572299004,Inf,-0.610124814635995,0.928903987563754,"mr_y_smri__thk__dst__gom"
"co_longi0 - co_longi1","ses-04A",-0.00626442556208455,0.00337917638395536,Inf,-1.85383207335036,0.248245105957368,"mr_y_smri__thk__dst__gom"
"co_longi0 - co_longi2","ses-04A",0.000704909898350416,0.00614958946884588,Inf,0.114627147376508,0.999461694412848,"mr_y_smri__thk__dst__gom"
"co_longi0 - co_longi3","ses-04A",-0.00134576885650105,0.00771842755857065,Inf,-0.174357904675375,0.998117716195767,"mr_y_smri__thk__dst__gom"
"co_longi1 - co_longi2","ses-04A",0.00696933546043496,0.00619870995850892,Inf,1.12432030327023,0.674482850928944,"mr_y_smri__thk__dst__gom"
"co_longi1 - co_longi3","ses-04A",0.0049186567055835,0.00770809214798162,Inf,0.638115971002172,0.919688747726336,"mr_y_smri__thk__dst__gom"
"co_longi2 - co_longi3","ses-04A",-0.00205067875485146,0.00927691577580873,Inf,-0.221051781045483,0.996190702331854,"mr_y_smri__thk__dst__gom"
"co_longi0 - co_longi1","ses-06A",-0.00147862236743463,0.00336880759395715,Inf,-0.438915647805747,0.971730553878938,"mr_y_smri__thk__dst__gom"
"co_longi0 - co_longi2","ses-06A",0.00518267149571621,0.00588147226590714,Inf,0.881186080865903,0.814645378378768,"mr_y_smri__thk__dst__gom"
"co_longi0 - co_longi3","ses-06A",0.00367498925921278,0.00736804292818751,Inf,0.498774137858722,0.959364341399536,"mr_y_smri__thk__dst__gom"
"co_longi1 - co_longi2","ses-06A",0.00666129386315084,0.0058636470108706,Inf,1.136032549504,0.667182044635616,"mr_y_smri__thk__dst__gom"
"co_longi1 - co_longi3","ses-06A",0.0051536116266474,0.00727963996415685,Inf,0.707948696916677,0.893993058387829,"mr_y_smri__thk__dst__gom"
"co_longi2 - co_longi3","ses-06A",-0.00150768223650344,0.0087573718406541,Inf,-0.172161495930134,0.998187441978976,"mr_y_smri__thk__dst__gom"
"co_longi0 - co_longi1","ses-02A",0.00352854650605554,0.00362258334194774,Inf,0.974041498285684,0.764264509928858,"mr_y_smri__thk__dst__gos"
"co_longi0 - co_longi2","ses-02A",-0.0149663694839335,0.00677005856090984,Inf,-2.21067060931333,0.12028149766283,"mr_y_smri__thk__dst__gos"
"co_longi0 - co_longi3","ses-02A",-0.0159654801236583,0.00854101278387629,Inf,-1.86927247712331,0.241342930391329,"mr_y_smri__thk__dst__gos"
"co_longi1 - co_longi2","ses-02A",-0.0184949159899891,0.00687697989052914,Inf,-2.68939509557967,0.0360293798079218,"mr_y_smri__thk__dst__gos"
"co_longi1 - co_longi3","ses-02A",-0.0194940266297139,0.00859070304320218,Inf,-2.26920038228297,0.105278534665103,"mr_y_smri__thk__dst__gos"
"co_longi2 - co_longi3","ses-02A",-0.000999110639724817,0.0103341890123551,Inf,-0.0966801205716606,0.999676559018775,"mr_y_smri__thk__dst__gos"
"co_longi0 - co_longi1","ses-04A",0.0147730965943266,0.00392884418129546,Inf,3.76016352714083,0.000975642830535306,"mr_y_smri__thk__dst__gos"
"co_longi0 - co_longi2","ses-04A",0.000619578800013918,0.00716006829082421,Inf,0.0865325266251891,0.999767927206841,"mr_y_smri__thk__dst__gos"
"co_longi0 - co_longi3","ses-04A",0.0034482072205637,0.0089860836270893,Inf,0.383727479473793,0.980789642019226,"mr_y_smri__thk__dst__gos"
"co_longi1 - co_longi2","ses-04A",-0.0141535177943127,0.00721945434133052,Inf,-1.96046918854871,0.203122740924347,"mr_y_smri__thk__dst__gos"
"co_longi1 - co_longi3","ses-04A",-0.011324889373763,0.0089772638847083,Inf,-1.26150790699754,0.587548572732982,"mr_y_smri__thk__dst__gos"
"co_longi2 - co_longi3","ses-04A",0.00282862842054978,0.0108052441410269,Inf,0.261782925367658,0.993719429847803,"mr_y_smri__thk__dst__gos"
"co_longi0 - co_longi1","ses-06A",0.0149592555013764,0.00392341360234238,Inf,3.81281634249455,0.000791954421590524,"mr_y_smri__thk__dst__gos"
"co_longi0 - co_longi2","ses-06A",0.00395493363882437,0.00687341580720727,Inf,0.575395662034201,0.939465320495928,"mr_y_smri__thk__dst__gos"
"co_longi0 - co_longi3","ses-06A",0.00426642704790059,0.00861162967492494,Inf,0.495426209550492,0.960128392277496,"mr_y_smri__thk__dst__gos"
"co_longi1 - co_longi2","ses-06A",-0.011004321862552,0.00685818409623452,Inf,-1.60455329109552,0.375976203082601,"mr_y_smri__thk__dst__gos"
"co_longi1 - co_longi3","ses-06A",-0.0106928284534758,0.00851517733421565,Inf,-1.2557376122409,0.591243220590513,"mr_y_smri__thk__dst__gos"
"co_longi2 - co_longi3","ses-06A",0.000311493409076226,0.0102452094640632,Inf,0.030403810695022,0.999989908895474,"mr_y_smri__thk__dst__gos"
"co_longi0 - co_longi1","ses-02A",0.00368813600108163,0.00309076697373279,Inf,1.19327533664804,0.631101735754438,"mr_y_smri__thk__dst__gotlf"
"co_longi0 - co_longi2","ses-02A",0.00366366985414555,0.00576728184734491,Inf,0.635250704078594,0.920660800316716,"mr_y_smri__thk__dst__gotlf"
"co_longi0 - co_longi3","ses-02A",-0.00954476663361295,0.00728131337586687,Inf,-1.31085782755183,0.55594758384597,"mr_y_smri__thk__dst__gotlf"
"co_longi1 - co_longi2","ses-02A",-0.0000244661469360794,0.00585622126947475,Inf,-0.00417780439130739,0.999999973809328,"mr_y_smri__thk__dst__gotlf"
"co_longi1 - co_longi3","ses-02A",-0.0132329026346946,0.00732049868262252,Inf,-1.80765043590637,0.269625085726068,"mr_y_smri__thk__dst__gotlf"
"co_longi2 - co_longi3","ses-02A",-0.0132084364877585,0.00880412875135934,Inf,-1.50025480780471,0.437297570153481,"mr_y_smri__thk__dst__gotlf"
"co_longi0 - co_longi1","ses-04A",0.0193313755602499,0.00337558935146698,Inf,5.72681494917288,0.000000061314683219571,"mr_y_smri__thk__dst__gotlf"
"co_longi0 - co_longi2","ses-04A",0.0190565688691645,0.00613874311722147,Inf,3.10431117661589,0.01029480349441,"mr_y_smri__thk__dst__gotlf"
"co_longi0 - co_longi3","ses-04A",0.020321435506817,0.00770511869389782,Inf,2.6373942198854,0.041591916342843,"mr_y_smri__thk__dst__gotlf"
"co_longi1 - co_longi2","ses-04A",-0.000274806691085441,0.00618691483094795,Inf,-0.0444174032768018,0.99996854835249,"mr_y_smri__thk__dst__gotlf"
"co_longi1 - co_longi3","ses-04A",0.00099005994656712,0.00769347625129292,Inf,0.128688243679278,0.999239277030064,"mr_y_smri__thk__dst__gotlf"
"co_longi2 - co_longi3","ses-04A",0.00126486663765256,0.00925891352707252,Inf,0.136610697783726,0.99909066853234,"mr_y_smri__thk__dst__gotlf"
"co_longi0 - co_longi1","ses-06A",0.0323025741469364,0.00336165173011106,Inf,9.60913763243083,0.0000000000000301980662698043,"mr_y_smri__thk__dst__gotlf"
"co_longi0 - co_longi2","ses-06A",0.0271873301170983,0.00585807109113373,Inf,4.64100378676638,0.0000205806339963477,"mr_y_smri__thk__dst__gotlf"
"co_longi0 - co_longi3","ses-06A",0.0253256620727837,0.0073382488178321,Inf,3.45118606652336,0.00313202883248809,"mr_y_smri__thk__dst__gotlf"
"co_longi1 - co_longi2","ses-06A",-0.00511524402983812,0.00583784029311354,Inf,-0.876221988441888,0.817200315048968,"mr_y_smri__thk__dst__gotlf"
"co_longi1 - co_longi3","ses-06A",-0.00697691207415272,0.00724717846065111,Inf,-0.962707364256887,0.770659501425673,"mr_y_smri__thk__dst__gotlf"
"co_longi2 - co_longi3","ses-06A",-0.0018616680443146,0.00871756311518083,Inf,-0.213553721345897,0.99656115199808,"mr_y_smri__thk__dst__gotlf"
"co_longi0 - co_longi1","ses-02A",0.0105285524003144,0.00304551108832116,Inf,3.4570724239649,0.0030660488675377,"mr_y_smri__thk__dst__gotml"
"co_longi0 - co_longi2","ses-02A",0.00533647790234369,0.00570715842778634,Inf,0.93504989739939,0.785991575690234,"mr_y_smri__thk__dst__gotml"
"co_longi0 - co_longi3","ses-02A",0.00580228845169664,0.00719305947296439,Inf,0.806650977029306,0.851348719103658,"mr_y_smri__thk__dst__gotml"
"co_longi1 - co_longi2","ses-02A",-0.00519207449797072,0.00580105917520944,Inf,-0.895021812595674,0.807445703591089,"mr_y_smri__thk__dst__gotml"
"co_longi1 - co_longi3","ses-02A",-0.00472626394861777,0.00724034025525555,Inf,-0.652768210055751,0.914615793269095,"mr_y_smri__thk__dst__gotml"
"co_longi2 - co_longi3","ses-02A",0.000465810549352949,0.00871243024429159,Inf,0.0534650535260411,0.999945166026284,"mr_y_smri__thk__dst__gotml"
"co_longi0 - co_longi1","ses-04A",0.0163823434034873,0.00327067780936498,Inf,5.00885270832227,0.00000326694514773962,"mr_y_smri__thk__dst__gotml"
"co_longi0 - co_longi2","ses-04A",0.0106441433264902,0.0059845027402617,Inf,1.77861783818396,0.283622777714212,"mr_y_smri__thk__dst__gotml"
"co_longi0 - co_longi3","ses-04A",0.0068594471138274,0.00750964177798896,Inf,0.913418684488079,0.797697920229247,"mr_y_smri__thk__dst__gotml"
"co_longi1 - co_longi2","ses-04A",-0.0057382000769971,0.00603981059933039,Inf,-0.950062917144003,0.777718153588252,"mr_y_smri__thk__dst__gotml"
"co_longi1 - co_longi3","ses-04A",-0.00952289628965994,0.00751011090213841,Inf,-1.2680100751839,0.583384351115348,"mr_y_smri__thk__dst__gotml"
"co_longi2 - co_longi3","ses-04A",-0.00378469621266284,0.00904090688009165,Inf,-0.418619090192916,0.975315532026505,"mr_y_smri__thk__dst__gotml"
"co_longi0 - co_longi1","ses-06A",0.0193319300319518,0.00327607207037954,Inf,5.90094772539975,0.0000000216641476979973,"mr_y_smri__thk__dst__gotml"
"co_longi0 - co_longi2","ses-06A",0.0109055628224435,0.00578863737514566,Inf,1.88396026831255,0.234892576683342,"mr_y_smri__thk__dst__gotml"
"co_longi0 - co_longi3","ses-06A",0.00192483387835323,0.00725405843591022,Inf,0.265345791650176,0.993464067186055,"mr_y_smri__thk__dst__gotml"
"co_longi1 - co_longi2","ses-06A",-0.00842636720950835,0.00578816783328504,Inf,-1.4557917897702,0.464493463615085,"mr_y_smri__thk__dst__gotml"
"co_longi1 - co_longi3","ses-06A",-0.0174070961535986,0.00718807444338824,Inf,-2.42166331062557,0.0730313974755407,"mr_y_smri__thk__dst__gotml"
"co_longi2 - co_longi3","ses-06A",-0.00898072894409025,0.0086510431070486,Inf,-1.03810937397515,0.727015654178071,"mr_y_smri__thk__dst__gotml"
"co_longi0 - co_longi1","ses-02A",-0.0293711369636235,0.00449241128305607,Inf,-6.53794479468119,0.000000000374160924465627,"mr_y_smri__thk__dst__gotmp"
"co_longi0 - co_longi2","ses-02A",-0.0472574723938379,0.00839211801015855,Inf,-5.63117348166855,0.000000107210772259947,"mr_y_smri__thk__dst__gotmp"
"co_longi0 - co_longi3","ses-02A",-0.0331605975103323,0.0105893069631922,Inf,-3.13151725845671,0.00942104840174474,"mr_y_smri__thk__dst__gotmp"
"co_longi1 - co_longi2","ses-02A",-0.0178863354302144,0.00852380730154809,Inf,-2.09839744112538,0.153566815004174,"mr_y_smri__thk__dst__gotmp"
"co_longi1 - co_longi3","ses-02A",-0.00378946054670878,0.0106496681100331,Inf,-0.355828980542475,0.984564743418588,"mr_y_smri__thk__dst__gotmp"
"co_longi2 - co_longi3","ses-02A",0.0140968748835056,0.0128102849769451,Inf,1.10043413623319,0.689265025135164,"mr_y_smri__thk__dst__gotmp"
"co_longi0 - co_longi1","ses-04A",-0.0204930335840634,0.00488075514381151,Inf,-4.19874240363138,0.000157492939038439,"mr_y_smri__thk__dst__gotmp"
"co_longi0 - co_longi2","ses-04A",-0.0287161501017448,0.00888961748272759,Inf,-3.23030210889725,0.00678169972744846,"mr_y_smri__thk__dst__gotmp"
"co_longi0 - co_longi3","ses-04A",-0.0213863183067503,0.0111570117795014,Inf,-1.91685002484653,0.220858414239766,"mr_y_smri__thk__dst__gotmp"
"co_longi1 - co_longi2","ses-04A",-0.0082231165176814,0.00896219091087739,Inf,-0.917534183265503,0.795490721489491,"mr_y_smri__thk__dst__gotmp"
"co_longi1 - co_longi3","ses-04A",-0.000893284722686891,0.0111443897695041,Inf,-0.0801555528084015,0.99981547299441,"mr_y_smri__thk__dst__gotmp"
"co_longi2 - co_longi3","ses-04A",0.00732983179499451,0.0134132336885007,Inf,0.546462692384048,0.947526723385899,"mr_y_smri__thk__dst__gotmp"
"co_longi0 - co_longi1","ses-06A",-0.00630483736440122,0.00487087892783781,Inf,-1.29439418589695,0.566485204874083,"mr_y_smri__thk__dst__gotmp"
"co_longi0 - co_longi2","ses-06A",-0.017386527395222,0.00852139603495525,Inf,-2.04033791222723,0.173230714966205,"mr_y_smri__thk__dst__gotmp"
"co_longi0 - co_longi3","ses-06A",-0.0098772965525811,0.0106759239168157,Inf,-0.925193606618286,0.791357618421887,"mr_y_smri__thk__dst__gotmp"
"co_longi1 - co_longi2","ses-06A",-0.0110816900308208,0.00849967336510855,Inf,-1.30377834003733,0.56047753869501,"mr_y_smri__thk__dst__gotmp"
"co_longi1 - co_longi3","ses-06A",-0.00357245918817988,0.0105528625177273,Inf,-0.3385298711301,0.986648866826328,"mr_y_smri__thk__dst__gotmp"
"co_longi2 - co_longi3","ses-06A",0.00750923084264087,0.0126961733051455,Inf,0.591456233477651,0.934701380138168,"mr_y_smri__thk__dst__gotmp"
"co_longi0 - co_longi1","ses-02A",-0.0480464056168111,0.00396470462060931,Inf,-12.1185334632639,0,"mr_y_smri__thk__dst__gpc"
"co_longi0 - co_longi2","ses-02A",-0.0547656698765246,0.00742395842376184,Inf,-7.37688262116828,0.000000000000999089699860178,"mr_y_smri__thk__dst__gpc"
"co_longi0 - co_longi3","ses-02A",-0.0612160129106235,0.00935914796391262,Inf,-6.54076772230364,0.000000000367166297365884,"mr_y_smri__thk__dst__gpc"
"co_longi1 - co_longi2","ses-02A",-0.00671926425971349,0.00754472215821702,Inf,-0.890591345686001,0.8097636526288,"mr_y_smri__thk__dst__gpc"
"co_longi1 - co_longi3","ses-02A",-0.0131696072938124,0.00941868434364621,Inf,-1.39824277078534,0.500403664837995,"mr_y_smri__thk__dst__gpc"
"co_longi2 - co_longi3","ses-02A",-0.00645034303409891,0.0113328002581759,Inf,-0.569174686498633,0.941255089105798,"mr_y_smri__thk__dst__gpc"
"co_longi0 - co_longi1","ses-04A",-0.0465494861153482,0.00426875501916476,Inf,-10.9046984205845,0.0000000000000369704267200177,"mr_y_smri__thk__dst__gpc"
"co_longi0 - co_longi2","ses-04A",-0.0404650002871315,0.00780172009733097,Inf,-5.18667675619059,0.00000127930688220701,"mr_y_smri__thk__dst__gpc"
"co_longi0 - co_longi3","ses-04A",-0.0429552523107492,0.00979032821097583,Inf,-4.38751912960309,0.0000676684412033168,"mr_y_smri__thk__dst__gpc"
"co_longi1 - co_longi2","ses-04A",0.00608448582821665,0.00787162385837582,Inf,0.772964503600161,0.866702867289467,"mr_y_smri__thk__dst__gpc"
"co_longi1 - co_longi3","ses-04A",0.00359423380459896,0.00978795737432587,Inf,0.367209793335099,0.983087545396764,"mr_y_smri__thk__dst__gpc"
"co_longi2 - co_longi3","ses-04A",-0.00249025202361768,0.0117825213162527,Inf,-0.211351370116569,0.996665285939438,"mr_y_smri__thk__dst__gpc"
"co_longi0 - co_longi1","ses-06A",-0.0435166514841328,0.00427280964157964,Inf,-10.1845518837682,0.0000000000000365263375101677,"mr_y_smri__thk__dst__gpc"
"co_longi0 - co_longi2","ses-06A",-0.0388163421167872,0.00753211679991717,Inf,-5.15344399826806,0.00000152789721763469,"mr_y_smri__thk__dst__gpc"
"co_longi0 - co_longi3","ses-06A",-0.0458318234753195,0.00943841796454422,Inf,-4.85587983574033,0.00000713823435105621,"mr_y_smri__thk__dst__gpc"
"co_longi1 - co_longi2","ses-06A",0.00470030936734564,0.00752699877762784,Inf,0.624459961560796,0.924262812092603,"mr_y_smri__thk__dst__gpc"
"co_longi1 - co_longi3","ses-06A",-0.00231517199118671,0.00934698537192337,Inf,-0.247691838498118,0.994665751077439,"mr_y_smri__thk__dst__gpc"
"co_longi2 - co_longi3","ses-06A",-0.00701548135853236,0.0112485203515093,Inf,-0.623680372111436,0.924519440924744,"mr_y_smri__thk__dst__gpc"
"co_longi0 - co_longi1","ses-02A",-0.0208356110001958,0.00318116148325315,Inf,-6.54968668201297,0.00000000034589731079393,"mr_y_smri__thk__dst__gpia"
"co_longi0 - co_longi2","ses-02A",-0.0105643150184837,0.00593353232688264,Inf,-1.78044281828898,0.282730397634295,"mr_y_smri__thk__dst__gpia"
"co_longi0 - co_longi3","ses-02A",-0.0305147385419715,0.00749300444950916,Inf,-4.07243032452362,0.000271678643192774,"mr_y_smri__thk__dst__gpia"
"co_longi1 - co_longi2","ses-02A",0.0102712959817121,0.00602445273030957,Inf,1.70493428059221,0.321015880339263,"mr_y_smri__thk__dst__gpia"
"co_longi1 - co_longi3","ses-02A",-0.00967912754177573,0.00753244665101749,Inf,-1.28499118416833,0.572507242124284,"mr_y_smri__thk__dst__gpia"
"co_longi2 - co_longi3","ses-02A",-0.0199504235234878,0.00905833989252322,Inf,-2.20243706464967,0.122517566832896,"mr_y_smri__thk__dst__gpia"
"co_longi0 - co_longi1","ses-04A",-0.00649913134444133,0.00348192865829804,Inf,-1.86653202355332,0.242558907773216,"mr_y_smri__thk__dst__gpia"
"co_longi0 - co_longi2","ses-04A",0.00928812990502244,0.00632873168370204,Inf,1.46761315998615,0.457210853895028,"mr_y_smri__thk__dst__gpia"
"co_longi0 - co_longi3","ses-04A",-0.00646479805363962,0.00794385673680315,Inf,-0.813811007402589,0.847982828998988,"mr_y_smri__thk__dst__gpia"
"co_longi1 - co_longi2","ses-04A",0.0157872612494638,0.00637776479122752,Inf,2.47535959168309,0.0637973092435964,"mr_y_smri__thk__dst__gpia"
"co_longi1 - co_longi3","ses-04A",0.0000343332908017099,0.00793083886103422,Inf,0.00432908692299828,0.999999970859899,"mr_y_smri__thk__dst__gpia"
"co_longi2 - co_longi3","ses-04A",-0.0157529279586621,0.00954421271505436,Inf,-1.65052146562225,0.350264531671933,"mr_y_smri__thk__dst__gpia"
"co_longi0 - co_longi1","ses-06A",-0.00520184128322353,0.00346419365021982,Inf,-1.50160233764456,0.436482075506325,"mr_y_smri__thk__dst__gpia"
"co_longi0 - co_longi2","ses-06A",0.00620126193415062,0.0060275707512246,Inf,1.02881611682297,0.732526146234954,"mr_y_smri__thk__dst__gpia"
"co_longi0 - co_longi3","ses-06A",-0.00826341024642835,0.0075501385368858,Inf,-1.09447134063274,0.692930706556733,"mr_y_smri__thk__dst__gpia"
"co_longi1 - co_longi2","ses-06A",0.0114031032173742,0.00600473225809075,Inf,1.89901942788701,0.228396345008849,"mr_y_smri__thk__dst__gpia"
"co_longi1 - co_longi3","ses-06A",-0.00306156896320481,0.00745397780004134,Inf,-0.41072955210409,0.976628564008931,"mr_y_smri__thk__dst__gpia"
"co_longi2 - co_longi3","ses-06A",-0.014464672180579,0.00896563465989912,Inf,-1.61334615219997,0.370990579595729,"mr_y_smri__thk__dst__gpia"
"co_longi0 - co_longi1","ses-02A",-0.0262812410259376,0.00325845096677196,Inf,-8.06556283766134,0.0000000000000552891066263328,"mr_y_smri__thk__dst__gpis"
"co_longi0 - co_longi2","ses-02A",-0.0232079431830599,0.0060783855422595,Inf,-3.81810976314491,0.000775397500060171,"mr_y_smri__thk__dst__gpis"
"co_longi0 - co_longi3","ses-02A",-0.0324627067630851,0.00767539537769079,Inf,-4.2294507534349,0.000137606344087216,"mr_y_smri__thk__dst__gpis"
"co_longi1 - co_longi2","ses-02A",0.00307329784287773,0.00617169193997356,Inf,0.497966825429544,0.959549379840652,"mr_y_smri__thk__dst__gpis"
"co_longi1 - co_longi3","ses-02A",-0.00618146573714747,0.0077160507186124,Inf,-0.801117820835047,0.853925553198543,"mr_y_smri__thk__dst__gpis"
"co_longi2 - co_longi3","ses-02A",-0.0092547635800252,0.00927934318027604,Inf,-0.997351148699503,0.750920476883371,"mr_y_smri__thk__dst__gpis"
"co_longi0 - co_longi1","ses-04A",-0.0135717174526087,0.00356427685876311,Inf,-3.80770573959241,0.000808252853144675,"mr_y_smri__thk__dst__gpis"
"co_longi0 - co_longi2","ses-04A",-0.00239137584328446,0.00647936741007763,Inf,-0.369075511841643,0.982837194059236,"mr_y_smri__thk__dst__gpis"
"co_longi0 - co_longi3","ses-04A",-0.01633069801681,0.00813285520833261,Inf,-2.00799074844935,0.184936682292382,"mr_y_smri__thk__dst__gpis"
"co_longi1 - co_longi2","ses-04A",0.0111803416093242,0.00652974024384878,Inf,1.71221843316914,0.317203218909209,"mr_y_smri__thk__dst__gpis"
"co_longi1 - co_longi3","ses-04A",-0.00275898056420125,0.00811981150250661,Inf,-0.339783819285651,0.9865042202902,"mr_y_smri__thk__dst__gpis"
"co_longi2 - co_longi3","ses-04A",-0.0139393221735255,0.00977173426530116,Inf,-1.42649419182664,0.482687313062946,"mr_y_smri__thk__dst__gpis"
"co_longi0 - co_longi1","ses-06A",-0.0100676320468438,0.00354713129565695,Inf,-2.83824623553417,0.0234928655257853,"mr_y_smri__thk__dst__gpis"
"co_longi0 - co_longi2","ses-06A",0.000883243659064686,0.00617454615379577,Inf,0.143045923872756,0.998956717501894,"mr_y_smri__thk__dst__gpis"
"co_longi0 - co_longi3","ses-06A",-0.0138465978395044,0.00773437080728067,Inf,-1.79026816589528,0.277954676690869,"mr_y_smri__thk__dst__gpis"
"co_longi1 - co_longi2","ses-06A",0.0109508757059085,0.00615173138457932,Inf,1.78012904356638,0.282883708874202,"mr_y_smri__thk__dst__gpis"
"co_longi1 - co_longi3","ses-06A",-0.00377896579266057,0.00763656914094137,Inf,-0.494851250989228,0.960258731410156,"mr_y_smri__thk__dst__gpis"
"co_longi2 - co_longi3","ses-06A",-0.014729841498569,0.00918545919345037,Inf,-1.60360426064187,0.37651616262789,"mr_y_smri__thk__dst__gpis"
"co_longi0 - co_longi1","ses-02A",-0.00313795211751428,0.00289360326404066,Inf,-1.08444449054581,0.699071049029937,"mr_y_smri__thk__dst__gprcn"
"co_longi0 - co_longi2","ses-02A",-0.00150237725897477,0.00541181888751241,Inf,-0.27761040977211,0.992533791070347,"mr_y_smri__thk__dst__gprcn"
"co_longi0 - co_longi3","ses-02A",-0.00742032982456057,0.00682540466134107,Inf,-1.08716335407762,0.697409059029295,"mr_y_smri__thk__dst__gprcn"
"co_longi1 - co_longi2","ses-02A",0.00163557485853951,0.0054982839400892,Inf,0.29747006090649,0.990853075875581,"mr_y_smri__thk__dst__gprcn"
"co_longi1 - co_longi3","ses-02A",-0.0042823777070463,0.00686656147789688,Inf,-0.623656792534525,0.924527195387983,"mr_y_smri__thk__dst__gprcn"
"co_longi2 - co_longi3","ses-02A",-0.00591795256558581,0.00826092225813854,Inf,-0.716379162115408,0.890634058854473,"mr_y_smri__thk__dst__gprcn"
"co_longi0 - co_longi1","ses-04A",0.0195021233492551,0.00312890327306512,Inf,6.23289429147183,0.0000000027460950180469,"mr_y_smri__thk__dst__gprcn"
"co_longi0 - co_longi2","ses-04A",0.0294985235931409,0.0057084441555878,Inf,5.16752424813787,0.00000141735052539005,"mr_y_smri__thk__dst__gprcn"
"co_longi0 - co_longi3","ses-04A",0.0219319929631662,0.00716393672145434,Inf,3.06144426115392,0.0118197067171232,"mr_y_smri__thk__dst__gprcn"
"co_longi1 - co_longi2","ses-04A",0.00999640024388575,0.0057572096668623,Inf,1.73632728740515,0.304763336243318,"mr_y_smri__thk__dst__gprcn"
"co_longi1 - co_longi3","ses-04A",0.00242986961391111,0.00715891297232454,Inf,0.339418794907088,0.986546429361599,"mr_y_smri__thk__dst__gprcn"
"co_longi2 - co_longi3","ses-04A",-0.00756653062997464,0.00861708683280206,Inf,-0.878084528656675,0.816243463305282,"mr_y_smri__thk__dst__gprcn"
"co_longi0 - co_longi1","ses-06A",0.0196625267445325,0.00312776607312432,Inf,6.28644415369964,0.00000000194812599385585,"mr_y_smri__thk__dst__gprcn"
"co_longi0 - co_longi2","ses-06A",0.0238188417334246,0.00549302269190911,Inf,4.33619940593151,0.000085439103824414,"mr_y_smri__thk__dst__gprcn"
"co_longi0 - co_longi3","ses-06A",0.0164840933765306,0.00688261660306147,Inf,2.39503292529737,0.0779996024585561,"mr_y_smri__thk__dst__gprcn"
"co_longi1 - co_longi2","ses-06A",0.00415631498889211,0.00548414601791721,Inf,0.757878250380833,0.873315293422344,"mr_y_smri__thk__dst__gprcn"
"co_longi1 - co_longi3","ses-06A",-0.00317843336800193,0.00680958912796567,Inf,-0.466758464904837,0.966316915119369,"mr_y_smri__thk__dst__gprcn"
"co_longi2 - co_longi3","ses-06A",-0.00733474835689403,0.00819386302356838,Inf,-0.895151448809526,0.807377704774115,"mr_y_smri__thk__dst__gprcn"
"co_longi0 - co_longi1","ses-02A",-0.0474532463525444,0.00429868874578561,Inf,-11.0390049521653,0.0000000000000239808173319034,"mr_y_smri__thk__dst__gprct"
"co_longi0 - co_longi2","ses-02A",-0.0512155382977189,0.00801770572171792,Inf,-6.38780470066257,0.00000000100939467895245,"mr_y_smri__thk__dst__gprct"
"co_longi0 - co_longi3","ses-02A",-0.0469745240211976,0.0101251433903693,Inf,-4.6393934594426,0.0000207410231566341,"mr_y_smri__thk__dst__gprct"
"co_longi1 - co_longi2","ses-02A",-0.00376229194517448,0.008140502408633,Inf,-0.462169502116303,0.967249247827118,"mr_y_smri__thk__dst__gprct"
"co_longi1 - co_longi3","ses-02A",0.000478722331346827,0.010178349611343,Inf,0.047033394374008,0.999962660893911,"mr_y_smri__thk__dst__gprct"
"co_longi2 - co_longi3","ses-02A",0.00424101427652131,0.0122401639868829,Inf,0.346483452433003,0.985714491360065,"mr_y_smri__thk__dst__gprct"
"co_longi0 - co_longi1","ses-04A",-0.0375454687085526,0.00470593741862423,Inf,-7.97831874260855,0.0000000000000629496454962464,"mr_y_smri__thk__dst__gprct"
"co_longi0 - co_longi2","ses-04A",-0.036699613014021,0.00855313851834472,Inf,-4.2907773486081,0.000104793575858131,"mr_y_smri__thk__dst__gprct"
"co_longi0 - co_longi3","ses-04A",-0.0329886200680432,0.0107359731264609,Inf,-3.07271820443891,0.0114002209728168,"mr_y_smri__thk__dst__gprct"
"co_longi1 - co_longi2","ses-04A",0.000845855694531605,0.00861934490408794,Inf,0.0981345686875155,0.999661776765068,"mr_y_smri__thk__dst__gprct"
"co_longi1 - co_longi3","ses-04A",0.00455684864050937,0.0107182786657207,Inf,0.425147431096668,0.974195162620297,"mr_y_smri__thk__dst__gprct"
"co_longi2 - co_longi3","ses-04A",0.00371099294597776,0.0128986637669871,Inf,0.287703673265419,0.99170711120865,"mr_y_smri__thk__dst__gprct"
"co_longi0 - co_longi1","ses-06A",-0.0266213353847442,0.00468159490907517,Inf,-5.68638165022338,0.0000000777377370253518,"mr_y_smri__thk__dst__gprct"
"co_longi0 - co_longi2","ses-06A",-0.0244787971456344,0.00814483649115471,Inf,-3.00543751519362,0.0141150583478177,"mr_y_smri__thk__dst__gprct"
"co_longi0 - co_longi3","ses-06A",-0.0130259913760691,0.010202178638162,Inf,-1.27678526695704,0.577763515528793,"mr_y_smri__thk__dst__gprct"
"co_longi1 - co_longi2","ses-06A",0.00214253823910986,0.0081137662715143,Inf,0.264062109680415,0.993556834504337,"mr_y_smri__thk__dst__gprct"
"co_longi1 - co_longi3","ses-06A",0.0135953440086752,0.0100719865174992,Inf,1.34981753451063,0.531078164691394,"mr_y_smri__thk__dst__gprct"
"co_longi2 - co_longi3","ses-06A",0.0114528057695653,0.0121144971729238,Inf,0.945380200769922,0.780311437314163,"mr_y_smri__thk__dst__gprct"
"co_longi0 - co_longi1","ses-02A",-0.00673260751829366,0.00310179189243945,Inf,-2.1705542317988,0.131476788104142,"mr_y_smri__thk__dst__gps"
"co_longi0 - co_longi2","ses-02A",0.00389573062941305,0.00579309294201341,Inf,0.672478530623933,0.907523312789996,"mr_y_smri__thk__dst__gps"
"co_longi0 - co_longi3","ses-02A",-0.0111075372057027,0.00731054073443812,Inf,-1.51938654187068,0.425771556891225,"mr_y_smri__thk__dst__gps"
"co_longi1 - co_longi2","ses-02A",0.0106283381477067,0.00588369467256205,Inf,1.80640545425832,0.270216588412116,"mr_y_smri__thk__dst__gps"
"co_longi1 - co_longi3","ses-02A",-0.00437492968740903,0.00735176504547405,Inf,-0.595085623703706,0.93359617727567,"mr_y_smri__thk__dst__gps"
"co_longi2 - co_longi3","ses-02A",-0.0150032678351157,0.00884302199368957,Inf,-1.69662224585918,0.325396788972262,"mr_y_smri__thk__dst__gps"
"co_longi0 - co_longi1","ses-04A",0.0087740733514758,0.00337311072403225,Inf,2.60118154111086,0.045882886135362,"mr_y_smri__thk__dst__gps"
"co_longi0 - co_longi2","ses-04A",0.0265352243932255,0.00614179540513039,Inf,4.32043444023875,0.0000917352902811697,"mr_y_smri__thk__dst__gps"
"co_longi0 - co_longi3","ses-04A",0.0129536805079532,0.00770843871419368,Inf,1.68045449775729,0.33400923013189,"mr_y_smri__thk__dst__gps"
"co_longi1 - co_longi2","ses-04A",0.0177611510417497,0.00619153555077312,Inf,2.86861811518338,0.0214650837931297,"mr_y_smri__thk__dst__gps"
"co_longi1 - co_longi3","ses-04A",0.00417960715647736,0.00769913160468262,Inf,0.542867348044203,0.948481834135868,"mr_y_smri__thk__dst__gps"
"co_longi2 - co_longi3","ses-04A",-0.0135815438852723,0.00926641467430036,Inf,-1.46567408891592,0.45840297130481,"mr_y_smri__thk__dst__gps"
"co_longi0 - co_longi1","ses-06A",0.00000172285598647804,0.00336507502674031,Inf,0.000511981448492974,0.999999999951801,"mr_y_smri__thk__dst__gps"
"co_longi0 - co_longi2","ses-06A",0.0113058677600829,0.00588273485626279,Inf,1.92187274054118,0.218765202307899,"mr_y_smri__thk__dst__gps"
"co_longi0 - co_longi3","ses-06A",0.00154685807314248,0.00736994204729102,Inf,0.209887413390321,0.996733349607179,"mr_y_smri__thk__dst__gps"
"co_longi1 - co_longi2","ses-06A",0.0113041449040964,0.00586671871844145,Inf,1.92682578569226,0.216714013543253,"mr_y_smri__thk__dst__gps"
"co_longi1 - co_longi3","ses-06A",0.001545135217156,0.00728373727595199,Inf,0.212134946472798,0.996628476376977,"mr_y_smri__thk__dst__gps"
"co_longi2 - co_longi3","ses-06A",-0.00975900968694041,0.00876280957482396,Inf,-1.11368501205123,0.68108322426829,"mr_y_smri__thk__dst__gps"
"co_longi0 - co_longi1","ses-02A",0.00552877767951997,0.00326250449922423,Inf,1.69464216243522,0.326445124055642,"mr_y_smri__thk__dst__gr"
"co_longi0 - co_longi2","ses-02A",0.00555096580378787,0.00607372763050513,Inf,0.913930643828724,0.797423870498039,"mr_y_smri__thk__dst__gr"
"co_longi0 - co_longi3","ses-02A",0.00992190681677915,0.00768871124949023,Inf,1.29045122060436,0.569010220460511,"mr_y_smri__thk__dst__gr"
"co_longi1 - co_longi2","ses-02A",0.0000221881242678966,0.00616412240092482,Inf,0.00359955932487123,0.999999983248602,"mr_y_smri__thk__dst__gr"
"co_longi1 - co_longi3","ses-02A",0.00439312913725918,0.00772449305510663,Inf,0.568727178070915,0.941382642666489,"mr_y_smri__thk__dst__gr"
"co_longi2 - co_longi3","ses-02A",0.00437094101299128,0.00928206978164724,Inf,0.470901546294516,0.965461448072613,"mr_y_smri__thk__dst__gr"
"co_longi0 - co_longi1","ses-04A",0.0200213379079992,0.00364530295514327,Inf,5.49236597187362,0.000000237419158333196,"mr_y_smri__thk__dst__gr"
"co_longi0 - co_longi2","ses-04A",0.0224750182795573,0.00661333214646332,Inf,3.39844087395134,0.00378422012948454,"mr_y_smri__thk__dst__gr"
"co_longi0 - co_longi3","ses-04A",0.0233645892443957,0.0083037556756431,Inf,2.81373756129767,0.0252492910803952,"mr_y_smri__thk__dst__gr"
"co_longi1 - co_longi2","ses-04A",0.00245368037155806,0.00666493144857865,Inf,0.368147878262322,0.982961958881217,"mr_y_smri__thk__dst__gr"
"co_longi1 - co_longi3","ses-04A",0.00334325133639643,0.00828794959184076,Inf,0.403387025867985,0.977810687398704,"mr_y_smri__thk__dst__gr"
"co_longi2 - co_longi3","ses-04A",0.000889570964838367,0.00997073594664854,Inf,0.0892181850565783,0.999745686505967,"mr_y_smri__thk__dst__gr"
"co_longi0 - co_longi1","ses-06A",0.0214742810050952,0.00358413839799987,Inf,5.9914765057842,0.0000000124666938994267,"mr_y_smri__thk__dst__gr"
"co_longi0 - co_longi2","ses-06A",0.0149353463359335,0.00616933831247059,Inf,2.42089922443441,0.0731702682196114,"mr_y_smri__thk__dst__gr"
"co_longi0 - co_longi3","ses-06A",0.0271509212277249,0.0077226949503392,Inf,3.51573141271524,0.00247498712131666,"mr_y_smri__thk__dst__gr"
"co_longi1 - co_longi2","ses-06A",-0.0065389346691617,0.00613487178294469,Inf,-1.06586329763897,0.710366287934361,"mr_y_smri__thk__dst__gr"
"co_longi1 - co_longi3","ses-06A",0.00567664022262967,0.00761138042321076,Inf,0.745809551880873,0.878484795937513,"mr_y_smri__thk__dst__gr"
"co_longi2 - co_longi3","ses-06A",0.0122155748917914,0.00914764887985546,Inf,1.33537863687488,0.540280509767532,"mr_y_smri__thk__dst__gr"
"co_longi0 - co_longi1","ses-02A",-0.00392635289097793,0.0026032258262515,Inf,-1.5082644200068,0.43245839522237,"mr_y_smri__thk__dst__gsca"
"co_longi0 - co_longi2","ses-02A",-0.00482962013566634,0.00484899397862154,Inf,-0.99600456444355,0.75169814748048,"mr_y_smri__thk__dst__gsca"
"co_longi0 - co_longi3","ses-02A",-0.00791430148328249,0.00613021302633389,Inf,-1.29103204885125,0.568638244914539,"mr_y_smri__thk__dst__gsca"
"co_longi1 - co_longi2","ses-02A",-0.000903267244688412,0.00492173308181585,Inf,-0.183526255827582,0.997807589892442,"mr_y_smri__thk__dst__gsca"
"co_longi1 - co_longi3","ses-02A",-0.00398794859230456,0.00615999603067659,Inf,-0.647394669159639,0.916496054414824,"mr_y_smri__thk__dst__gsca"
"co_longi2 - co_longi3","ses-02A",-0.00308468134761615,0.0074052397262396,Inf,-0.416553880988611,0.975663551848991,"mr_y_smri__thk__dst__gsca"
"co_longi0 - co_longi1","ses-04A",0.00687340953802346,0.00287716893066168,Inf,2.38894889513587,0.0791722076651983,"mr_y_smri__thk__dst__gsca"
"co_longi0 - co_longi2","ses-04A",0.0119899096310997,0.00522108518331738,Inf,2.29644014800034,0.0988144604033304,"mr_y_smri__thk__dst__gsca"
"co_longi0 - co_longi3","ses-04A",0.0109081117288786,0.00655453575269599,Inf,1.6642081362348,0.342782681416963,"mr_y_smri__thk__dst__gsca"
"co_longi1 - co_longi2","ses-04A",0.00511650009307627,0.00526048539342073,Inf,0.972628894564646,0.765064955336802,"mr_y_smri__thk__dst__gsca"
"co_longi1 - co_longi3","ses-04A",0.00403470219085511,0.00654156431978305,Inf,0.616779411409796,0.92676993551968,"mr_y_smri__thk__dst__gsca"
"co_longi2 - co_longi3","ses-04A",-0.00108179790222116,0.00787104236528917,Inf,-0.137440233709302,0.999074081463983,"mr_y_smri__thk__dst__gsca"
"co_longi0 - co_longi1","ses-06A",0.00720862397384419,0.002848402155295,Inf,2.5307606092222,0.0553009517773013,"mr_y_smri__thk__dst__gsca"
"co_longi0 - co_longi2","ses-06A",0.0117869731271805,0.00492686817412228,Inf,2.39238654467964,0.0785079141704504,"mr_y_smri__thk__dst__gsca"
"co_longi0 - co_longi3","ses-06A",0.0131529713605888,0.00616965816538043,Inf,2.13188008282106,0.142998512747119,"mr_y_smri__thk__dst__gsca"
"co_longi1 - co_longi2","ses-06A",0.00457834915333632,0.00490244491187311,Inf,0.933890994317575,0.786625250143373,"mr_y_smri__thk__dst__gsca"
"co_longi1 - co_longi3","ses-06A",0.00594434738674465,0.00608417666559766,Inf,0.977017551176042,0.762575001431589,"mr_y_smri__thk__dst__gsca"
"co_longi2 - co_longi3","ses-06A",0.00136599823340833,0.0073154097884619,Inf,0.186728874103926,0.997691823402224,"mr_y_smri__thk__dst__gsca"
"co_longi0 - co_longi1","ses-02A",-0.0184177539709886,0.00281890452542437,Inf,-6.53365653390331,0.000000000385035558991831,"mr_y_smri__thk__dst__gscma"
"co_longi0 - co_longi2","ses-02A",-0.0253209699333567,0.00525151328081419,Inf,-4.82165207995645,0.00000847560294225946,"mr_y_smri__thk__dst__gscma"
"co_longi0 - co_longi3","ses-02A",-0.0142598336473789,0.00663799139219506,Inf,-2.14821514594695,0.138043377404702,"mr_y_smri__thk__dst__gscma"
"co_longi1 - co_longi2","ses-02A",-0.00690321596236808,0.00533047295690991,Inf,-1.2950475535983,0.56606683475041,"mr_y_smri__thk__dst__gscma"
"co_longi1 - co_longi3","ses-02A",0.00415792032360966,0.00667054978105008,Inf,0.623324982210855,0.924636268567681,"mr_y_smri__thk__dst__gscma"
"co_longi2 - co_longi3","ses-02A",0.0110611362859777,0.00801942593549667,Inf,1.3792927791773,0.512367079488097,"mr_y_smri__thk__dst__gscma"
"co_longi0 - co_longi1","ses-04A",-0.00409170105958826,0.00311115593180497,Inf,-1.31517067909046,0.553189134483452,"mr_y_smri__thk__dst__gscma"
"co_longi0 - co_longi2","ses-04A",-0.00151324994150358,0.00564656823646945,Inf,-0.267994625785263,0.993269916352051,"mr_y_smri__thk__dst__gscma"
"co_longi0 - co_longi3","ses-04A",0.0121777305637657,0.00708852870345461,Inf,1.71794896701637,0.314221286930763,"mr_y_smri__thk__dst__gscma"
"co_longi1 - co_longi2","ses-04A",0.00257845111808467,0.00568920492784615,Inf,0.453218182643465,0.969022144953638,"mr_y_smri__thk__dst__gscma"
"co_longi1 - co_longi3","ses-04A",0.016269431623354,0.00707468500630604,Inf,2.29966869321421,0.098069504441948,"mr_y_smri__thk__dst__gscma"
"co_longi2 - co_longi3","ses-04A",0.0136909805052693,0.00851270558338352,Inf,1.60829954368369,0.373848249233411,"mr_y_smri__thk__dst__gscma"
"co_longi0 - co_longi1","ses-06A",-0.00320766064069563,0.00308246471356438,Inf,-1.04061552645853,0.725523883334448,"mr_y_smri__thk__dst__gscma"
"co_longi0 - co_longi2","ses-06A",-0.000461994779405409,0.00533583553503173,Inf,-0.0865833994268081,0.999767518424053,"mr_y_smri__thk__dst__gscma"
"co_longi0 - co_longi3","ses-06A",0.00786851825302727,0.00668207704330785,Inf,1.17755575130754,0.641066235687666,"mr_y_smri__thk__dst__gscma"
"co_longi1 - co_longi2","ses-06A",0.00274566586129023,0.00531010911501651,Inf,0.517063925019117,0.955035962974006,"mr_y_smri__thk__dst__gscma"
"co_longi1 - co_longi3","ses-06A",0.0110761788937229,0.00659035008697328,Inf,1.68066623890231,0.333895667206132,"mr_y_smri__thk__dst__gscma"
"co_longi2 - co_longi3","ses-06A",0.00833051303243268,0.00792444464988243,Inf,1.0512425034802,0.719172008263894,"mr_y_smri__thk__dst__gscma"
"co_longi0 - co_longi1","ses-02A",-0.0145137643852179,0.00235203572951038,Inf,-6.17072445078854,0.00000000407647737787897,"mr_y_smri__thk__dst__gscmp"
"co_longi0 - co_longi2","ses-02A",-0.0128400185944815,0.00438213696296692,Inf,-2.93008153396195,0.0178258372939565,"mr_y_smri__thk__dst__gscmp"
"co_longi0 - co_longi3","ses-02A",-0.00863268188680858,0.00553859416976772,Inf,-1.55864134872525,0.402495809346963,"mr_y_smri__thk__dst__gscmp"
"co_longi1 - co_longi2","ses-02A",0.00167374579073648,0.00444811530008783,Inf,0.376282015599602,0.981848271674741,"mr_y_smri__thk__dst__gscmp"
"co_longi1 - co_longi3","ses-02A",0.00588108249840936,0.00556590972332971,Inf,1.05662556360887,0.715938705892429,"mr_y_smri__thk__dst__gscmp"
"co_longi2 - co_longi3","ses-02A",0.00420733670767288,0.006691603086942,Inf,0.62874869489541,0.922842341500356,"mr_y_smri__thk__dst__gscmp"
"co_longi0 - co_longi1","ses-04A",0.00620782406070905,0.00259390105511204,Inf,2.39323857341232,0.0783439665274501,"mr_y_smri__thk__dst__gscmp"
"co_longi0 - co_longi2","ses-04A",0.0121102672056793,0.00470823031320124,Inf,2.57214842946908,0.0495877513033661,"mr_y_smri__thk__dst__gscmp"
"co_longi0 - co_longi3","ses-04A",0.0228813615249219,0.00591049683218795,Inf,3.87130932890657,0.000626058535238672,"mr_y_smri__thk__dst__gscmp"
"co_longi1 - co_longi2","ses-04A",0.00590244314497025,0.0047438099511189,Inf,1.2442410648382,0.598600686534365,"mr_y_smri__thk__dst__gscmp"
"co_longi1 - co_longi3","ses-04A",0.0166735374642129,0.00589905703239447,Inf,2.82647504044303,0.024322670837037,"mr_y_smri__thk__dst__gscmp"
"co_longi2 - co_longi3","ses-04A",0.0107710943192426,0.00709820452325042,Inf,1.51743927410961,0.42693948210848,"mr_y_smri__thk__dst__gscmp"
"co_longi0 - co_longi1","ses-06A",0.00567455725142526,0.00257104759050949,Inf,2.20709926660703,0.121247531560448,"mr_y_smri__thk__dst__gscmp"
"co_longi0 - co_longi2","ses-06A",0.00949144744697351,0.00445247484518116,Inf,2.13172399103971,0.143046492868959,"mr_y_smri__thk__dst__gscmp"
"co_longi0 - co_longi3","ses-06A",0.0105624261745963,0.00557597213033366,Inf,1.89427528110048,0.230430054213381,"mr_y_smri__thk__dst__gscmp"
"co_longi1 - co_longi2","ses-06A",0.00381689019554825,0.00443135709846515,Inf,0.861336631360689,0.824770178788788,"mr_y_smri__thk__dst__gscmp"
"co_longi1 - co_longi3","ses-06A",0.00488786892317101,0.00549984361033645,Inf,0.888728711119114,0.810734662459436,"mr_y_smri__thk__dst__gscmp"
"co_longi2 - co_longi3","ses-06A",0.00107097872762276,0.00661337758572464,Inf,0.161941264314702,0.998489532919878,"mr_y_smri__thk__dst__gscmp"
"co_longi0 - co_longi1","ses-02A",0.00531465681882681,0.00337232691218966,Inf,1.57596133388385,0.392398059349816,"mr_y_smri__thk__dst__gsfm"
"co_longi0 - co_longi2","ses-02A",0.00138087132809115,0.00627874016710244,Inf,0.219928089288715,0.996247805483777,"mr_y_smri__thk__dst__gsfm"
"co_longi0 - co_longi3","ses-02A",-0.00145018384961382,0.00794385158358155,Inf,-0.182554247691519,0.997841953468731,"mr_y_smri__thk__dst__gsfm"
"co_longi1 - co_longi2","ses-02A",-0.00393378549073566,0.00637227986891134,Inf,-0.617327796590912,0.926592493493652,"mr_y_smri__thk__dst__gsfm"
"co_longi1 - co_longi3","ses-02A",-0.00676484066844063,0.00798121483094006,Inf,-0.847595361324692,0.83163392985436,"mr_y_smri__thk__dst__gsfm"
"co_longi2 - co_longi3","ses-02A",-0.00283105517770496,0.00959225021040203,Inf,-0.295139838474492,0.991061758172904,"mr_y_smri__thk__dst__gsfm"
"co_longi0 - co_longi1","ses-04A",0.0142009727132728,0.00375123248298454,Inf,3.78568184661653,0.000882145375791232,"mr_y_smri__thk__dst__gsfm"
"co_longi0 - co_longi2","ses-04A",0.0192527175231724,0.00680479708500767,Inf,2.82928605844692,0.0241222187838404,"mr_y_smri__thk__dst__gsfm"
"co_longi0 - co_longi3","ses-04A",0.0159916091095328,0.00854357950526192,Inf,1.87176921566467,0.240238502792905,"mr_y_smri__thk__dst__gsfm"
"co_longi1 - co_longi2","ses-04A",0.00505174480989959,0.00685674662789745,Inf,0.736755357029819,0.882291973071943,"mr_y_smri__thk__dst__gsfm"
"co_longi1 - co_longi3","ses-04A",0.00179063639626001,0.00852653856676476,Inf,0.210007423556337,0.99672780456719,"mr_y_smri__thk__dst__gsfm"
"co_longi2 - co_longi3","ses-04A",-0.00326110841363958,0.0102584177344764,Inf,-0.317895848857828,0.988888608673012,"mr_y_smri__thk__dst__gsfm"
"co_longi0 - co_longi1","ses-06A",0.0171080489775312,0.00369936183009568,Inf,4.624594663423,0.0000222720952226529,"mr_y_smri__thk__dst__gsfm"
"co_longi0 - co_longi2","ses-06A",0.0181577277853411,0.00637887303712841,Inf,2.84654165079844,0.0229230420307489,"mr_y_smri__thk__dst__gsfm"
"co_longi0 - co_longi3","ses-06A",0.0164084880100838,0.00798624955275806,Inf,2.05459244689106,0.168243674732373,"mr_y_smri__thk__dst__gsfm"
"co_longi1 - co_longi2","ses-06A",0.00104967880780993,0.00634429012002437,Inf,0.165452523127346,0.998389828791398,"mr_y_smri__thk__dst__gsfm"
"co_longi1 - co_longi3","ses-06A",-0.000699560967447387,0.00787220629765176,Inf,-0.0888646639832169,0.999748691714281,"mr_y_smri__thk__dst__gsfm"
"co_longi2 - co_longi3","ses-06A",-0.00174923977525732,0.00946286443303053,Inf,-0.184853094708989,0.99776010338352,"mr_y_smri__thk__dst__gsfm"
"co_longi0 - co_longi1","ses-02A",-0.00847357430113798,0.00384465153022254,Inf,-2.20399020158987,0.122093349957571,"mr_y_smri__thk__dst__gsoi"
"co_longi0 - co_longi2","ses-02A",-0.0180901182028982,0.00716123008478859,Inf,-2.5261188355509,0.0559746443923792,"mr_y_smri__thk__dst__gsoi"
"co_longi0 - co_longi3","ses-02A",-0.0175528193805551,0.0090536257674163,Inf,-1.93876131303407,0.211824188217142,"mr_y_smri__thk__dst__gsoi"
"co_longi1 - co_longi2","ses-02A",-0.00961654390176025,0.0072686194661594,Inf,-1.32302206031449,0.548170304820871,"mr_y_smri__thk__dst__gsoi"
"co_longi1 - co_longi3","ses-02A",-0.00907924507941712,0.00909755120028919,Inf,-0.997987796884123,0.750552521479108,"mr_y_smri__thk__dst__gsoi"
"co_longi2 - co_longi3","ses-02A",0.000537298822343131,0.0109365332793747,Inf,0.0491288060501244,0.999957447922534,"mr_y_smri__thk__dst__gsoi"
"co_longi0 - co_longi1","ses-04A",0.00898949379191028,0.00425014595151567,Inf,2.11510237400306,0.148224524698423,"mr_y_smri__thk__dst__gsoi"
"co_longi0 - co_longi2","ses-04A",-0.00535223210174885,0.00771240861124679,Inf,-0.693976729130228,0.899439496835864,"mr_y_smri__thk__dst__gsoi"
"co_longi0 - co_longi3","ses-04A",0.0105048310640541,0.00968216894623466,Inf,1.08496671793145,0.698751998268651,"mr_y_smri__thk__dst__gsoi"
"co_longi1 - co_longi2","ses-04A",-0.0143417258936591,0.0077706096696389,Inf,-1.84563715118708,0.251958723681587,"mr_y_smri__thk__dst__gsoi"
"co_longi1 - co_longi3","ses-04A",0.00151533727214378,0.00966297633856263,Inf,0.156818895033037,0.998627541467991,"mr_y_smri__thk__dst__gsoi"
"co_longi2 - co_longi3","ses-04A",0.0158570631658029,0.0116267961208261,Inf,1.36383772459891,0.522164148418131,"mr_y_smri__thk__dst__gsoi"
"co_longi0 - co_longi1","ses-06A",0.0195581922673242,0.00420714024170997,Inf,4.64880920141965,0.0000198198923492265,"mr_y_smri__thk__dst__gsoi"
"co_longi0 - co_longi2","ses-06A",0.0077658758481845,0.00727623577707535,Inf,1.06729304630999,0.709501204153002,"mr_y_smri__thk__dst__gsoi"
"co_longi0 - co_longi3","ses-06A",0.0182367404954776,0.00911158663766159,Inf,2.00148900742472,0.187355142053405,"mr_y_smri__thk__dst__gsoi"
"co_longi1 - co_longi2","ses-06A",-0.0117923164191397,0.00724002333913831,Inf,-1.62876773551164,0.36232244736809,"mr_y_smri__thk__dst__gsoi"
"co_longi1 - co_longi3","ses-06A",-0.00132145177184657,0.00898517640785692,Inf,-0.147070208960066,0.99886666116534,"mr_y_smri__thk__dst__gsoi"
"co_longi2 - co_longi3","ses-06A",0.0104708646472931,0.0108033847009392,Inf,0.969220752305791,0.766992179932461,"mr_y_smri__thk__dst__gsoi"
"co_longi0 - co_longi1","ses-02A",-0.0410242558105217,0.00360820980606367,Inf,-11.3696979985974,0,"mr_y_smri__thk__dst__gspc"
"co_longi0 - co_longi2","ses-02A",-0.0441429241320854,0.00673731277581326,Inf,-6.5520075438025,0.000000000340563355294421,"mr_y_smri__thk__dst__gspc"
"co_longi0 - co_longi3","ses-02A",-0.0397199035772069,0.00850304775301215,Inf,-4.67125491129182,0.0000177793836058093,"mr_y_smri__thk__dst__gspc"
"co_longi1 - co_longi2","ses-02A",-0.00311866832156372,0.0068422962889566,Inf,-0.455792644729112,0.968518419948377,"mr_y_smri__thk__dst__gspc"
"co_longi1 - co_longi3","ses-02A",0.00130435223331484,0.00855042668648922,Inf,0.152548203866351,0.998736020248082,"mr_y_smri__thk__dst__gspc"
"co_longi2 - co_longi3","ses-02A",0.00442302055487856,0.0102844570889287,Inf,0.430068453456817,0.973330191072896,"mr_y_smri__thk__dst__gspc"
"co_longi0 - co_longi1","ses-04A",-0.0248297883004475,0.00392800856324153,Inf,-6.321215420151,0.00000000155650492494885,"mr_y_smri__thk__dst__gspc"
"co_longi0 - co_longi2","ses-04A",-0.021089391853467,0.00714981816453846,Inf,-2.94964030806627,0.0167879775082986,"mr_y_smri__thk__dst__gspc"
"co_longi0 - co_longi3","ses-04A",-0.0120755294678838,0.00897373352265937,Inf,-1.34565278068399,0.533730370521399,"mr_y_smri__thk__dst__gspc"
"co_longi1 - co_longi2","ses-04A",0.00374039644698049,0.00720722666680194,Inf,0.518978605766567,0.954567685043886,"mr_y_smri__thk__dst__gspc"
"co_longi1 - co_longi3","ses-04A",0.0127542588325638,0.00896216477178277,Inf,1.42312255547012,0.484793349564783,"mr_y_smri__thk__dst__gspc"
"co_longi2 - co_longi3","ses-04A",0.00901386238558329,0.0107863572011491,Inf,0.835672527572427,0.837490296103132,"mr_y_smri__thk__dst__gspc"
"co_longi0 - co_longi1","ses-06A",-0.0212500642429758,0.00391701906645102,Inf,-5.42506020074833,0.000000346723721733611,"mr_y_smri__thk__dst__gspc"
"co_longi0 - co_longi2","ses-06A",-0.0165962324621865,0.00684206192203714,Inf,-2.42561857102357,0.0723159663634363,"mr_y_smri__thk__dst__gspc"
"co_longi0 - co_longi3","ses-06A",-0.0129546302269336,0.00857157113093602,Inf,-1.51134838981602,0.43060037896334,"mr_y_smri__thk__dst__gspc"
"co_longi1 - co_longi2","ses-06A",0.00465383178078933,0.00682213331168699,Inf,0.68216664321362,0.903925074084335,"mr_y_smri__thk__dst__gspc"
"co_longi1 - co_longi3","ses-06A",0.00829543401604222,0.00846971715276406,Inf,0.979422791389797,0.7612064519991,"mr_y_smri__thk__dst__gspc"
"co_longi2 - co_longi3","ses-06A",0.00364160223525289,0.0101892604721112,Inf,0.357396127542352,0.984366390384263,"mr_y_smri__thk__dst__gspc"
"co_longi0 - co_longi1","ses-02A",-0.0256758404647994,0.00329804320318655,Inf,-7.78517408140427,0.0000000000000650590692430342,"mr_y_smri__thk__dst__gssc"
"co_longi0 - co_longi2","ses-02A",-0.0375341743905655,0.00615897043277356,Inf,-6.09422870271237,0.00000000659376997447225,"mr_y_smri__thk__dst__gssc"
"co_longi0 - co_longi3","ses-02A",-0.0268636834425327,0.00777264363056033,Inf,-3.45618359973569,0.00307592900572884,"mr_y_smri__thk__dst__gssc"
"co_longi1 - co_longi2","ses-02A",-0.011858333925766,0.00625513661608135,Inf,-1.89577536888313,0.229785724155809,"mr_y_smri__thk__dst__gssc"
"co_longi1 - co_longi3","ses-02A",-0.00118784297773326,0.00781624079826321,Inf,-0.151971134000529,0.998750228261425,"mr_y_smri__thk__dst__gssc"
"co_longi2 - co_longi3","ses-02A",0.0106704909480328,0.00940156517748143,Inf,1.13496962969428,0.66784593481863,"mr_y_smri__thk__dst__gssc"
"co_longi0 - co_longi1","ses-04A",-0.00843435639229802,0.0035882228744587,Inf,-2.35056647465645,0.0869017006178909,"mr_y_smri__thk__dst__gssc"
"co_longi0 - co_longi2","ses-04A",-0.00856242191767948,0.00653251415979632,Inf,-1.31073912864606,0.556023516216994,"mr_y_smri__thk__dst__gssc"
"co_longi0 - co_longi3","ses-04A",0.00549108974486049,0.00819888091899955,Inf,0.669736491980973,0.908528347512228,"mr_y_smri__thk__dst__gssc"
"co_longi1 - co_longi2","ses-04A",-0.000128065525381454,0.00658521435316796,Inf,-0.0194474345880396,0.999997358622029,"mr_y_smri__thk__dst__gssc"
"co_longi1 - co_longi3","ses-04A",0.0139254461371585,0.00818868008487093,Inf,1.70057274100701,0.32331065617632,"mr_y_smri__thk__dst__gssc"
"co_longi2 - co_longi3","ses-04A",0.01405351166254,0.00985553700701372,Inf,1.42595087944358,0.483026522855314,"mr_y_smri__thk__dst__gssc"
"co_longi0 - co_longi1","ses-06A",-0.0000159548493838815,0.00357901900672484,Inf,-0.00445788339036561,0.999999968180888,"mr_y_smri__thk__dst__gssc"
"co_longi0 - co_longi2","ses-06A",-0.00802380443020266,0.00625447864041727,Inf,-1.28288941277244,0.573853483195129,"mr_y_smri__thk__dst__gssc"
"co_longi0 - co_longi3","ses-06A",0.00429639526923545,0.0078355754546894,Inf,0.548319047411401,0.947029552974611,"mr_y_smri__thk__dst__gssc"
"co_longi1 - co_longi2","ses-06A",-0.00800784958081878,0.00623691890236159,Inf,-1.28394319473781,0.573178501908891,"mr_y_smri__thk__dst__gssc"
"co_longi1 - co_longi3","ses-06A",0.00431235011861933,0.00774327264455868,Inf,0.556915701741392,0.944691393593187,"mr_y_smri__thk__dst__gssc"
"co_longi2 - co_longi3","ses-06A",0.0123201996994381,0.00931551506494397,Inf,1.32254626969595,0.548474330104948,"mr_y_smri__thk__dst__gssc"
"co_longi0 - co_longi1","ses-02A",0.00296929152126404,0.0038599710011746,Inf,0.769252287221971,0.868345328729693,"mr_y_smri__thk__dst__gstf"
"co_longi0 - co_longi2","ses-02A",0.00354427888534115,0.00719088436403529,Inf,0.492884978524702,0.960702534531028,"mr_y_smri__thk__dst__gstf"
"co_longi0 - co_longi3","ses-02A",-0.00170696960213611,0.00908951444992031,Inf,-0.18779546603296,0.997652394961323,"mr_y_smri__thk__dst__gstf"
"co_longi1 - co_longi2","ses-02A",0.00057498736407711,0.00729898090354625,Inf,0.0787763897008896,0.99982482061673,"mr_y_smri__thk__dst__gstf"
"co_longi1 - co_longi3","ses-02A",-0.00467626112340015,0.00913405921066541,Inf,-0.511958704837373,0.956270481465321,"mr_y_smri__thk__dst__gstf"
"co_longi2 - co_longi3","ses-02A",-0.00525124848747726,0.0109810406847729,Inf,-0.478210457298369,0.963920399138598,"mr_y_smri__thk__dst__gstf"
"co_longi0 - co_longi1","ses-04A",0.0081788792769962,0.00426067366683976,Inf,1.9196211483295,0.219701911275043,"mr_y_smri__thk__dst__gstf"
"co_longi0 - co_longi2","ses-04A",0.0157095579346742,0.00773276464166887,Inf,2.03155774973694,0.176354573020417,"mr_y_smri__thk__dst__gstf"
"co_longi0 - co_longi3","ses-04A",0.0145468044348972,0.00970749433225302,Inf,1.4985127919741,0.438352602413647,"mr_y_smri__thk__dst__gstf"
"co_longi1 - co_longi2","ses-04A",0.00753067865767801,0.00779114838950974,Inf,0.966568505846656,0.76848803665523,"mr_y_smri__thk__dst__gstf"
"co_longi1 - co_longi3","ses-04A",0.006367925157901,0.00968851099364701,Inf,0.657265617190981,0.913024499495222,"mr_y_smri__thk__dst__gstf"
"co_longi2 - co_longi3","ses-04A",-0.00116275349977701,0.0116578022601434,Inf,-0.0997403690532926,0.999644942582675,"mr_y_smri__thk__dst__gstf"
"co_longi0 - co_longi1","ses-06A",0.0113105896539727,0.00422109991860361,Inf,2.67953610956321,0.037032191065667,"mr_y_smri__thk__dst__gstf"
"co_longi0 - co_longi2","ses-06A",0.0199881185853696,0.00730635128747662,Inf,2.73571825373768,0.0316232211262711,"mr_y_smri__thk__dst__gstf"
"co_longi0 - co_longi3","ses-06A",0.00732756935283134,0.0091497236846608,Inf,0.800851436105744,0.854049073479531,"mr_y_smri__thk__dst__gstf"
"co_longi1 - co_longi2","ses-06A",0.00867752893139686,0.00727103517307093,Inf,1.19343789774736,0.630998506873429,"mr_y_smri__thk__dst__gstf"
"co_longi1 - co_longi3","ses-06A",-0.00398302030114137,0.00902401728875002,Inf,-0.441379950158882,0.971274729300486,"mr_y_smri__thk__dst__gstf"
"co_longi2 - co_longi3","ses-06A",-0.0126605492325382,0.0108507123937012,Inf,-1.16679428715553,0.647865585469796,"mr_y_smri__thk__dst__gstf"
"co_longi0 - co_longi1","ses-02A",0.00179448038898128,0.00351173338817833,Inf,0.510995622566936,0.956501076803143,"mr_y_smri__thk__dst__gti"
"co_longi0 - co_longi2","ses-02A",-0.00459680933312522,0.0065495614826048,Inf,-0.701849939928656,0.896388974749623,"mr_y_smri__thk__dst__gti"
"co_longi0 - co_longi3","ses-02A",-0.0120652150234838,0.00827138148076823,Inf,-1.45866987897205,0.462717139801018,"mr_y_smri__thk__dst__gti"
"co_longi1 - co_longi2","ses-02A",-0.00639128972210651,0.00664978767667894,Inf,-0.961126885978782,0.771546207020154,"mr_y_smri__thk__dst__gti"
"co_longi1 - co_longi3","ses-02A",-0.0138596954124651,0.00831471683578184,Inf,-1.66688724176641,0.341327784440692,"mr_y_smri__thk__dst__gti"
"co_longi2 - co_longi3","ses-02A",-0.00746840569035861,0.00999890931118724,Inf,-0.746922034986617,0.878012790857316,"mr_y_smri__thk__dst__gti"
"co_longi0 - co_longi1","ses-04A",0.0148933127663064,0.00384560865583693,Inf,3.87281028809342,0.000622265023150881,"mr_y_smri__thk__dst__gti"
"co_longi0 - co_longi2","ses-04A",0.0118267051063232,0.00698898680720753,Inf,1.69219164845563,0.327745025434352,"mr_y_smri__thk__dst__gti"
"co_longi0 - co_longi3","ses-04A",0.0124995388660456,0.00877267866416404,Inf,1.42482579660709,0.483729150858021,"mr_y_smri__thk__dst__gti"
"co_longi1 - co_longi2","ses-04A",-0.00306660765998319,0.00704300070425085,Inf,-0.435412090493235,0.972370898534249,"mr_y_smri__thk__dst__gti"
"co_longi1 - co_longi3","ses-04A",-0.00239377390026078,0.00875807757419514,Inf,-0.273321842605484,0.992868213124578,"mr_y_smri__thk__dst__gti"
"co_longi2 - co_longi3","ses-04A",0.000672833759722404,0.010539649664067,Inf,0.0638383419912246,0.999906698982097,"mr_y_smri__thk__dst__gti"
"co_longi0 - co_longi1","ses-06A",0.0266536970709367,0.00382517816603145,Inf,6.96796225274636,0.0000000000193227656097861,"mr_y_smri__thk__dst__gti"
"co_longi0 - co_longi2","ses-06A",0.0269108030948648,0.00665349836473873,Inf,4.04460956021014,0.0003056823026788,"mr_y_smri__thk__dst__gti"
"co_longi0 - co_longi3","ses-06A",0.021452436224061,0.00833406715301615,Inf,2.57406567888012,0.0493355725593569,"mr_y_smri__thk__dst__gti"
"co_longi1 - co_longi2","ses-06A",0.000257106023928098,0.00662781955794238,Inf,0.0387919468356675,0.999979045135626,"mr_y_smri__thk__dst__gti"
"co_longi1 - co_longi3","ses-06A",-0.00520126084687568,0.00822735321723026,Inf,-0.632191266078483,0.921691499368318,"mr_y_smri__thk__dst__gti"
"co_longi2 - co_longi3","ses-06A",-0.00545836687080378,0.00989568070908866,Inf,-0.551590843648639,0.946146617658904,"mr_y_smri__thk__dst__gti"
"co_longi0 - co_longi1","ses-02A",-0.0222809159318147,0.00387877922611806,Inf,-5.74431145288817,0.0000000553030489180983,"mr_y_smri__thk__dst__gtm"
"co_longi0 - co_longi2","ses-02A",-0.0272537643318556,0.00724083782931103,Inf,-3.76389652334594,0.000961410459653478,"mr_y_smri__thk__dst__gtm"
"co_longi0 - co_longi3","ses-02A",-0.0422625229631432,0.00913959491742404,Inf,-4.62411336005412,0.0000223236631756718,"mr_y_smri__thk__dst__gtm"
"co_longi1 - co_longi2","ses-02A",-0.00497284840004087,0.0073532604630166,Inf,-0.676278016405365,0.906120927445605,"mr_y_smri__thk__dst__gtm"
"co_longi1 - co_longi3","ses-02A",-0.0199816070313285,0.00918991619030228,Inf,-2.17429698133855,0.130400076694824,"mr_y_smri__thk__dst__gtm"
"co_longi2 - co_longi3","ses-02A",-0.0150087586312877,0.0110532296797139,Inf,-1.35786182556519,0.525960772503427,"mr_y_smri__thk__dst__gtm"
"co_longi0 - co_longi1","ses-04A",-0.00934733243405771,0.00422714397318265,Inf,-2.21126427047623,0.120121488374757,"mr_y_smri__thk__dst__gtm"
"co_longi0 - co_longi2","ses-04A",-0.00893059231279049,0.00769185692803859,Inf,-1.16104503715305,0.651489860279243,"mr_y_smri__thk__dst__gtm"
"co_longi0 - co_longi3","ses-04A",-0.0132467822111585,0.00965420753291011,Inf,-1.37212527967745,0.516906488099191,"mr_y_smri__thk__dst__gtm"
"co_longi1 - co_longi2","ses-04A",0.00041674012126722,0.00775311073352412,Inf,0.0537513438915884,0.999944281080666,"mr_y_smri__thk__dst__gtm"
"co_longi1 - co_longi3","ses-04A",-0.00389944977710075,0.00964099944735352,Inf,-0.404465304494044,0.977639480490256,"mr_y_smri__thk__dst__gtm"
"co_longi2 - co_longi3","ses-04A",-0.00431618989836797,0.0116031441239586,Inf,-0.371984511461486,0.982442205163263,"mr_y_smri__thk__dst__gtm"
"co_longi0 - co_longi1","ses-06A",0.00596223196516771,0.00421347782033552,Inf,1.41503817497085,0.489852625747468,"mr_y_smri__thk__dst__gtm"
"co_longi0 - co_longi2","ses-06A",0.0155155469538935,0.00735392420479044,Inf,2.10983231834053,0.149894869804451,"mr_y_smri__thk__dst__gtm"
"co_longi0 - co_longi3","ses-06A",-0.00409712806004793,0.00921257014500958,Inf,-0.444732359760358,0.970647413561765,"mr_y_smri__thk__dst__gtm"
"co_longi1 - co_longi2","ses-06A",0.00955331498872583,0.00733112418439511,Inf,1.30311733213589,0.56090060944084,"mr_y_smri__thk__dst__gtm"
"co_longi1 - co_longi3","ses-06A",-0.0100593600252156,0.00910140973590158,Inf,-1.10525295719138,0.68629520702985,"mr_y_smri__thk__dst__gtm"
"co_longi2 - co_longi3","ses-06A",-0.0196126750139415,0.0109488021485857,Inf,-1.79130782964006,0.27745217508738,"mr_y_smri__thk__dst__gtm"
"co_longi0 - co_longi1","ses-02A",-0.0442164125754777,0.00427681149771473,Inf,-10.3386395680764,0.0000000000000378586051397178,"mr_y_smri__thk__dst__gtsgtt"
"co_longi0 - co_longi2","ses-02A",-0.0557106422236545,0.00797519864965857,Inf,-6.98548646509758,0.0000000000170606861971123,"mr_y_smri__thk__dst__gtsgtt"
"co_longi0 - co_longi3","ses-02A",-0.0455428086967667,0.0100728510598252,Inf,-4.52134241102908,0.0000363865750075965,"mr_y_smri__thk__dst__gtsgtt"
"co_longi1 - co_longi2","ses-02A",-0.0114942296481768,0.00809693564138145,Inf,-1.41957774610836,0.487010095048728,"mr_y_smri__thk__dst__gtsgtt"
"co_longi1 - co_longi3","ses-02A",-0.00132639612128899,0.0101251562228473,Inf,-0.131000064798605,0.999197718460402,"mr_y_smri__thk__dst__gtsgtt"
"co_longi2 - co_longi3","ses-02A",0.0101678335268878,0.012175660148414,Inf,0.835095050530973,0.837771573736047,"mr_y_smri__thk__dst__gtsgtt"
"co_longi0 - co_longi1","ses-04A",-0.0269911233599722,0.00468780311653506,Inf,-5.75773399372677,0.0000000510834724520848,"mr_y_smri__thk__dst__gtsgtt"
"co_longi0 - co_longi2","ses-04A",-0.0407035273987701,0.00851784791442355,Inf,-4.77861636034208,0.0000105009675945844,"mr_y_smri__thk__dst__gtsgtt"
"co_longi0 - co_longi3","ses-04A",-0.0282734279537703,0.0106918842878252,Inf,-2.64438214936213,0.0408043648799015,"mr_y_smri__thk__dst__gtsgtt"
"co_longi1 - co_longi2","ses-04A",-0.0137124040387978,0.00858338271061789,Inf,-1.59755244535878,0.379967792387957,"mr_y_smri__thk__dst__gtsgtt"
"co_longi1 - co_longi3","ses-04A",-0.00128230459379812,0.0106735850660667,Inf,-0.120138134081566,0.999380560910453,"mr_y_smri__thk__dst__gtsgtt"
"co_longi2 - co_longi3","ses-04A",0.0124300994449997,0.0128446051910504,Inf,0.967729195262503,0.767833837298571,"mr_y_smri__thk__dst__gtsgtt"
"co_longi0 - co_longi1","ses-06A",-0.0215736999827893,0.0046608739868594,Inf,-4.62868123952997,0.0000218388198558461,"mr_y_smri__thk__dst__gtsgtt"
"co_longi0 - co_longi2","ses-06A",-0.0288070173741656,0.0081020550767653,Inf,-3.55551981580291,0.00213598671211579,"mr_y_smri__thk__dst__gtsgtt"
"co_longi0 - co_longi3","ses-06A",-0.0135191810817715,0.0101482472903121,Inf,-1.33216906279742,0.542328687360235,"mr_y_smri__thk__dst__gtsgtt"
"co_longi1 - co_longi2","ses-06A",-0.00723331739137629,0.00806970900963355,Inf,-0.896354178662604,0.806746357025481,"mr_y_smri__thk__dst__gtsgtt"
"co_longi1 - co_longi3","ses-06A",0.00805451890101781,0.0100169987294916,Inf,0.804085047680402,0.852546335780153,"mr_y_smri__thk__dst__gtsgtt"
"co_longi2 - co_longi3","ses-06A",0.0152878362923941,0.0120478260403165,Inf,1.26892903676027,0.582795756132481,"mr_y_smri__thk__dst__gtsgtt"
"co_longi0 - co_longi1","ses-02A",-0.04802256710915,0.00432477792414221,Inf,-11.1040538847263,0.0000000000000159872115546023,"mr_y_smri__thk__dst__gtsl"
"co_longi0 - co_longi2","ses-02A",-0.0601401924545293,0.00808523542514925,Inf,-7.43827350623115,0.000000000000638822328369315,"mr_y_smri__thk__dst__gtsl"
"co_longi0 - co_longi3","ses-02A",-0.0680663054949449,0.0101987310647372,Inf,-6.67399748683334,0.000000000149361523149594,"mr_y_smri__thk__dst__gtsl"
"co_longi1 - co_longi2","ses-02A",-0.0121176253453793,0.00821362438391232,Inf,-1.47530794920615,0.452489976675177,"mr_y_smri__thk__dst__gtsl"
"co_longi1 - co_longi3","ses-02A",-0.0200437383857949,0.0102590819147552,Inf,-1.9537555652974,0.205787397861319,"mr_y_smri__thk__dst__gtsl"
"co_longi2 - co_longi3","ses-02A",-0.00792611304041563,0.0123417349317722,Inf,-0.642220326739547,0.918284935193511,"mr_y_smri__thk__dst__gtsl"
"co_longi0 - co_longi1","ses-04A",-0.0329043654542387,0.00468372244434582,Inf,-7.02525946941215,0.0000000000128491661754992,"mr_y_smri__thk__dst__gtsl"
"co_longi0 - co_longi2","ses-04A",-0.0342903243753922,0.00854012385765434,Inf,-4.01520223206815,0.000345967869149755,"mr_y_smri__thk__dst__gtsl"
"co_longi0 - co_longi3","ses-04A",-0.040154319787567,0.01071786228093,Inf,-3.74648588823656,0.00102948803021552,"mr_y_smri__thk__dst__gtsl"
"co_longi1 - co_longi2","ses-04A",-0.00138595892115343,0.00861193618407398,Inf,-0.160934648321765,0.998517344769185,"mr_y_smri__thk__dst__gtsl"
"co_longi1 - co_longi3","ses-04A",-0.00724995433332831,0.0107087377150323,Inf,-0.677012970739892,0.905848348852607,"mr_y_smri__thk__dst__gtsl"
"co_longi2 - co_longi3","ses-04A",-0.00586399541217488,0.012889610193038,Inf,-0.454939701383847,0.968685859548011,"mr_y_smri__thk__dst__gtsl"
"co_longi0 - co_longi1","ses-06A",-0.0157008993131531,0.00467958446542664,Inf,-3.35519092114979,0.004409500428882,"mr_y_smri__thk__dst__gtsl"
"co_longi0 - co_longi2","ses-06A",-0.0108614926171815,0.0082076921530288,Inf,-1.32333089675804,0.54797296987451,"mr_y_smri__thk__dst__gtsl"
"co_longi0 - co_longi3","ses-06A",-0.0178979277344484,0.0102836684294387,Inf,-1.74042248223529,0.302677940936746,"mr_y_smri__thk__dst__gtsl"
"co_longi1 - co_longi2","ses-06A",0.00483940669597154,0.0081918180248603,Inf,0.590761010716431,0.934911880498422,"mr_y_smri__thk__dst__gtsl"
"co_longi1 - co_longi3","ses-06A",-0.00219702842129536,0.0101713372545312,Inf,-0.216001924458519,0.996442918822075,"mr_y_smri__thk__dst__gtsl"
"co_longi2 - co_longi3","ses-06A",-0.0070364351172669,0.012238405366163,Inf,-0.574947054517526,0.939595420997056,"mr_y_smri__thk__dst__gtsl"
"co_longi0 - co_longi1","ses-02A",0.0227518643216232,0.00478129573746801,Inf,4.75851433813876,0.0000115991134708171,"mr_y_smri__thk__dst__gtspp"
"co_longi0 - co_longi2","ses-02A",0.00355824927743355,0.00890610880400759,Inf,0.399529059855231,0.978416537356063,"mr_y_smri__thk__dst__gtspp"
"co_longi0 - co_longi3","ses-02A",0.00730527172075864,0.011259234137892,Inf,0.6488249228403,0.915997831371647,"mr_y_smri__thk__dst__gtspp"
"co_longi1 - co_longi2","ses-02A",-0.0191936150441897,0.00903972054934526,Inf,-2.1232531403396,0.145668298549292,"mr_y_smri__thk__dst__gtspp"
"co_longi1 - co_longi3","ses-02A",-0.0154465926008646,0.0113139572449765,Inf,-1.36526877965028,0.521255632253293,"mr_y_smri__thk__dst__gtspp"
"co_longi2 - co_longi3","ses-02A",0.00374702244332509,0.0136011053862375,Inf,0.275493964418258,0.992700071010939,"mr_y_smri__thk__dst__gtspp"
"co_longi0 - co_longi1","ses-04A",0.0363722673493798,0.00528412454179292,Inf,6.88331000938872,0.0000000000351131346221223,"mr_y_smri__thk__dst__gtspp"
"co_longi0 - co_longi2","ses-04A",0.015429538747923,0.00958895080318585,Inf,1.6090956210555,0.37339678420112,"mr_y_smri__thk__dst__gtspp"
"co_longi0 - co_longi3","ses-04A",0.0291566979982503,0.0120379306796961,Inf,2.42206893975786,0.0729577626609351,"mr_y_smri__thk__dst__gtspp"
"co_longi1 - co_longi2","ses-04A",-0.0209427286014568,0.00966131271285097,Inf,-2.16768975644478,0.132305367483762,"mr_y_smri__thk__dst__gtspp"
"co_longi1 - co_longi3","ses-04A",-0.00721556935112946,0.0120141189780852,Inf,-0.600590801896608,0.931899610994741,"mr_y_smri__thk__dst__gtspp"
"co_longi2 - co_longi3","ses-04A",0.0137271592503273,0.0144558282692036,Inf,0.949593409294398,0.777978679876814,"mr_y_smri__thk__dst__gtspp"
"co_longi0 - co_longi1","ses-06A",0.0498593794371603,0.00523146950562418,Inf,9.53066425859084,0.0000000000000325295346215171,"mr_y_smri__thk__dst__gtspp"
"co_longi0 - co_longi2","ses-06A",0.039633820815303,0.00904914030085496,Inf,4.37984377494495,0.0000700817334394754,"mr_y_smri__thk__dst__gtspp"
"co_longi0 - co_longi3","ses-06A",0.0432143916344631,0.0113317841757826,Inf,3.81355583234788,0.000789621710696964,"mr_y_smri__thk__dst__gtspp"
"co_longi1 - co_longi2","ses-06A",-0.0102255586218572,0.00900433241990094,Inf,-1.13562651232835,0.667435682125307,"mr_y_smri__thk__dst__gtspp"
"co_longi1 - co_longi3","ses-06A",-0.00664498780269718,0.0111748395910414,Inf,-0.594638316600475,0.933732959470299,"mr_y_smri__thk__dst__gtspp"
"co_longi2 - co_longi3","ses-06A",0.00358057081916004,0.013436283172591,Inf,0.266485215678108,0.993381002789095,"mr_y_smri__thk__dst__gtspp"
"co_longi0 - co_longi1","ses-02A",-0.0165696933259897,0.00355493807164412,Inf,-4.66103571765635,0.0000186821139906979,"mr_y_smri__thk__dst__gtspt"
"co_longi0 - co_longi2","ses-02A",-0.0114960608364357,0.00662127981877583,Inf,-1.73622942257123,0.30481327104352,"mr_y_smri__thk__dst__gtspt"
"co_longi0 - co_longi3","ses-02A",-0.0221718024080241,0.00837148726195238,Inf,-2.64849025200013,0.0403473202181838,"mr_y_smri__thk__dst__gtspt"
"co_longi1 - co_longi2","ses-02A",0.00507363248955399,0.00672049843759547,Inf,0.754948838492594,0.874579968202269,"mr_y_smri__thk__dst__gtspt"
"co_longi1 - co_longi3","ses-02A",-0.00560210908203448,0.00841197527136898,Inf,-0.665968325073641,0.909899831360187,"mr_y_smri__thk__dst__gtspt"
"co_longi2 - co_longi3","ses-02A",-0.0106757415715885,0.0101121826386481,Inf,-1.0557306916893,0.716476924674219,"mr_y_smri__thk__dst__gtspt"
"co_longi0 - co_longi1","ses-04A",-0.00655166183344758,0.00393185313272216,Inf,-1.66630380441287,0.341644350984675,"mr_y_smri__thk__dst__gtspt"
"co_longi0 - co_longi2","ses-04A",0.00274831067186377,0.00713449051713395,Inf,0.385214706679268,0.980573645713795,"mr_y_smri__thk__dst__gtspt"
"co_longi0 - co_longi3","ses-04A",-0.00760317947227207,0.00895672050870505,Inf,-0.848879839990823,0.830997474923478,"mr_y_smri__thk__dst__gtspt"
"co_longi1 - co_longi2","ses-04A",0.00929997250531135,0.00718833677985356,Inf,1.29375859675579,0.566892201575848,"mr_y_smri__thk__dst__gtspt"
"co_longi1 - co_longi3","ses-04A",-0.00105151763882449,0.00893890414148763,Inf,-0.117633842155677,0.999418366152282,"mr_y_smri__thk__dst__gtspt"
"co_longi2 - co_longi3","ses-04A",-0.0103514901441358,0.0107554835672431,Inf,-0.962438376612127,0.770810501313239,"mr_y_smri__thk__dst__gtspt"
"co_longi0 - co_longi1","ses-06A",-0.00269832092895073,0.00389095293884939,Inf,-0.693485881571383,0.899628087496605,"mr_y_smri__thk__dst__gtspt"
"co_longi0 - co_longi2","ses-06A",0.00843990315666167,0.00672760244651015,Inf,1.25451871209182,0.592023534285926,"mr_y_smri__thk__dst__gtspt"
"co_longi0 - co_longi3","ses-06A",-0.00502775037327075,0.0084244335832728,Inf,-0.596805746472219,0.933068685805883,"mr_y_smri__thk__dst__gtspt"
"co_longi1 - co_longi2","ses-06A",0.0111382240856124,0.0066938184637884,Inf,1.66395670062864,0.342919387474436,"mr_y_smri__thk__dst__gtspt"
"co_longi1 - co_longi3","ses-06A",-0.00232942944432002,0.0083072028321375,Inf,-0.280410806307548,0.992310037300725,"mr_y_smri__thk__dst__gtspt"
"co_longi2 - co_longi3","ses-06A",-0.0134676535299324,0.00998802398733113,Inf,-1.34838017479883,0.531993300421287,"mr_y_smri__thk__dst__gtspt"
"co_longi0 - co_longi1","ses-02A",-0.00771151442801739,0.00437539711829238,Inf,-1.76247188987203,0.291590069145204,"mr_y_smri__thk__dst__lfah"
"co_longi0 - co_longi2","ses-02A",-0.00787747091762275,0.00814670511911215,Inf,-0.966951767916852,0.768272091966445,"mr_y_smri__thk__dst__lfah"
"co_longi0 - co_longi3","ses-02A",0.00064913487951164,0.0103194071829522,Inf,0.0629042800621359,0.999910730840116,"mr_y_smri__thk__dst__lfah"
"co_longi1 - co_longi2","ses-02A",-0.000165956489605365,0.00826830346419389,Inf,-0.0200714076743849,0.99999709615739,"mr_y_smri__thk__dst__lfah"
"co_longi1 - co_longi3","ses-02A",0.00836064930752903,0.0103674913044037,Inf,0.806429353259044,0.851452339263321,"mr_y_smri__thk__dst__lfah"
"co_longi2 - co_longi3","ses-02A",0.00852660579713439,0.012455493465454,Inf,0.684565876156045,0.903022627047513,"mr_y_smri__thk__dst__lfah"
"co_longi0 - co_longi1","ses-04A",-0.000398927427601307,0.00491322882480353,Inf,-0.0811945549100817,0.999808215934124,"mr_y_smri__thk__dst__lfah"
"co_longi0 - co_longi2","ses-04A",0.0140210262479767,0.00891787049463544,Inf,1.57223927577902,0.394558758330582,"mr_y_smri__thk__dst__lfah"
"co_longi0 - co_longi3","ses-04A",0.0210447494382196,0.0111981787227881,Inf,1.87930108629128,0.236926513358854,"mr_y_smri__thk__dst__lfah"
"co_longi1 - co_longi2","ses-04A",0.014419953675578,0.00899008764170841,Inf,1.60398365958953,0.376300257122191,"mr_y_smri__thk__dst__lfah"
"co_longi1 - co_longi3","ses-04A",0.0214436768658209,0.0111791588907023,Inf,1.91818338709325,0.220301443909014,"mr_y_smri__thk__dst__lfah"
"co_longi2 - co_longi3","ses-04A",0.00702372319024285,0.0134481145091687,Inf,0.522283118979554,0.953752705988176,"mr_y_smri__thk__dst__lfah"
"co_longi0 - co_longi1","ses-06A",0.00632614563536008,0.00481308359066457,Inf,1.31436438121088,0.553704755694626,"mr_y_smri__thk__dst__lfah"
"co_longi0 - co_longi2","ses-06A",0.0146136401852947,0.00827196698381395,Inf,1.76664633863865,0.289517769891775,"mr_y_smri__thk__dst__lfah"
"co_longi0 - co_longi3","ses-06A",0.0172940509181788,0.0103527755625057,Inf,1.67047482230873,0.339384530439593,"mr_y_smri__thk__dst__lfah"
"co_longi1 - co_longi2","ses-06A",0.00828749454993467,0.00822559305187088,Inf,1.00752547538803,0.745018724053094,"mr_y_smri__thk__dst__lfah"
"co_longi1 - co_longi3","ses-06A",0.0109679052828188,0.0102037572419993,Inf,1.07488888873935,0.704893794135577,"mr_y_smri__thk__dst__lfah"
"co_longi2 - co_longi3","ses-06A",0.0026804107328841,0.0122606563849531,Inf,0.218618860909733,0.996313627074062,"mr_y_smri__thk__dst__lfah"
"co_longi0 - co_longi1","ses-02A",0.00770256801873727,0.0044287562123956,Inf,1.73921698312917,0.303290974886703,"mr_y_smri__thk__dst__lfav"
"co_longi0 - co_longi2","ses-02A",-0.00784809418234682,0.0082493087877068,Inf,-0.951363851725628,0.776995680607944,"mr_y_smri__thk__dst__lfav"
"co_longi0 - co_longi3","ses-02A",-0.00494254784500615,0.0104493994859181,Inf,-0.472998266710623,0.965023536789971,"mr_y_smri__thk__dst__lfav"
"co_longi1 - co_longi2","ses-02A",-0.0155506622010841,0.00837271464937429,Inf,-1.85730230305248,0.246683037306912,"mr_y_smri__thk__dst__lfav"
"co_longi1 - co_longi3","ses-02A",-0.0126451158637434,0.01049833626386,Inf,-1.20448760126627,0.623973893286836,"mr_y_smri__thk__dst__lfav"
"co_longi2 - co_longi3","ses-02A",0.00290554633734067,0.0126130289707578,Inf,0.230360712250556,0.995695660321137,"mr_y_smri__thk__dst__lfav"
"co_longi0 - co_longi1","ses-04A",0.0123999964324875,0.00498372043677134,Inf,2.48810032380563,0.0617536283479442,"mr_y_smri__thk__dst__lfav"
"co_longi0 - co_longi2","ses-04A",0.0100309631364737,0.0090484982852889,Inf,1.10857766893564,0.684242446106275,"mr_y_smri__thk__dst__lfav"
"co_longi0 - co_longi3","ses-04A",0.0157650613111658,0.0113623396037692,Inf,1.38748372790548,0.507188896783955,"mr_y_smri__thk__dst__lfav"
"co_longi1 - co_longi2","ses-04A",-0.00236903329601381,0.00912315724429173,Inf,-0.259672527018658,0.993867587260959,"mr_y_smri__thk__dst__lfav"
"co_longi1 - co_longi3","ses-04A",0.00336506487867834,0.0113443427282154,Inf,0.296629338455091,0.990928724329953,"mr_y_smri__thk__dst__lfav"
"co_longi2 - co_longi3","ses-04A",0.00573409817469215,0.0136465793260485,Inf,0.420185750413434,0.975049476727155,"mr_y_smri__thk__dst__lfav"
"co_longi0 - co_longi1","ses-06A",0.0227056365943116,0.00487432142058919,Inf,4.65821488472277,0.0000189389274951601,"mr_y_smri__thk__dst__lfav"
"co_longi0 - co_longi2","ses-06A",0.0119782225075149,0.00837240524217229,Inf,1.430678778803,0.480076829943098,"mr_y_smri__thk__dst__lfav"
"co_longi0 - co_longi3","ses-06A",0.00732736864188765,0.0104775146554062,Inf,0.699342246980956,0.897365803124808,"mr_y_smri__thk__dst__lfav"
"co_longi1 - co_longi2","ses-06A",-0.0107274140867966,0.00832588412119186,Inf,-1.28844143524556,0.570297382940502,"mr_y_smri__thk__dst__lfav"
"co_longi1 - co_longi3","ses-06A",-0.0153782679524239,0.0103274092708856,Inf,-1.48907315949775,0.444085126938982,"mr_y_smri__thk__dst__lfav"
"co_longi2 - co_longi3","ses-06A",-0.00465085386562729,0.0124080038124464,Inf,-0.374826921068644,0.982050766907387,"mr_y_smri__thk__dst__lfav"
"co_longi0 - co_longi1","ses-02A",0.00113613948869177,0.00272330756822669,Inf,0.417191029741669,0.975556509585498,"mr_y_smri__thk__dst__lfp"
"co_longi0 - co_longi2","ses-02A",-0.00151761678519534,0.00507565380199024,Inf,-0.298999270714693,0.990714438052843,"mr_y_smri__thk__dst__lfp"
"co_longi0 - co_longi3","ses-02A",-0.00372058392320429,0.00641311084486593,Inf,-0.580152754755959,0.938075800482823,"mr_y_smri__thk__dst__lfp"
"co_longi1 - co_longi2","ses-02A",-0.00265375627388711,0.00515249897222522,Inf,-0.515042562490998,0.95552720546054,"mr_y_smri__thk__dst__lfp"
"co_longi1 - co_longi3","ses-02A",-0.00485672341189606,0.00644542550156401,Inf,-0.753514785132115,0.875196766675748,"mr_y_smri__thk__dst__lfp"
"co_longi2 - co_longi3","ses-02A",-0.00220296713800895,0.00774978030372422,Inf,-0.2842618824885,0.991995319602037,"mr_y_smri__thk__dst__lfp"
"co_longi0 - co_longi1","ses-04A",0.0146831013787774,0.00299513807976229,Inf,4.90231200958279,0.00000564437662653461,"mr_y_smri__thk__dst__lfp"
"co_longi0 - co_longi2","ses-04A",0.0196555351703242,0.0054387376889876,Inf,3.61398844627549,0.00171510465554803,"mr_y_smri__thk__dst__lfp"
"co_longi0 - co_longi3","ses-04A",0.0268766705199751,0.00682724743905439,Inf,3.93667737399271,0.000479441330054842,"mr_y_smri__thk__dst__lfp"
"co_longi1 - co_longi2","ses-04A",0.00497243379154681,0.00548006495609636,Inf,0.907367673811087,0.800925694201005,"mr_y_smri__thk__dst__lfp"
"co_longi1 - co_longi3","ses-04A",0.0121935691411977,0.00681459163321647,Inf,1.78933233236785,0.278407459433543,"mr_y_smri__thk__dst__lfp"
"co_longi2 - co_longi3","ses-04A",0.00722113534965087,0.00820021839117598,Inf,0.880602808996079,0.814946359099347,"mr_y_smri__thk__dst__lfp"
"co_longi0 - co_longi1","ses-06A",0.0178180197557206,0.00297300702622134,Inf,5.99326526932806,0.0000000123303155463717,"mr_y_smri__thk__dst__lfp"
"co_longi0 - co_longi2","ses-06A",0.0186120815375148,0.00515690395342691,Inf,3.60915807344959,0.00174671840590535,"mr_y_smri__thk__dst__lfp"
"co_longi0 - co_longi3","ses-06A",0.0202346214618031,0.00645867364847111,Inf,3.13293759107848,0.00937732152063142,"mr_y_smri__thk__dst__lfp"
"co_longi1 - co_longi2","ses-06A",0.000794061781794166,0.00513403999232701,Inf,0.154666068628394,0.998682962322843,"mr_y_smri__thk__dst__lfp"
"co_longi1 - co_longi3","ses-06A",0.00241660170608251,0.00637239861127336,Inf,0.379229526195571,0.981433692994558,"mr_y_smri__thk__dst__lfp"
"co_longi2 - co_longi3","ses-06A",0.00162253992428834,0.00766338173361204,Inf,0.211726360592451,0.99664770329203,"mr_y_smri__thk__dst__lfp"
"co_longi0 - co_longi1","ses-02A",-0.00630179212331301,0.00348780427895404,Inf,-1.80680784221151,0.270025323824284,"mr_y_smri__thk__dst__pocc"
"co_longi0 - co_longi2","ses-02A",-0.0144102800542463,0.00654028408948005,Inf,-2.20331102702787,0.122278718196217,"mr_y_smri__thk__dst__pocc"
"co_longi0 - co_longi3","ses-02A",-0.00962316596997408,0.00824147810157907,Inf,-1.16765049319615,0.647325334923587,"mr_y_smri__thk__dst__pocc"
"co_longi1 - co_longi2","ses-02A",-0.00810848793093333,0.00664892781945268,Inf,-1.21951811647142,0.614396408864893,"mr_y_smri__thk__dst__pocc"
"co_longi1 - co_longi3","ses-02A",-0.00332137384666107,0.00829712735849255,Inf,-0.400304069487553,0.978295671062495,"mr_y_smri__thk__dst__pocc"
"co_longi2 - co_longi3","ses-02A",0.00478711408427226,0.00998468853165604,Inf,0.479445509901977,0.963655958522822,"mr_y_smri__thk__dst__pocc"
"co_longi0 - co_longi1","ses-04A",-0.00400594190977943,0.00373788734402015,Inf,-1.07171285303398,0.706822608543677,"mr_y_smri__thk__dst__pocc"
"co_longi0 - co_longi2","ses-04A",-0.00845628269126422,0.00684616934798114,Inf,-1.2351845625551,0.604391902657046,"mr_y_smri__thk__dst__pocc"
"co_longi0 - co_longi3","ses-04A",-0.0120871616562016,0.00859065514757187,Inf,-1.40701278872986,0.494887706788985,"mr_y_smri__thk__dst__pocc"
"co_longi1 - co_longi2","ses-04A",-0.00445034078148479,0.00691112600775373,Inf,-0.643938596473551,0.917693253735181,"mr_y_smri__thk__dst__pocc"
"co_longi1 - co_longi3","ses-04A",-0.00808121974642218,0.00859345598880567,Inf,-0.940392288847379,0.783061116839091,"mr_y_smri__thk__dst__pocc"
"co_longi2 - co_longi3","ses-04A",-0.00363087896493739,0.0103454463080486,Inf,-0.35096397553314,0.985170316044821,"mr_y_smri__thk__dst__pocc"
"co_longi0 - co_longi1","ses-06A",0.0081417028210539,0.00374600295742773,Inf,2.17343737140148,0.1306467763936,"mr_y_smri__thk__dst__pocc"
"co_longi0 - co_longi2","ses-06A",0.00290182573416747,0.00663199635472604,Inf,0.437549356024538,0.971981346356176,"mr_y_smri__thk__dst__pocc"
"co_longi0 - co_longi3","ses-06A",-0.00271487404304059,0.00831125442759622,Inf,-0.326650334999525,0.987970379701803,"mr_y_smri__thk__dst__pocc"
"co_longi1 - co_longi2","ses-06A",-0.00523987708688643,0.00663481636283837,Inf,-0.789754651874769,0.859150372184081,"mr_y_smri__thk__dst__pocc"
"co_longi1 - co_longi3","ses-06A",-0.0108565768640945,0.00823981650379005,Inf,-1.31757507695721,0.551651765184555,"mr_y_smri__thk__dst__pocc"
"co_longi2 - co_longi3","ses-06A",-0.00561669977720806,0.00991742033396883,Inf,-0.566346851102994,0.942058416208854,"mr_y_smri__thk__dst__pocc"
"co_longi0 - co_longi1","ses-02A",-0.0290174434368106,0.00400080801277391,Inf,-7.25289575109896,0.00000000000247546427800671,"mr_y_smri__thk__dst__ptmp"
"co_longi0 - co_longi2","ses-02A",-0.0318288039734295,0.00745097460292613,Inf,-4.27176385233279,0.000114074458691604,"mr_y_smri__thk__dst__ptmp"
"co_longi0 - co_longi3","ses-02A",-0.0377077954748051,0.00942180211899585,Inf,-4.00218503833574,0.000365353753943087,"mr_y_smri__thk__dst__ptmp"
"co_longi1 - co_longi2","ses-02A",-0.0028113605366189,0.00756244905877549,Inf,-0.371752657739438,0.982473894775743,"mr_y_smri__thk__dst__ptmp"
"co_longi1 - co_longi3","ses-02A",-0.00869035203799453,0.00946705579507483,Inf,-0.917957200856007,0.795263310736226,"mr_y_smri__thk__dst__ptmp"
"co_longi2 - co_longi3","ses-02A",-0.00587899150137563,0.0113800079807902,Inf,-0.516606975258677,0.955147294214332,"mr_y_smri__thk__dst__ptmp"
"co_longi0 - co_longi1","ses-04A",-0.0176378108414702,0.00443017352235045,Inf,-3.98129119604154,0.000398623238509699,"mr_y_smri__thk__dst__ptmp"
"co_longi0 - co_longi2","ses-04A",-0.0238939009625394,0.00803793772144837,Inf,-2.97264071837495,0.0156361781557843,"mr_y_smri__thk__dst__ptmp"
"co_longi0 - co_longi3","ses-04A",-0.012601952322452,0.0100911034865182,Inf,-1.24881806427695,0.595672220438552,"mr_y_smri__thk__dst__ptmp"
"co_longi1 - co_longi2","ses-04A",-0.00625609012106923,0.00809865316235751,Inf,-0.772485251022664,0.866915472244633,"mr_y_smri__thk__dst__ptmp"
"co_longi1 - co_longi3","ses-04A",0.00503585851901822,0.0100709090083436,Inf,0.500040117018841,0.959073154459319,"mr_y_smri__thk__dst__ptmp"
"co_longi2 - co_longi3","ses-04A",0.0112919486400875,0.0121173127142347,Inf,0.931885551391467,0.78772009040122,"mr_y_smri__thk__dst__ptmp"
"co_longi0 - co_longi1","ses-06A",-0.0011841773693518,0.00438111853874936,Inf,-0.270291104629604,0.99309859809215,"mr_y_smri__thk__dst__ptmp"
"co_longi0 - co_longi2","ses-06A",-0.000205620256872293,0.00757055337232896,Inf,-0.0271605319663755,0.999992805512469,"mr_y_smri__thk__dst__ptmp"
"co_longi0 - co_longi3","ses-06A",0.000109326472596187,0.00947964077866671,Inf,0.0115327653387689,0.999999449085895,"mr_y_smri__thk__dst__ptmp"
"co_longi1 - co_longi2","ses-06A",0.000978557112479509,0.00753179117893621,Inf,0.129923558584071,0.999217252530597,"mr_y_smri__thk__dst__ptmp"
"co_longi1 - co_longi3","ses-06A",0.00129350384194799,0.00934685819075181,Inf,0.13838915874725,0.999054862990928,"mr_y_smri__thk__dst__ptmp"
"co_longi2 - co_longi3","ses-06A",0.00031494672946848,0.011237522702109,Inf,0.0280263486728595,0.999992095455845,"mr_y_smri__thk__dst__ptmp"
"co_longi0 - co_longi1","ses-02A",-0.0197034590913687,0.00241105310797783,Inf,-8.17213815248314,0.0000000000000488498130835069,"mr_y_smri__thk__dst__sc"
"co_longi0 - co_longi2","ses-02A",-0.0304659014514706,0.00451800947661935,Inf,-6.74321326883694,0.0000000000929698540375057,"mr_y_smri__thk__dst__sc"
"co_longi0 - co_longi3","ses-02A",-0.0202400578675313,0.00569438521615767,Inf,-3.55438859494448,0.00214499998082573,"mr_y_smri__thk__dst__sc"
"co_longi1 - co_longi2","ses-02A",-0.0107624423601019,0.0045922962725505,Inf,-2.34358624125194,0.0883702574823017,"mr_y_smri__thk__dst__sc"
"co_longi1 - co_longi3","ses-02A",-0.000536598776162564,0.00573174543397236,Inf,-0.0936187383658238,0.999706257587196,"mr_y_smri__thk__dst__sc"
"co_longi2 - co_longi3","ses-02A",0.0102258435839393,0.00689708172833962,Inf,1.48263337839279,0.448010593822715,"mr_y_smri__thk__dst__sc"
"co_longi0 - co_longi1","ses-04A",-0.00881659427278591,0.00258968644357108,Inf,-3.40450261639713,0.00370339315470281,"mr_y_smri__thk__dst__sc"
"co_longi0 - co_longi2","ses-04A",-0.0128883595867172,0.00473814460958507,Inf,-2.72012795064224,0.0330512797507871,"mr_y_smri__thk__dst__sc"
"co_longi0 - co_longi3","ses-04A",-0.00132789070246141,0.00594566369981096,Inf,-0.223337674228637,0.996072790738901,"mr_y_smri__thk__dst__sc"
"co_longi1 - co_longi2","ses-04A",-0.0040717653139313,0.00478185542819101,Inf,-0.851503224026088,0.829694283637189,"mr_y_smri__thk__dst__sc"
"co_longi1 - co_longi3","ses-04A",0.0074887035703245,0.00594592934191601,Inf,1.25946729933917,0.588855257292244,"mr_y_smri__thk__dst__sc"
"co_longi2 - co_longi3","ses-04A",0.0115604688842558,0.0071578780149997,Inf,1.61506927891621,0.370017209618443,"mr_y_smri__thk__dst__sc"
"co_longi0 - co_longi1","ses-06A",-0.00748367890302488,0.00259385962644553,Inf,-2.88515185121257,0.0204270600898795,"mr_y_smri__thk__dst__sc"
"co_longi0 - co_longi2","ses-06A",-0.0139460563935005,0.00458258869235756,Inf,-3.04327037177884,0.0125250431645745,"mr_y_smri__thk__dst__sc"
"co_longi0 - co_longi3","ses-06A",-0.0012072165689217,0.00574267630947845,Inf,-0.210218459802298,0.996718038732098,"mr_y_smri__thk__dst__sc"
"co_longi1 - co_longi2","ses-06A",-0.00646237749047561,0.00458205872216787,Inf,-1.41036548903462,0.49278274339309,"mr_y_smri__thk__dst__sc"
"co_longi1 - co_longi3","ses-06A",0.00627646233410317,0.00569024402364468,Inf,1.10302164687887,0.68767116330345,"mr_y_smri__thk__dst__sc"
"co_longi2 - co_longi3","ses-06A",0.0127388398245788,0.00684833534147684,Inf,1.86013668860901,0.245411827768016,"mr_y_smri__thk__dst__sc"
"co_longi0 - co_longi1","ses-02A",0.0165331048449325,0.0028522679065296,Inf,5.79647683413043,0.000000040584500871077,"mr_y_smri__thk__dst__scc"
"co_longi0 - co_longi2","ses-02A",0.00693492208880364,0.00533830279729651,Inf,1.29908743511434,0.563480255675063,"mr_y_smri__thk__dst__scc"
"co_longi0 - co_longi3","ses-02A",0.0118216837327059,0.00673094536869402,Inf,1.75631847907861,0.294660450124196,"mr_y_smri__thk__dst__scc"
"co_longi1 - co_longi2","ses-02A",-0.00959818275612888,0.00542451039222609,Inf,-1.76940996737404,0.288150582508527,"mr_y_smri__thk__dst__scc"
"co_longi1 - co_longi3","ses-02A",-0.00471142111222662,0.00677285777848519,Inf,-0.695632665902571,0.898801882572961,"mr_y_smri__thk__dst__scc"
"co_longi2 - co_longi3","ses-02A",0.00488676164390226,0.00814885165641928,Inf,0.59968715224466,0.932179761315038,"mr_y_smri__thk__dst__scc"
"co_longi0 - co_longi1","ses-04A",0.0217405064055063,0.00307621552331717,Inf,7.06728973984987,0.0000000000095080610051923,"mr_y_smri__thk__dst__scc"
"co_longi0 - co_longi2","ses-04A",0.0176808266797857,0.00561814312305638,Inf,3.14709438554975,0.0089513650310229,"mr_y_smri__thk__dst__scc"
"co_longi0 - co_longi3","ses-04A",0.0200896088599778,0.00705034362494133,Inf,2.84945102376411,0.0227260759375005,"mr_y_smri__thk__dst__scc"
"co_longi1 - co_longi2","ses-04A",-0.00405967972572061,0.00566750918975828,Inf,-0.716307568244765,0.890662813527549,"mr_y_smri__thk__dst__scc"
"co_longi1 - co_longi3","ses-04A",-0.00165089754552848,0.007047303018914,Inf,-0.234259480697466,0.995476453104342,"mr_y_smri__thk__dst__scc"
"co_longi2 - co_longi3","ses-04A",0.00240878218019213,0.00848313104996301,Inf,0.283949660332388,0.992021139378617,"mr_y_smri__thk__dst__scc"
"co_longi0 - co_longi1","ses-06A",0.0175785384903122,0.00307760722722573,Inf,5.71175500720348,0.0000000669938047259677,"mr_y_smri__thk__dst__scc"
"co_longi0 - co_longi2","ses-06A",0.0146091091507905,0.00541703866565387,Inf,2.6968810917703,0.0352835535172693,"mr_y_smri__thk__dst__scc"
"co_longi0 - co_longi3","ses-06A",0.00840240098935937,0.00678779376715567,Inf,1.23786922195785,0.602675698126485,"mr_y_smri__thk__dst__scc"
"co_longi1 - co_longi2","ses-06A",-0.00296942933952163,0.00541129942443411,Inf,-0.548746078643054,0.946914797024286,"mr_y_smri__thk__dst__scc"
"co_longi1 - co_longi3","ses-06A",-0.00917613750095281,0.00671949378987839,Inf,-1.3655995210197,0.521045696224635,"mr_y_smri__thk__dst__scc"
"co_longi2 - co_longi3","ses-06A",-0.00620670816143118,0.00808609053720846,Inf,-0.767578365944676,0.869082681932406,"mr_y_smri__thk__dst__scc"
"co_longi0 - co_longi1","ses-02A",-0.00598235754386881,0.00379408126836408,Inf,-1.57676051742779,0.391934797896213,"mr_y_smri__thk__dst__scia"
"co_longi0 - co_longi2","ses-02A",-0.0184150976083119,0.00706343798906014,Inf,-2.60710119304978,0.0451568854569379,"mr_y_smri__thk__dst__scia"
"co_longi0 - co_longi3","ses-02A",-0.00611314189295072,0.00893960442996464,Inf,-0.683826889751418,0.903301068576023,"mr_y_smri__thk__dst__scia"
"co_longi1 - co_longi2","ses-02A",-0.012432740064443,0.00716856342175843,Inf,-1.73434192221924,0.305777257317132,"mr_y_smri__thk__dst__scia"
"co_longi1 - co_longi3","ses-02A",-0.000130784349081903,0.00898133094020274,Inf,-0.014561800467287,0.999998891040003,"mr_y_smri__thk__dst__scia"
"co_longi2 - co_longi3","ses-02A",0.0123019557153611,0.0107931014141109,Inf,1.13979802869984,0.664828114577687,"mr_y_smri__thk__dst__scia"
"co_longi0 - co_longi1","ses-04A",0.00281451867855515,0.00423172649051023,Inf,0.665099383163536,0.910214508612243,"mr_y_smri__thk__dst__scia"
"co_longi0 - co_longi2","ses-04A",-0.00738435653083705,0.00767663283364105,Inf,-0.96192649705439,0.771097752182602,"mr_y_smri__thk__dst__scia"
"co_longi0 - co_longi3","ses-04A",0.0143880222956577,0.0096385859743146,Inf,1.49275239480145,0.441847704850666,"mr_y_smri__thk__dst__scia"
"co_longi1 - co_longi2","ses-04A",-0.0101988752093922,0.00773593260032673,Inf,-1.31837694772075,0.551139127206613,"mr_y_smri__thk__dst__scia"
"co_longi1 - co_longi3","ses-04A",0.0115735036171026,0.00961979100275459,Inf,1.20309304160439,0.624861275276135,"mr_y_smri__thk__dst__scia"
"co_longi2 - co_longi3","ses-04A",0.0217723788264948,0.0115732792764191,Inf,1.88126271789333,0.236068791416086,"mr_y_smri__thk__dst__scia"
"co_longi0 - co_longi1","ses-06A",0.0120317941508424,0.00416581974826896,Inf,2.88821765652295,0.0202395051174498,"mr_y_smri__thk__dst__scia"
"co_longi0 - co_longi2","ses-06A",0.00224591098422618,0.00717530133656709,Inf,0.313005806847508,0.98938134588928,"mr_y_smri__thk__dst__scia"
"co_longi0 - co_longi3","ses-06A",0.0161460418334563,0.00898252214620836,Inf,1.79749535494012,0.274472831958453,"mr_y_smri__thk__dst__scia"
"co_longi1 - co_longi2","ses-06A",-0.0097858831666162,0.00713557124472854,Inf,-1.37142252960414,0.517351955716298,"mr_y_smri__thk__dst__scia"
"co_longi1 - co_longi3","ses-06A",0.00411424768261387,0.00885337933036534,Inf,0.464709296765679,0.966735212137581,"mr_y_smri__thk__dst__scia"
"co_longi2 - co_longi3","ses-06A",0.0139001308492301,0.0106411194116052,Inf,1.30626584587243,0.558885599693466,"mr_y_smri__thk__dst__scia"
"co_longi0 - co_longi1","ses-02A",0.0272722378373789,0.00357363721158083,Inf,7.63150712361058,0.000000000000163979940737136,"mr_y_smri__thk__dst__scii"
"co_longi0 - co_longi2","ses-02A",0.0162780177800827,0.00666622263877803,Inf,2.44186530545679,0.0694369478464256,"mr_y_smri__thk__dst__scii"
"co_longi0 - co_longi3","ses-02A",0.0172975675337832,0.00841776820606922,Inf,2.05488760326183,0.168141514524848,"mr_y_smri__thk__dst__scii"
"co_longi1 - co_longi2","ses-02A",-0.0109942200572963,0.00676852422138552,Inf,-1.62431568502916,0.364814778042459,"mr_y_smri__thk__dst__scii"
"co_longi1 - co_longi3","ses-02A",-0.00997467030359572,0.0084623126207856,Inf,-1.17871682961646,0.640331503647636,"mr_y_smri__thk__dst__scii"
"co_longi2 - co_longi3","ses-02A",0.00101954975370054,0.0101767651184363,Inf,0.10018407046199,0.999640194944581,"mr_y_smri__thk__dst__scii"
"co_longi0 - co_longi1","ses-04A",0.0431168908898342,0.00390942490431378,Inf,11.0289599992719,0.0000000000000248689957516035,"mr_y_smri__thk__dst__scii"
"co_longi0 - co_longi2","ses-04A",0.0343009360826112,0.00710663475519342,Inf,4.82660742590501,0.00000826807405429619,"mr_y_smri__thk__dst__scii"
"co_longi0 - co_longi3","ses-04A",0.0471433880488765,0.00892021019858531,Inf,5.28500864882681,0.000000751672164622796,"mr_y_smri__thk__dst__scii"
"co_longi1 - co_longi2","ses-04A",-0.00881595480722298,0.00716185427235545,Inf,-1.23095981459052,0.607091654065472,"mr_y_smri__thk__dst__scii"
"co_longi1 - co_longi3","ses-04A",0.00402649715904231,0.00890585487799698,Inf,0.452117984651902,0.96923589703852,"mr_y_smri__thk__dst__scii"
"co_longi2 - co_longi3","ses-04A",0.0128424519662653,0.0107176751029378,Inf,1.19824979232157,0.627941315397522,"mr_y_smri__thk__dst__scii"
"co_longi0 - co_longi1","ses-06A",0.0457822243713548,0.00389044974555499,Inf,11.767848800428,0,"mr_y_smri__thk__dst__scii"
"co_longi0 - co_longi2","ses-06A",0.0458987176029053,0.00677171294493529,Inf,6.77800697934692,0.0000000000731278371191024,"mr_y_smri__thk__dst__scii"
"co_longi0 - co_longi3","ses-06A",0.0512621080404286,0.00848237292238319,Inf,6.04336882019874,0.00000000904928110223580,"mr_y_smri__thk__dst__scii"
"co_longi1 - co_longi2","ses-06A",0.000116493231550499,0.00674659268034641,Inf,0.0172669726882812,0.999998151134848,"mr_y_smri__thk__dst__scii"
"co_longi1 - co_longi3","ses-06A",0.00547988366907385,0.00837499238477272,Inf,0.654315062905285,0.914070286519273,"mr_y_smri__thk__dst__scii"
"co_longi2 - co_longi3","ses-06A",0.00536339043752335,0.0100736190757887,Inf,0.532419421180407,0.95119908801875,"mr_y_smri__thk__dst__scii"
"co_longi0 - co_longi1","ses-02A",0.0208982875858503,0.00228562566509435,Inf,9.14335532060433,0.0000000000000484057238736568,"mr_y_smri__thk__dst__scis"
"co_longi0 - co_longi2","ses-02A",0.0170833364050756,0.00425795282215592,Inf,4.01210091295138,0.000350496533335187,"mr_y_smri__thk__dst__scis"
"co_longi0 - co_longi3","ses-02A",0.0182157431489741,0.00538222570434597,Inf,3.38442572823833,0.00397732710375531,"mr_y_smri__thk__dst__scis"
"co_longi1 - co_longi2","ses-02A",-0.00381495118077461,0.00432195442622766,Inf,-0.8826912097045,0.813867744119405,"mr_y_smri__thk__dst__scis"
"co_longi1 - co_longi3","ses-02A",-0.00268254443687611,0.00540859251636874,Inf,-0.495978284323984,0.960002999340611,"mr_y_smri__thk__dst__scis"
"co_longi2 - co_longi3","ses-02A",0.0011324067438985,0.00650224130272126,Inf,0.174156370269522,0.998124186373175,"mr_y_smri__thk__dst__scis"
"co_longi0 - co_longi1","ses-04A",0.0267340163345018,0.00252302935240761,Inf,10.5959989363543,0.0000000000000375255382323303,"mr_y_smri__thk__dst__scis"
"co_longi0 - co_longi2","ses-04A",0.0311238557706941,0.00457905772625418,Inf,6.79700008852137,0.0000000000641148245605905,"mr_y_smri__thk__dst__scis"
"co_longi0 - co_longi3","ses-04A",0.0414612310760151,0.00574842453135455,Inf,7.21262510273319,0.00000000000332134320046862,"mr_y_smri__thk__dst__scis"
"co_longi1 - co_longi2","ses-04A",0.00438983943619233,0.00461362907121786,Inf,0.951493795541205,0.776923468512856,"mr_y_smri__thk__dst__scis"
"co_longi1 - co_longi3","ses-04A",0.0147272147415133,0.00573717699102757,Inf,2.56697932877884,0.0502730504459308,"mr_y_smri__thk__dst__scis"
"co_longi2 - co_longi3","ses-04A",0.010337375305321,0.00690331234401295,Inf,1.49745148273442,0.4389958143722,"mr_y_smri__thk__dst__scis"
"co_longi0 - co_longi1","ses-06A",0.0286684910259475,0.00249952244039831,Inf,11.4695873750104,0,"mr_y_smri__thk__dst__scis"
"co_longi0 - co_longi2","ses-06A",0.0297805523566346,0.00432632559027338,Inf,6.88356706753382,0.0000000000350498519097187,"mr_y_smri__thk__dst__scis"
"co_longi0 - co_longi3","ses-06A",0.0379541367241481,0.00541783690762441,Inf,7.00540407016241,0.0000000000148050460779814,"mr_y_smri__thk__dst__scis"
"co_longi1 - co_longi2","ses-06A",0.00111206133068711,0.00430539099227625,Inf,0.258295084623468,0.993963053081971,"mr_y_smri__thk__dst__scis"
"co_longi1 - co_longi3","ses-06A",0.0092856456982006,0.00534337526882966,Inf,1.73778655457123,0.304019304420896,"mr_y_smri__thk__dst__scis"
"co_longi2 - co_longi3","ses-06A",0.00817358436751349,0.00642499999687393,Inf,1.27215320957048,0.580730594294222,"mr_y_smri__thk__dst__scis"
"co_longi0 - co_longi1","ses-02A",0.000188037216454901,0.00259056955588018,Inf,0.072585279954397,0.999862914037048,"mr_y_smri__thk__dst__scm"
"co_longi0 - co_longi2","ses-02A",0.00571260426960885,0.00482625976779087,Inf,1.18365039273957,0.63720720963133,"mr_y_smri__thk__dst__scm"
"co_longi0 - co_longi3","ses-02A",0.0124210708696186,0.00610029895950047,Inf,2.03614133538067,0.174718835038807,"mr_y_smri__thk__dst__scm"
"co_longi1 - co_longi2","ses-02A",0.00552456705315395,0.00489885517192142,Inf,1.12772614402216,0.672363184253203,"mr_y_smri__thk__dst__scm"
"co_longi1 - co_longi3","ses-02A",0.0122330336531637,0.00613026943461723,Inf,1.99551321253264,0.189597402761878,"mr_y_smri__thk__dst__scm"
"co_longi2 - co_longi3","ses-02A",0.00670846660000974,0.00736995759601746,Inf,0.910244938673029,0.799393490184875,"mr_y_smri__thk__dst__scm"
"co_longi0 - co_longi1","ses-04A",0.0140915972713056,0.00285848223833717,Inf,4.92974806081109,0.00000490825004328954,"mr_y_smri__thk__dst__scm"
"co_longi0 - co_longi2","ses-04A",0.0287666068615017,0.00518812676939747,Inf,5.54470007001055,0.000000176319359002086,"mr_y_smri__thk__dst__scm"
"co_longi0 - co_longi3","ses-04A",0.0360883125665499,0.0065129914272287,Inf,5.54097344818793,0.000000180110809933076,"mr_y_smri__thk__dst__scm"
"co_longi1 - co_longi2","ses-04A",0.0146750095901961,0.00522730993613851,Inf,2.80737315550047,0.0257237007643192,"mr_y_smri__thk__dst__scm"
"co_longi1 - co_longi3","ses-04A",0.0219967152952443,0.00650030479004914,Inf,3.38395136931387,0.00398401825422179,"mr_y_smri__thk__dst__scm"
"co_longi2 - co_longi3","ses-04A",0.00732170570504813,0.00782160482976609,Inf,0.936087396947551,0.785423670642359,"mr_y_smri__thk__dst__scm"
"co_longi0 - co_longi1","ses-06A",0.0124172220166913,0.00283248177448136,Inf,4.38386651895224,0.0000688068602839875,"mr_y_smri__thk__dst__scm"
"co_longi0 - co_longi2","ses-06A",0.0230334898443595,0.00490374687123314,Inf,4.69712047729889,0.0000156774063273524,"mr_y_smri__thk__dst__scm"
"co_longi0 - co_longi3","ses-06A",0.0228931776327095,0.00614101518298957,Inf,3.72791418854051,0.00110704668228512,"mr_y_smri__thk__dst__scm"
"co_longi1 - co_longi2","ses-06A",0.0106162678276683,0.00488021931392102,Inf,2.17536695479749,0.130093497485192,"mr_y_smri__thk__dst__scm"
"co_longi1 - co_longi3","ses-06A",0.0104759556160183,0.00605685243733811,Inf,1.72960390308308,0.308204614432676,"mr_y_smri__thk__dst__scm"
"co_longi2 - co_longi3","ses-06A",-0.000140312211649989,0.00728301495928391,Inf,-0.0192656767059264,0.999997431985074,"mr_y_smri__thk__dst__scm"
"co_longi0 - co_longi1","ses-02A",0.00258676463622814,0.0040343365001108,Inf,0.64118712857916,0.918639583097494,"mr_y_smri__thk__dst__scta"
"co_longi0 - co_longi2","ses-02A",0.00470837988125002,0.00751960445556773,Inf,0.626147280627747,0.923705709103931,"mr_y_smri__thk__dst__scta"
"co_longi0 - co_longi3","ses-02A",0.00387845502727312,0.0095005692161213,Inf,0.408233963570505,0.977034637768772,"mr_y_smri__thk__dst__scta"
"co_longi1 - co_longi2","ses-02A",0.00212161524502187,0.00763356475034692,Inf,0.277932435815842,0.992508278167592,"mr_y_smri__thk__dst__scta"
"co_longi1 - co_longi3","ses-02A",0.00129169039104498,0.00954862135867522,Inf,0.135275066685039,0.999116959923553,"mr_y_smri__thk__dst__scta"
"co_longi2 - co_longi3","ses-02A",-0.000829924853976896,0.0114811540476978,Inf,-0.0722858390828155,0.999864601435412,"mr_y_smri__thk__dst__scta"
"co_longi0 - co_longi1","ses-04A",0.00766786864805697,0.00443504446781771,Inf,1.72892711757409,0.308552220997071,"mr_y_smri__thk__dst__scta"
"co_longi0 - co_longi2","ses-04A",0.0175679142651454,0.00805401300240945,Inf,2.18126221796386,0.128414110466858,"mr_y_smri__thk__dst__scta"
"co_longi0 - co_longi3","ses-04A",0.0282549011023731,0.0101101312206634,Inf,2.79471161013468,0.0266906192671855,"mr_y_smri__thk__dst__scta"
"co_longi1 - co_longi2","ses-04A",0.0099000456170884,0.00811529205365411,Inf,1.21992474844213,0.614136991705309,"mr_y_smri__thk__dst__scta"
"co_longi1 - co_longi3","ses-04A",0.0205870324543161,0.010091553609385,Inf,2.04002607043286,0.173340982865865,"mr_y_smri__thk__dst__scta"
"co_longi2 - co_longi3","ses-04A",0.0106869868372277,0.0121435836143373,Inf,0.880052147424599,0.815230322024483,"mr_y_smri__thk__dst__scta"
"co_longi0 - co_longi1","ses-06A",0.0117335134533888,0.00440326904862341,Inf,2.66472780196273,0.0385832229636928,"mr_y_smri__thk__dst__scta"
"co_longi0 - co_longi2","ses-06A",0.0207374251217273,0.00763989875887028,Inf,2.71435862911799,0.0335936327251891,"mr_y_smri__thk__dst__scta"
"co_longi0 - co_longi3","ses-06A",0.0236776979990154,0.0095685804451006,Inf,2.47452567649562,0.0639329949337557,"mr_y_smri__thk__dst__scta"
"co_longi1 - co_longi2","ses-06A",0.00900391166833854,0.00760644325905664,Inf,1.18372166355386,0.637162048701726,"mr_y_smri__thk__dst__scta"
"co_longi1 - co_longi3","ses-06A",0.0119441845456266,0.00944126424690905,Inf,1.26510435819408,0.585245377289585,"mr_y_smri__thk__dst__scta"
"co_longi2 - co_longi3","ses-06A",0.00294027287728804,0.0113541558213759,Inf,0.258960060399429,0.993917087357955,"mr_y_smri__thk__dst__scta"
"co_longi0 - co_longi1","ses-02A",-0.00783435238123755,0.0034295109491565,Inf,-2.28439345941276,0.101633544847442,"mr_y_smri__thk__dst__sctp"
"co_longi0 - co_longi2","ses-02A",-0.0113072621710691,0.00638488920503136,Inf,-1.77094101525816,0.287394792979215,"mr_y_smri__thk__dst__sctp"
"co_longi0 - co_longi3","ses-02A",-0.0199270453169406,0.00807958396533599,Inf,-2.46634547056309,0.0652766361699325,"mr_y_smri__thk__dst__sctp"
"co_longi1 - co_longi2","ses-02A",-0.00347290978983155,0.00647994567392128,Inf,-0.535947361998477,0.950291237148582,"mr_y_smri__thk__dst__sctp"
"co_longi1 - co_longi3","ses-02A",-0.012092692935703,0.00811741203419697,Inf,-1.48972269545503,0.443689846773736,"mr_y_smri__thk__dst__sctp"
"co_longi2 - co_longi3","ses-02A",-0.00861978314587146,0.00975538548402918,Inf,-0.88359226398415,0.813401550926648,"mr_y_smri__thk__dst__sctp"
"co_longi0 - co_longi1","ses-04A",-0.00298060014104857,0.00382036244718062,Inf,-0.780187791670976,0.863478438174497,"mr_y_smri__thk__dst__sctp"
"co_longi0 - co_longi2","ses-04A",-0.0018917890964278,0.00693021142861724,Inf,-0.272977111292153,0.992894665564097,"mr_y_smri__thk__dst__sctp"
"co_longi0 - co_longi3","ses-04A",0.00306348921519627,0.00870123346742503,Inf,0.352075280667404,0.985033339725353,"mr_y_smri__thk__dst__sctp"
"co_longi1 - co_longi2","ses-04A",0.00108881104462077,0.00698342821842854,Inf,0.155913544260041,0.998651032098771,"mr_y_smri__thk__dst__sctp"
"co_longi1 - co_longi3","ses-04A",0.00604408935624485,0.00868405392199544,Inf,0.695998598181899,0.898660694294753,"mr_y_smri__thk__dst__sctp"
"co_longi2 - co_longi3","ses-04A",0.00495527831162407,0.0104477068527547,Inf,0.474293391024607,0.964751367900156,"mr_y_smri__thk__dst__sctp"
"co_longi0 - co_longi1","ses-06A",-0.000843172889681059,0.00376398535267004,Inf,-0.224010672380258,0.996037626864265,"mr_y_smri__thk__dst__sctp"
"co_longi0 - co_longi2","ses-06A",-0.00132476602591392,0.00648636462255234,Inf,-0.204238599431777,0.996987433734199,"mr_y_smri__thk__dst__sctp"
"co_longi0 - co_longi3","ses-06A",-0.000048826802961396,0.0081204207109986,Inf,-0.00601284153852561,0.999999921920222,"mr_y_smri__thk__dst__sctp"
"co_longi1 - co_longi2","ses-06A",-0.00048159313623286,0.00645075666755928,Inf,-0.0746568443132853,0.999850855737724,"mr_y_smri__thk__dst__sctp"
"co_longi1 - co_longi3","ses-06A",0.000794346086719663,0.00800398709427112,Inf,0.0992437990421322,0.999650206368276,"mr_y_smri__thk__dst__sctp"
"co_longi2 - co_longi3","ses-06A",0.00127593922295252,0.00962070407514584,Inf,0.132624308261262,0.999167638421,"mr_y_smri__thk__dst__sctp"
"co_longi0 - co_longi1","ses-02A",0.00714968037861317,0.00243073865148361,Inf,2.94136120896803,0.0172205886016448,"mr_y_smri__thk__dst__sfi"
"co_longi0 - co_longi2","ses-02A",0.00630871675475727,0.00452928135032356,Inf,1.39287367394534,0.50378728206927,"mr_y_smri__thk__dst__sfi"
"co_longi0 - co_longi3","ses-02A",0.0129876643656352,0.00572395456783458,Inf,2.26900200057817,0.105326795964819,"mr_y_smri__thk__dst__sfi"
"co_longi1 - co_longi2","ses-02A",-0.0008409636238559,0.00459759603512603,Inf,-0.182913770029134,0.997829284843407,"mr_y_smri__thk__dst__sfi"
"co_longi1 - co_longi3","ses-02A",0.00583798398702204,0.00575238194673621,Inf,1.01488114681509,0.74072405029703,"mr_y_smri__thk__dst__sfi"
"co_longi2 - co_longi3","ses-02A",0.00667894761087794,0.00691602702970217,Inf,0.965720287412694,0.768965698261059,"mr_y_smri__thk__dst__sfi"
"co_longi0 - co_longi1","ses-04A",0.0191043634124474,0.00267820660053342,Inf,7.13326724258031,0.00000000000590927307086986,"mr_y_smri__thk__dst__sfi"
"co_longi0 - co_longi2","ses-04A",0.0322452833928211,0.00486187168338378,Inf,6.63227775077332,0.000000000198320471156421,"mr_y_smri__thk__dst__sfi"
"co_longi0 - co_longi3","ses-04A",0.0351055781776698,0.00610328170567463,Inf,5.75191837286975,0.000000052871806488497,"mr_y_smri__thk__dst__sfi"
"co_longi1 - co_longi2","ses-04A",0.0131409199803737,0.00489866407733812,Inf,2.68255176776978,0.0367229483758804,"mr_y_smri__thk__dst__sfi"
"co_longi1 - co_longi3","ses-04A",0.0160012147652224,0.00609161770743741,Inf,2.62675951343533,0.0428152216814413,"mr_y_smri__thk__dst__sfi"
"co_longi2 - co_longi3","ses-04A",0.00286029478484866,0.00733002036691938,Inf,0.390216485312546,0.979836052559413,"mr_y_smri__thk__dst__sfi"
"co_longi0 - co_longi1","ses-06A",0.0251507959005073,0.00265592745274316,Inf,9.46968482686921,0.0000000000000345279360658424,"mr_y_smri__thk__dst__sfi"
"co_longi0 - co_longi2","ses-06A",0.0276576193201009,0.00460193256724086,Inf,6.01000099762074,0.0000000111227864696417,"mr_y_smri__thk__dst__sfi"
"co_longi0 - co_longi3","ses-06A",0.0298347677127414,0.00576330325374288,Inf,5.17667844276036,0.00000134966572495898,"mr_y_smri__thk__dst__sfi"
"co_longi1 - co_longi2","ses-06A",0.00250682341959356,0.0045805666389275,Inf,0.547273649135363,0.947309869732125,"mr_y_smri__thk__dst__sfi"
"co_longi1 - co_longi3","ses-06A",0.00468397181223405,0.00568516544307295,Inf,0.82389366837885,0.843183607599855,"mr_y_smri__thk__dst__sfi"
"co_longi2 - co_longi3","ses-06A",0.00217714839264049,0.00683646082927754,Inf,0.318461327726288,0.988830702723942,"mr_y_smri__thk__dst__sfi"
"co_longi0 - co_longi1","ses-02A",0.0167215690737048,0.0026764659670826,Inf,6.24763000141252,0.00000000249924414497116,"mr_y_smri__thk__dst__sfm"
"co_longi0 - co_longi2","ses-02A",0.0132457337234147,0.0049831166928636,Inf,2.65812232380272,0.0392927623924773,"mr_y_smri__thk__dst__sfm"
"co_longi0 - co_longi3","ses-02A",0.0116100053184001,0.00630478514121119,Inf,1.84145931357936,0.253865343674706,"mr_y_smri__thk__dst__sfm"
"co_longi1 - co_longi2","ses-02A",-0.0034758353502901,0.00505734594446311,Inf,-0.687284474595913,0.901994621994951,"mr_y_smri__thk__dst__sfm"
"co_longi1 - co_longi3","ses-02A",-0.0051115637553047,0.00633441852209878,Inf,-0.806950746540044,0.851208507860156,"mr_y_smri__thk__dst__sfm"
"co_longi2 - co_longi3","ses-02A",-0.00163572840501459,0.00761298284565597,Inf,-0.214860382346449,0.996498374060945,"mr_y_smri__thk__dst__sfm"
"co_longi0 - co_longi1","ses-04A",0.0273084887374732,0.00297778238942234,Inf,9.17074694056832,0.0000000000000468514116391816,"mr_y_smri__thk__dst__sfm"
"co_longi0 - co_longi2","ses-04A",0.0372964088781095,0.00540173736643719,Inf,6.90452096206022,0.0000000000302518010641961,"mr_y_smri__thk__dst__sfm"
"co_longi0 - co_longi3","ses-04A",0.03265663059115,0.00678202662604961,Inf,4.81517286672344,0.00000875450906656638,"mr_y_smri__thk__dst__sfm"
"co_longi1 - co_longi2","ses-04A",0.00998792014063635,0.00544300603037318,Inf,1.8350007486491,0.256830558275767,"mr_y_smri__thk__dst__sfm"
"co_longi1 - co_longi3","ses-04A",0.00534814185367679,0.00676851465970783,Inf,0.790149999306886,0.858970116908319,"mr_y_smri__thk__dst__sfm"
"co_longi2 - co_longi3","ses-04A",-0.00463977828695956,0.00814328648393789,Inf,-0.5697672918804,0.94108593190219,"mr_y_smri__thk__dst__sfm"
"co_longi0 - co_longi1","ses-06A",0.0301174167573281,0.00293622823226031,Inf,10.2571783849867,0.000000000000032085445411667,"mr_y_smri__thk__dst__sfm"
"co_longi0 - co_longi2","ses-06A",0.0327043822092443,0.005062552558176,Inf,6.46005781341014,0.00000000062782812282336,"mr_y_smri__thk__dst__sfm"
"co_longi0 - co_longi3","ses-06A",0.0241261069115095,0.00633819332059123,Inf,3.80646434893832,0.000812258913041375,"mr_y_smri__thk__dst__sfm"
"co_longi1 - co_longi2","ses-06A",0.0025869654519162,0.00503505412490254,Inf,0.513790991664122,0.955829760564141,"mr_y_smri__thk__dst__sfm"
"co_longi1 - co_longi3","ses-06A",-0.0059913098458186,0.00624762766452755,Inf,-0.958973576456187,0.77275227781312,"mr_y_smri__thk__dst__sfm"
"co_longi2 - co_longi3","ses-06A",-0.00857827529773481,0.00750996225096866,Inf,-1.1422527851759,0.66329187456355,"mr_y_smri__thk__dst__sfm"
"co_longi0 - co_longi1","ses-02A",-0.0105560073852181,0.00247347025302507,Inf,-4.26769126182456,0.000116161397363146,"mr_y_smri__thk__dst__sfs"
"co_longi0 - co_longi2","ses-02A",-0.0152063079591109,0.00461281093978397,Inf,-3.29653830551811,0.00540857683637819,"mr_y_smri__thk__dst__sfs"
"co_longi0 - co_longi3","ses-02A",-0.00940280264722202,0.00582575004336557,Inf,-1.61400722262879,0.370617007665925,"mr_y_smri__thk__dst__sfs"
"co_longi1 - co_longi2","ses-02A",-0.00465030057389277,0.00468331866430524,Inf,-0.99294985185097,0.753459260319889,"mr_y_smri__thk__dst__sfs"
"co_longi1 - co_longi3","ses-02A",0.00115320473799606,0.00585614839796568,Inf,0.196922048354626,0.997296772260465,"mr_y_smri__thk__dst__sfs"
"co_longi2 - co_longi3","ses-02A",0.00580350531188883,0.00704223872721073,Inf,0.824099485503734,0.843084923777771,"mr_y_smri__thk__dst__sfs"
"co_longi0 - co_longi1","ses-04A",0.0053267171442995,0.00270977890863287,Inf,1.96573865392839,0.201047854556112,"mr_y_smri__thk__dst__sfs"
"co_longi0 - co_longi2","ses-04A",0.0137214134473321,0.00492427467094775,Inf,2.78648417568697,0.0273357160148961,"mr_y_smri__thk__dst__sfs"
"co_longi0 - co_longi3","ses-04A",0.0162067737379227,0.00618106272530097,Inf,2.62200441221594,0.0433719914498841,"mr_y_smri__thk__dst__sfs"
"co_longi1 - co_longi2","ses-04A",0.00839469630303258,0.00496225225710017,Inf,1.69171091433757,0.328000360014034,"mr_y_smri__thk__dst__sfs"
"co_longi1 - co_longi3","ses-04A",0.0108800565936231,0.00617064065041941,Inf,1.76319724482476,0.291229366817004,"mr_y_smri__thk__dst__sfs"
"co_longi2 - co_longi3","ses-04A",0.00248536029059057,0.00742582135039562,Inf,0.334691635216642,0.987085467125803,"mr_y_smri__thk__dst__sfs"
"co_longi0 - co_longi1","ses-06A",0.0110793579120631,0.00269485625169095,Inf,4.11129829470906,0.000230109758658781,"mr_y_smri__thk__dst__sfs"
"co_longi0 - co_longi2","ses-06A",0.0155342204627268,0.00468609258829947,Inf,3.31496234229635,0.00507449509746249,"mr_y_smri__thk__dst__sfs"
"co_longi0 - co_longi3","ses-06A",0.0105203386894619,0.00586965811877458,Inf,1.792325630655,0.276960768020765,"mr_y_smri__thk__dst__sfs"
"co_longi1 - co_longi2","ses-06A",0.00445486255066372,0.00466772228514987,Inf,0.954397515215643,0.775307559400245,"mr_y_smri__thk__dst__sfs"
"co_longi1 - co_longi3","ses-06A",-0.000559019222601155,0.00579415471046283,Inf,-0.0964798578111321,0.999678560121543,"mr_y_smri__thk__dst__sfs"
"co_longi2 - co_longi3","ses-06A",-0.00501388177326488,0.00696897793903194,Inf,-0.71945726003566,0.889394083503583,"mr_y_smri__thk__dst__sfs"
"co_longi0 - co_longi1","ses-02A",-0.0110898711454737,0.00502396672342342,Inf,-2.20739343152275,0.121167737215925,"mr_y_smri__thk__dst__sipj"
"co_longi0 - co_longi2","ses-02A",0.00670822570659497,0.00936071605969444,Inf,0.716635956460573,0.89053088879914,"mr_y_smri__thk__dst__sipj"
"co_longi0 - co_longi3","ses-02A",-0.0158689459722627,0.0118683987441641,Inf,-1.33707556632825,0.53919798002566,"mr_y_smri__thk__dst__sipj"
"co_longi1 - co_longi2","ses-02A",0.0177980968520687,0.00950160475650767,Inf,1.87316746046279,0.239621412929358,"mr_y_smri__thk__dst__sipj"
"co_longi1 - co_longi3","ses-02A",-0.00477907482678903,0.0119246455571248,Inf,-0.400772903806237,0.978222349396952,"mr_y_smri__thk__dst__sipj"
"co_longi2 - co_longi3","ses-02A",-0.0225771716788577,0.0143224767847202,Inf,-1.57634548955554,0.392175346600916,"mr_y_smri__thk__dst__sipj"
"co_longi0 - co_longi1","ses-04A",0.0034221195664495,0.00567298738707145,Inf,0.603230596677933,0.931077470198747,"mr_y_smri__thk__dst__sipj"
"co_longi0 - co_longi2","ses-04A",0.0245837629441029,0.0103069824394602,Inf,2.38515618790463,0.0799103744716498,"mr_y_smri__thk__dst__sipj"
"co_longi0 - co_longi3","ses-04A",0.00926350897334633,0.0129436312784435,Inf,0.715680845202529,0.890914360823647,"mr_y_smri__thk__dst__sipj"
"co_longi1 - co_longi2","ses-04A",0.0211616433776534,0.0103954161355592,Inf,2.03567063614381,0.174886313078997,"mr_y_smri__thk__dst__sipj"
"co_longi1 - co_longi3","ses-04A",0.00584138940689683,0.0129264607092224,Inf,0.451893951352769,0.969279312334027,"mr_y_smri__thk__dst__sipj"
"co_longi2 - co_longi3","ses-04A",-0.0153202539707566,0.0155489482523385,Inf,-0.985291977446287,0.757855497492565,"mr_y_smri__thk__dst__sipj"
"co_longi0 - co_longi1","ses-06A",0.00415585235731521,0.00553196700084524,Inf,0.751243157574915,0.876170703915382,"mr_y_smri__thk__dst__sipj"
"co_longi0 - co_longi2","ses-06A",0.0237027157701517,0.00949646285683532,Inf,2.49595203261297,0.0605213308223833,"mr_y_smri__thk__dst__sipj"
"co_longi0 - co_longi3","ses-06A",-0.000881251334524345,0.0118828592369074,Inf,-0.0741615563186372,0.999853800405399,"mr_y_smri__thk__dst__sipj"
"co_longi1 - co_longi2","ses-06A",0.0195468634128365,0.00944503511159195,Inf,2.06953845929556,0.163126496947767,"mr_y_smri__thk__dst__sipj"
"co_longi1 - co_longi3","ses-06A",-0.00503710369183956,0.0117147323811708,Inf,-0.429980261430106,0.973345848016822,"mr_y_smri__thk__dst__sipj"
"co_longi2 - co_longi3","ses-06A",-0.024583967104676,0.0140726457203146,Inf,-1.74693285067127,0.299379398958597,"mr_y_smri__thk__dst__sipj"
"co_longi0 - co_longi1","ses-02A",0.000955070044935028,0.00223113500754156,Inf,0.428064658439204,0.973684528774735,"mr_y_smri__thk__dst__sipt"
"co_longi0 - co_longi2","ses-02A",0.00376786045958736,0.00416242469289819,Inf,0.905208078843077,0.802072598301725,"mr_y_smri__thk__dst__sipt"
"co_longi0 - co_longi3","ses-02A",-0.00168132261671002,0.00525573099248879,Inf,-0.319902715552391,0.98868222898212,"mr_y_smri__thk__dst__sipt"
"co_longi1 - co_longi2","ses-02A",0.00281279041465233,0.00422642034077446,Inf,0.665525477320816,0.910060277955203,"mr_y_smri__thk__dst__sipt"
"co_longi1 - co_longi3","ses-02A",-0.00263639266164505,0.00528372167924616,Inf,-0.498965089701922,0.959320500551113,"mr_y_smri__thk__dst__sipt"
"co_longi2 - co_longi3","ses-02A",-0.00544918307629738,0.00635433793307083,Inf,-0.857553239014466,0.826672021560932,"mr_y_smri__thk__dst__sipt"
"co_longi0 - co_longi1","ses-04A",0.014838700603497,0.00243922058696575,Inf,6.08337789652533,0.00000000705597635874966,"mr_y_smri__thk__dst__sipt"
"co_longi0 - co_longi2","ses-04A",0.0238222606711271,0.00443475126924614,Inf,5.37172419033472,0.000000466600346138435,"mr_y_smri__thk__dst__sipt"
"co_longi0 - co_longi3","ses-04A",0.0241969219122285,0.0055664207204945,Inf,4.34694449579422,0.0000813856371634225,"mr_y_smri__thk__dst__sipt"
"co_longi1 - co_longi2","ses-04A",0.00898356006763005,0.00446933569351114,Inf,2.01004370306597,0.18417761522923,"mr_y_smri__thk__dst__sipt"
"co_longi1 - co_longi3","ses-04A",0.00935822130873148,0.00555766665191384,Inf,1.6838399808504,0.332195932262163,"mr_y_smri__thk__dst__sipt"
"co_longi2 - co_longi3","ses-04A",0.000374661241101435,0.00668840021687133,Inf,0.0560165703237018,0.999936941481385,"mr_y_smri__thk__dst__sipt"
"co_longi0 - co_longi1","ses-06A",0.0130558845516107,0.0024280711734549,Inf,5.37706006905618,0.000000452999726507919,"mr_y_smri__thk__dst__sipt"
"co_longi0 - co_longi2","ses-06A",0.0184052250732507,0.00422816690802412,Inf,4.35300343473236,0.0000791813252110085,"mr_y_smri__thk__dst__sipt"
"co_longi0 - co_longi3","ses-06A",0.0139520415989088,0.00529636999127396,Inf,2.63426490632178,0.0419487591224077,"mr_y_smri__thk__dst__sipt"
"co_longi1 - co_longi2","ses-06A",0.00534934052163995,0.00421289226219679,Inf,1.26975488303861,0.582266792110973,"mr_y_smri__thk__dst__sipt"
"co_longi1 - co_longi3","ses-06A",0.000896157047298076,0.00522982070689452,Inf,0.171355214169515,0.998212603894266,"mr_y_smri__thk__dst__sipt"
"co_longi2 - co_longi3","ses-06A",-0.00445318347434188,0.00629068019500825,Inf,-0.707901742942766,0.894011613818657,"mr_y_smri__thk__dst__sipt"
"co_longi0 - co_longi1","ses-02A",-0.0122624035415451,0.00316257150494712,Inf,-3.87735218709311,0.000610916747615708,"mr_y_smri__thk__dst__soa"
"co_longi0 - co_longi2","ses-02A",-0.0121553795263128,0.00588829901564308,Inf,-2.06432782948358,0.164897550584726,"mr_y_smri__thk__dst__soa"
"co_longi0 - co_longi3","ses-02A",-0.016277545288473,0.0074495418770424,Inf,-2.18503977253102,0.127346676337904,"mr_y_smri__thk__dst__soa"
"co_longi1 - co_longi2","ses-02A",0.000107024015232263,0.00597604115391372,Inf,0.0179088484292268,0.999997937205636,"mr_y_smri__thk__dst__soa"
"co_longi1 - co_longi3","ses-02A",-0.00401514174692795,0.00748462544432064,Inf,-0.536451927594407,0.950160590226184,"mr_y_smri__thk__dst__soa"
"co_longi2 - co_longi3","ses-02A",-0.00412216576216021,0.0089955479054427,Inf,-0.458245101409123,0.968033937321354,"mr_y_smri__thk__dst__soa"
"co_longi0 - co_longi1","ses-04A",-0.00549654762970583,0.00351665511277867,Inf,-1.56300446118038,0.399941752646591,"mr_y_smri__thk__dst__soa"
"co_longi0 - co_longi2","ses-04A",-0.00134466341991288,0.00637929718593121,Inf,-0.210785511431946,0.996691703477141,"mr_y_smri__thk__dst__soa"
"co_longi0 - co_longi3","ses-04A",0.00619738670430988,0.00800931049870875,Inf,0.773772811693218,0.866343911452228,"mr_y_smri__thk__dst__soa"
"co_longi1 - co_longi2","ses-04A",0.00415188420979295,0.00642793710472967,Inf,0.645912388709901,0.917010685901702,"mr_y_smri__thk__dst__soa"
"co_longi1 - co_longi3","ses-04A",0.0116939343340157,0.00799330615269519,Inf,1.46296590054576,0.460069563792131,"mr_y_smri__thk__dst__soa"
"co_longi2 - co_longi3","ses-04A",0.00754205012422277,0.00961692781890796,Inf,0.784247346579253,0.861649850980784,"mr_y_smri__thk__dst__soa"
"co_longi0 - co_longi1","ses-06A",-0.00549858683650433,0.00346882039214582,Inf,-1.58514601936565,0.387088503078662,"mr_y_smri__thk__dst__soa"
"co_longi0 - co_longi2","ses-06A",0.00108032159348409,0.00598227469283628,Inf,0.180587092528159,0.997910409786584,"mr_y_smri__thk__dst__soa"
"co_longi0 - co_longi3","ses-06A",-0.00456542194907696,0.0074898058848713,Inf,-0.609551438215333,0.929086203144902,"mr_y_smri__thk__dst__soa"
"co_longi1 - co_longi2","ses-06A",0.00657890842998842,0.00594995511662325,Inf,1.10570723661561,0.686014902472454,"mr_y_smri__thk__dst__soa"
"co_longi1 - co_longi3","ses-06A",0.000933164887427364,0.007382975891172,Inf,0.126394139867526,0.999279081942525,"mr_y_smri__thk__dst__soa"
"co_longi2 - co_longi3","ses-06A",-0.00564574354256106,0.00887490865421982,Inf,-0.636146664999941,0.920357545415687,"mr_y_smri__thk__dst__soa"
"co_longi0 - co_longi1","ses-02A",0.00648753300337422,0.00336468822493938,Inf,1.9281230740156,0.216178903376641,"mr_y_smri__thk__dst__sohs"
"co_longi0 - co_longi2","ses-02A",0.00823226367310092,0.00626396645018362,Inf,1.3142253775736,0.553793651148037,"mr_y_smri__thk__dst__sohs"
"co_longi0 - co_longi3","ses-02A",0.0163663259607358,0.00792887350562561,Inf,2.06414264890513,0.164960746756581,"mr_y_smri__thk__dst__sohs"
"co_longi1 - co_longi2","ses-02A",0.00174473066972671,0.00635718705443067,Inf,0.274450107380545,0.992781191729542,"mr_y_smri__thk__dst__sohs"
"co_longi1 - co_longi3","ses-02A",0.00987879295736157,0.00796580655770097,Inf,1.24014974325622,0.601217493473615,"mr_y_smri__thk__dst__sohs"
"co_longi2 - co_longi3","ses-02A",0.00813406228763486,0.0095722968795067,Inf,0.849750314895586,0.830565550633751,"mr_y_smri__thk__dst__sohs"
"co_longi0 - co_longi1","ses-04A",0.015690881420039,0.00375696962019441,Inf,4.17647279757006,0.000173586697359118,"mr_y_smri__thk__dst__sohs"
"co_longi0 - co_longi2","ses-04A",0.029106358095454,0.00681568296089586,Inf,4.27049765407929,0.000114719459377022,"mr_y_smri__thk__dst__sohs"
"co_longi0 - co_longi3","ses-04A",0.0353424862335425,0.00855774302776825,Inf,4.12988402653163,0.000212429407697501,"mr_y_smri__thk__dst__sohs"
"co_longi1 - co_longi2","ses-04A",0.0134154766754149,0.00686865108119311,Inf,1.95314575115739,0.206030607990917,"mr_y_smri__thk__dst__sohs"
"co_longi1 - co_longi3","ses-04A",0.0196516048135035,0.00854129043377067,Inf,2.30077702729844,0.097814790881162,"mr_y_smri__thk__dst__sohs"
"co_longi2 - co_longi3","ses-04A",0.00623612813808854,0.010275608999632,Inf,0.606886476345284,0.929929654910636,"mr_y_smri__thk__dst__sohs"
"co_longi0 - co_longi1","ses-06A",0.0143689263041091,0.00369564798857416,Inf,3.88806681494924,0.000584909870605665,"mr_y_smri__thk__dst__sohs"
"co_longi0 - co_longi2","ses-06A",0.0180518232435746,0.00636280891075245,Inf,2.83708398236964,0.0235736827724625,"mr_y_smri__thk__dst__sohs"
"co_longi0 - co_longi3","ses-06A",0.0240594833353475,0.00796507222954618,Inf,3.02062337188853,0.0134564344419017,"mr_y_smri__thk__dst__sohs"
"co_longi1 - co_longi2","ses-06A",0.00368289693946549,0.00632736398593389,Inf,0.582058649961151,0.937514012367955,"mr_y_smri__thk__dst__sohs"
"co_longi1 - co_longi3","ses-06A",0.00969055703123838,0.00785035339832761,Inf,1.23441029206441,0.604886778410786,"mr_y_smri__thk__dst__sohs"
"co_longi2 - co_longi3","ses-06A",0.00600766009177289,0.00943511928307244,Inf,0.636733878134561,0.92015844487739,"mr_y_smri__thk__dst__sohs"
"co_longi0 - co_longi1","ses-02A",-0.00787659631994801,0.00380194506541949,Inf,-2.07172807192545,0.162386389738864,"mr_y_smri__thk__dst__sol"
"co_longi0 - co_longi2","ses-02A",-0.011062014246156,0.00708062822842385,Inf,-1.56229276404453,0.400357893747856,"mr_y_smri__thk__dst__sol"
"co_longi0 - co_longi3","ses-02A",0.0000993870022859174,0.00897272586475777,Inf,0.0110765673424037,0.99999951190902,"mr_y_smri__thk__dst__sol"
"co_longi1 - co_longi2","ses-02A",-0.00318541792620803,0.00718676735374238,Inf,-0.443233761358544,0.970928866840616,"mr_y_smri__thk__dst__sol"
"co_longi1 - co_longi3","ses-02A",0.00797598332223393,0.0090149008647309,Inf,0.88475552220862,0.812798970157826,"mr_y_smri__thk__dst__sol"
"co_longi2 - co_longi3","ses-02A",0.011161401248442,0.0108290666332381,Inf,1.03068912829327,0.731418263360832,"mr_y_smri__thk__dst__sol"
"co_longi0 - co_longi1","ses-04A",0.00794135916397893,0.00428299209168434,Inf,1.85416152866532,0.248096538152753,"mr_y_smri__thk__dst__sol"
"co_longi0 - co_longi2","ses-04A",0.00605146193141532,0.00777799246820941,Inf,0.778023629638258,0.864448443019191,"mr_y_smri__thk__dst__sol"
"co_longi0 - co_longi3","ses-04A",0.024781358404633,0.00976727924176084,Inf,2.53718131643848,0.0543802212721465,"mr_y_smri__thk__dst__sol"
"co_longi1 - co_longi2","ses-04A",-0.00188989723256361,0.00784294496113472,Inf,-0.240967805069256,0.995082461144588,"mr_y_smri__thk__dst__sol"
"co_longi1 - co_longi3","ses-04A",0.0168399992406541,0.00975256558464127,Inf,1.72672504424624,0.309684754206931,"mr_y_smri__thk__dst__sol"
"co_longi2 - co_longi3","ses-04A",0.0187298964732177,0.0117315442901165,Inf,1.59654142796845,0.380545829165784,"mr_y_smri__thk__dst__sol"
"co_longi0 - co_longi1","ses-06A",0.00752015851650045,0.00418499493128647,Inf,1.79693372153948,0.27474246490482,"mr_y_smri__thk__dst__sol"
"co_longi0 - co_longi2","ses-06A",0.00497429562547421,0.00718725505120044,Inf,0.692099499744813,0.900159744450013,"mr_y_smri__thk__dst__sol"
"co_longi0 - co_longi3","ses-06A",0.0195444126595856,0.00899404058040788,Inf,2.17304030205957,0.130760850603778,"mr_y_smri__thk__dst__sol"
"co_longi1 - co_longi2","ses-06A",-0.00254586289102625,0.00714759067813064,Inf,-0.356184762904202,0.984519853006503,"mr_y_smri__thk__dst__sol"
"co_longi1 - co_longi3","ses-06A",0.0120242541430851,0.00886561878055525,Inf,1.35627917697721,0.526966990900072,"mr_y_smri__thk__dst__sol"
"co_longi2 - co_longi3","ses-06A",0.0145701170341114,0.0106512785933799,Inf,1.36792187964806,0.519571997397112,"mr_y_smri__thk__dst__sol"
"co_longi0 - co_longi1","ses-02A",0.0000397582921193708,0.00303105134116732,Inf,0.0131169972541801,0.999999189448809,"mr_y_smri__thk__dst__soml"
"co_longi0 - co_longi2","ses-02A",0.00364153043206154,0.00564747273385012,Inf,0.644807085164793,0.917393298561412,"mr_y_smri__thk__dst__soml"
"co_longi0 - co_longi3","ses-02A",-0.00674625659296863,0.00713755404092494,Inf,-0.945177655298621,0.780423349006302,"mr_y_smri__thk__dst__soml"
"co_longi1 - co_longi2","ses-02A",0.00360177213994217,0.00573256005907246,Inf,0.628300811997938,0.922991371882205,"mr_y_smri__thk__dst__soml"
"co_longi1 - co_longi3","ses-02A",-0.006786014885088,0.00717285039389853,Inf,-0.946069485968983,0.779930428407424,"mr_y_smri__thk__dst__soml"
"co_longi2 - co_longi3","ses-02A",-0.0103877870250302,0.00862366058309422,Inf,-1.20456816742003,0.623922620790069,"mr_y_smri__thk__dst__soml"
"co_longi0 - co_longi1","ses-04A",0.00679004717485747,0.00334152473178144,Inf,2.03202062527831,0.176188894659871,"mr_y_smri__thk__dst__soml"
"co_longi0 - co_longi2","ses-04A",0.0172668623957928,0.00606554674873203,Inf,2.84671161744856,0.0229114942680189,"mr_y_smri__thk__dst__soml"
"co_longi0 - co_longi3","ses-04A",0.0103822640412571,0.00761436604813246,Inf,1.36350997254768,0.522372261252666,"mr_y_smri__thk__dst__soml"
"co_longi1 - co_longi2","ses-04A",0.0104768152209353,0.00611140611453746,Inf,1.71430519009589,0.316115563114941,"mr_y_smri__thk__dst__soml"
"co_longi1 - co_longi3","ses-04A",0.00359221686639964,0.00759969803346412,Inf,0.47267889468527,0.965090455719981,"mr_y_smri__thk__dst__soml"
"co_longi2 - co_longi3","ses-04A",-0.00688459835453569,0.00914460265036579,Inf,-0.752859212998205,0.875478228133372,"mr_y_smri__thk__dst__soml"
"co_longi0 - co_longi1","ses-06A",0.00414915194821081,0.00331273179049899,Inf,1.25248653093821,0.593324374386826,"mr_y_smri__thk__dst__soml"
"co_longi0 - co_longi2","ses-06A",0.0136191246458253,0.00573809966775082,Inf,2.37345557491226,0.0822227007038802,"mr_y_smri__thk__dst__soml"
"co_longi0 - co_longi3","ses-06A",0.00635317586573584,0.00718607866148263,Inf,0.884094951505172,0.813141253580176,"mr_y_smri__thk__dst__soml"
"co_longi1 - co_longi2","ses-06A",0.00946997269761454,0.00571110583042472,Inf,1.6581679588505,0.346074446061604,"mr_y_smri__thk__dst__soml"
"co_longi1 - co_longi3","ses-06A",0.00220402391752503,0.00708823078640826,Inf,0.310941331333521,0.989585083530415,"mr_y_smri__thk__dst__soml"
"co_longi2 - co_longi3","ses-06A",-0.00726594878008951,0.00852347738705717,Inf,-0.85246296202097,0.829216416359918,"mr_y_smri__thk__dst__soml"
"co_longi0 - co_longi1","ses-02A",0.0309725520663624,0.00369102949450888,Inf,8.39130440773776,0.0000000000000407451850037432,"mr_y_smri__thk__dst__somo"
"co_longi0 - co_longi2","ses-02A",0.0344421932970793,0.00687214756578423,Inf,5.01185298589392,0.0000032165038841292,"mr_y_smri__thk__dst__somo"
"co_longi0 - co_longi3","ses-02A",0.0278462029442966,0.00870391730291084,Inf,3.19927246263978,0.00752783534164014,"mr_y_smri__thk__dst__somo"
"co_longi1 - co_longi2","ses-02A",0.00346964123071688,0.00697463367220048,Inf,0.497465729927321,0.959663977619815,"mr_y_smri__thk__dst__somo"
"co_longi1 - co_longi3","ses-02A",-0.00312634912206586,0.0087444206210646,Inf,-0.357525015955287,0.984350005570963,"mr_y_smri__thk__dst__somo"
"co_longi2 - co_longi3","ses-02A",-0.00659599035278275,0.0105059269626039,Inf,-0.627835161643646,0.923146144396744,"mr_y_smri__thk__dst__somo"
"co_longi0 - co_longi1","ses-04A",0.043611003008224,0.00414097467095656,Inf,10.5315792714448,0.0000000000000380806497446429,"mr_y_smri__thk__dst__somo"
"co_longi0 - co_longi2","ses-04A",0.0539638414459594,0.00751529774836819,Inf,7.18053272841741,0.00000000000419486667624369,"mr_y_smri__thk__dst__somo"
"co_longi0 - co_longi3","ses-04A",0.063731851716405,0.00943684219813893,Inf,6.75351461625307,0.0000000000866016147682558,"mr_y_smri__thk__dst__somo"
"co_longi1 - co_longi2","ses-04A",0.0103528384377354,0.00757568684741131,Inf,1.366587432435,0.520418710580786,"mr_y_smri__thk__dst__somo"
"co_longi1 - co_longi3","ses-04A",0.020120848708181,0.00942038294997844,Inf,2.1358843706271,0.141771751333256,"mr_y_smri__thk__dst__somo"
"co_longi2 - co_longi3","ses-04A",0.00976801027044555,0.0113324976925294,Inf,0.861946813091771,0.824462602059372,"mr_y_smri__thk__dst__somo"
"co_longi0 - co_longi1","ses-06A",0.0586430932386684,0.00405939035405289,Inf,14.4462808756786,0,"mr_y_smri__thk__dst__somo"
"co_longi0 - co_longi2","ses-06A",0.0597211913367972,0.00697834681403163,Inf,8.55807155022928,0.0000000000000361932706027801,"mr_y_smri__thk__dst__somo"
"co_longi0 - co_longi3","ses-06A",0.0613891936363413,0.00873405647275766,Inf,7.02871498802646,0.0000000000125357502156476,"mr_y_smri__thk__dst__somo"
"co_longi1 - co_longi2","ses-06A",0.00107809809812884,0.00693915430164119,Inf,0.155364479771528,0.998665148145193,"mr_y_smri__thk__dst__somo"
"co_longi1 - co_longi3","ses-06A",0.00274610039767295,0.00860818365600475,Inf,0.319010433258748,0.988774288787219,"mr_y_smri__thk__dst__somo"
"co_longi2 - co_longi3","ses-06A",0.0016680022995441,0.0103438490943519,Inf,0.161255475048925,0.99850851765828,"mr_y_smri__thk__dst__somo"
"co_longi0 - co_longi1","ses-02A",0.00296259777591907,0.00258095397128012,Inf,1.14786927968718,0.659772085685741,"mr_y_smri__thk__dst__sost"
"co_longi0 - co_longi2","ses-02A",0.00341367026735031,0.00481341376692552,Inf,0.709199423246493,0.893498168292274,"mr_y_smri__thk__dst__sost"
"co_longi0 - co_longi3","ses-02A",-0.00245822158419012,0.00607897507878107,Inf,-0.404380928089449,0.97765290722257,"mr_y_smri__thk__dst__sost"
"co_longi1 - co_longi2","ses-02A",0.000451072491431238,0.00488702491898759,Inf,0.092300018704362,0.999718470717189,"mr_y_smri__thk__dst__sost"
"co_longi1 - co_longi3","ses-02A",-0.00542081936010919,0.00611075171246461,Inf,-0.887095338704712,0.811584445640403,"mr_y_smri__thk__dst__sost"
"co_longi2 - co_longi3","ses-02A",-0.00587189185154043,0.00734845750522312,Inf,-0.799064544820028,0.854876359218574,"mr_y_smri__thk__dst__sost"
"co_longi0 - co_longi1","ses-04A",0.0123169445840596,0.00282700201921507,Inf,4.35689274374112,0.000077796410095754,"mr_y_smri__thk__dst__sost"
"co_longi0 - co_longi2","ses-04A",0.0193802807474026,0.0051375071207221,Inf,3.77231219188629,0.000930033120412954,"mr_y_smri__thk__dst__sost"
"co_longi0 - co_longi3","ses-04A",0.0218948536250962,0.0064486980533373,Inf,3.3952362855267,0.00382760051063535,"mr_y_smri__thk__dst__sost"
"co_longi1 - co_longi2","ses-04A",0.00706333616334301,0.00517716540528098,Inf,1.36432499454973,0.521854771819946,"mr_y_smri__thk__dst__sost"
"co_longi1 - co_longi3","ses-04A",0.00957790904103653,0.00643788626009261,Inf,1.48774126383816,0.444896039984937,"mr_y_smri__thk__dst__sost"
"co_longi2 - co_longi3","ses-04A",0.00251457287769351,0.00774745269433792,Inf,0.324567696880711,0.98819305690522,"mr_y_smri__thk__dst__sost"
"co_longi0 - co_longi1","ses-06A",0.00901746258535972,0.00281167769403268,Inf,3.20714661018857,0.00733177215918113,"mr_y_smri__thk__dst__sost"
"co_longi0 - co_longi2","ses-06A",0.014294642743583,0.00488984598252364,Inf,2.92333189934248,0.0181969264134123,"mr_y_smri__thk__dst__sost"
"co_longi0 - co_longi3","ses-06A",0.0110805300171746,0.00612490475047325,Inf,1.80909425837495,0.26894009954887,"mr_y_smri__thk__dst__sost"
"co_longi1 - co_longi2","ses-06A",0.0052771801582233,0.00487080784276216,Inf,1.08343016776262,0.699690499616825,"mr_y_smri__thk__dst__sost"
"co_longi1 - co_longi3","ses-06A",0.00206306743181491,0.00604627673148963,Inf,0.341212869247324,0.986338163102916,"mr_y_smri__thk__dst__sost"
"co_longi2 - co_longi3","ses-06A",-0.00321411272640839,0.00727226870468799,Inf,-0.441968367359205,0.971165225014445,"mr_y_smri__thk__dst__sost"
"co_longi0 - co_longi1","ses-02A",-0.00505758400858231,0.00322979366585874,Inf,-1.56591551406043,0.398241525241285,"mr_y_smri__thk__dst__sotl"
"co_longi0 - co_longi2","ses-02A",-0.00839988369147777,0.00601312193225583,Inf,-1.39692555483014,0.501233318977481,"mr_y_smri__thk__dst__sotl"
"co_longi0 - co_longi3","ses-02A",-0.00615983644064911,0.007608841152389,Inf,-0.809563022447257,0.849984040665655,"mr_y_smri__thk__dst__sotl"
"co_longi1 - co_longi2","ses-02A",-0.00334229968289547,0.00610265454232232,Inf,-0.54767964657288,0.947201107483539,"mr_y_smri__thk__dst__sotl"
"co_longi1 - co_longi3","ses-02A",-0.0011022524320668,0.00764449812545514,Inf,-0.144188985853296,0.998931638227638,"mr_y_smri__thk__dst__sotl"
"co_longi2 - co_longi3","ses-02A",0.00224004725082867,0.00918716049739438,Inf,0.243823676691398,0.994908169371992,"mr_y_smri__thk__dst__sotl"
"co_longi0 - co_longi1","ses-04A",0.00398702164723858,0.00359673077389718,Inf,1.10851267383533,0.684282604647077,"mr_y_smri__thk__dst__sotl"
"co_longi0 - co_longi2","ses-04A",0.0053236555898648,0.00652451961823205,Inf,0.815945985508026,0.846972378569594,"mr_y_smri__thk__dst__sotl"
"co_longi0 - co_longi3","ses-04A",0.012930894685357,0.0081918264917132,Inf,1.57851178835853,0.390920478907666,"mr_y_smri__thk__dst__sotl"
"co_longi1 - co_longi2","ses-04A",0.00133663394262622,0.00657455123935751,Inf,0.203304209513902,0.997028169324515,"mr_y_smri__thk__dst__sotl"
"co_longi1 - co_longi3","ses-04A",0.00894387303811841,0.00817560975516253,Inf,1.09397015096895,0.69323834570525,"mr_y_smri__thk__dst__sotl"
"co_longi2 - co_longi3","ses-04A",0.00760723909549218,0.0098360477890194,Inf,0.773404039779536,0.866507735309006,"mr_y_smri__thk__dst__sotl"
"co_longi0 - co_longi1","ses-06A",0.00729368112118761,0.00354440270180383,Inf,2.05780260732667,0.167134962450064,"mr_y_smri__thk__dst__sotl"
"co_longi0 - co_longi2","ses-06A",0.00670166156784217,0.00610876781364597,Inf,1.09705619402849,0.69134290889659,"mr_y_smri__thk__dst__sotl"
"co_longi0 - co_longi3","ses-06A",0.014271114768666,0.0076477846573477,Inf,1.86604558157306,0.24277515799984,"mr_y_smri__thk__dst__sotl"
"co_longi1 - co_longi2","ses-06A",-0.000592019553345438,0.00607531779875386,Inf,-0.0974466806439114,0.999668822800346,"mr_y_smri__thk__dst__sotl"
"co_longi1 - co_longi3","ses-06A",0.00697743364747835,0.00753821758422871,Inf,0.925607886680848,0.791133141457698,"mr_y_smri__thk__dst__sotl"
"co_longi2 - co_longi3","ses-06A",0.00756945320082378,0.00906097349968161,Inf,0.835390722761717,0.837627585221615,"mr_y_smri__thk__dst__sotl"
"co_longi0 - co_longi1","ses-02A",-0.0204926622731213,0.00278124169011169,Inf,-7.36817024783571,0.00000000000106492592522045,"mr_y_smri__thk__dst__sotml"
"co_longi0 - co_longi2","ses-02A",-0.0299804702391186,0.00519206877547735,Inf,-5.77428218607567,0.0000000463105247483497,"mr_y_smri__thk__dst__sotml"
"co_longi0 - co_longi3","ses-02A",-0.0306215993941525,0.00655351859458278,Inf,-4.67254329902485,0.000017668582861341,"mr_y_smri__thk__dst__sotml"
"co_longi1 - co_longi2","ses-02A",-0.00948780796599731,0.00527270474474736,Inf,-1.7994195437264,0.273550263850869,"mr_y_smri__thk__dst__sotml"
"co_longi1 - co_longi3","ses-02A",-0.0101289371210313,0.00658963541678215,Inf,-1.53710129322715,0.415203199902198,"mr_y_smri__thk__dst__sotml"
"co_longi2 - co_longi3","ses-02A",-0.000641129155033952,0.00792574891317318,Inf,-0.0808919336276662,0.999810348867711,"mr_y_smri__thk__dst__sotml"
"co_longi0 - co_longi1","ses-04A",-0.0113501892813519,0.0030307704956438,Inf,-3.74498474815754,0.00103556356607948,"mr_y_smri__thk__dst__sotml"
"co_longi0 - co_longi2","ses-04A",-0.0130694966213659,0.00551503189577585,Inf,-2.36979529191413,0.0829570223427939,"mr_y_smri__thk__dst__sotml"
"co_longi0 - co_longi3","ses-04A",-0.00309909691311505,0.00692202048177668,Inf,-0.447715651994085,0.970082150937126,"mr_y_smri__thk__dst__sotml"
"co_longi1 - co_longi2","ses-04A",-0.00171930734001398,0.00555897872286749,Inf,-0.309284749182689,0.989746739727691,"mr_y_smri__thk__dst__sotml"
"co_longi1 - co_longi3","ses-04A",0.00825109236823683,0.00691259287651631,Inf,1.19363204453538,0.63087521597288,"mr_y_smri__thk__dst__sotml"
"co_longi2 - co_longi3","ses-04A",0.00997039970825081,0.00831946245498581,Inf,1.19844277947016,0.62781864116495,"mr_y_smri__thk__dst__sotml"
"co_longi0 - co_longi1","ses-06A",-0.0125631227775012,0.00302107890897541,Inf,-4.15848879027194,0.000187707611567167,"mr_y_smri__thk__dst__sotml"
"co_longi0 - co_longi2","ses-06A",-0.0183818939722368,0.00527312956346892,Inf,-3.48595530433815,0.00276044744237702,"mr_y_smri__thk__dst__sotml"
"co_longi0 - co_longi3","ses-06A",-0.0122232940745102,0.00660588560547118,Inf,-1.85036417590801,0.24981237113053,"mr_y_smri__thk__dst__sotml"
"co_longi1 - co_longi2","ses-06A",-0.00581877119473551,0.00525685873972527,Inf,-1.1068912981747,0.685284032389585,"mr_y_smri__thk__dst__sotml"
"co_longi1 - co_longi3","ses-06A",0.000339828702991017,0.00652627319536434,Inf,0.0520708669125895,0.999949341994875,"mr_y_smri__thk__dst__sotml"
"co_longi2 - co_longi3","ses-06A",0.00615859989772653,0.00785099068049662,Inf,0.784436021943789,0.861564577857343,"mr_y_smri__thk__dst__sotml"
"co_longi0 - co_longi1","ses-02A",-0.0133010660558701,0.00251295542275578,Inf,-5.29299721571813,0.000000719590046438512,"mr_y_smri__thk__dst__spct"
"co_longi0 - co_longi2","ses-02A",-0.0178242478986025,0.00469055783515629,Inf,-3.80002731551621,0.000833331215500888,"mr_y_smri__thk__dst__spct"
"co_longi0 - co_longi3","ses-02A",-0.0102969977019885,0.0059209366595117,Inf,-1.73908256313583,0.303359375231419,"mr_y_smri__thk__dst__spct"
"co_longi1 - co_longi2","ses-02A",-0.00452318184273238,0.00476324354453597,Inf,-0.949601211955882,0.777974351171291,"mr_y_smri__thk__dst__spct"
"co_longi1 - co_longi3","ses-02A",0.0030040683538816,0.00595332659277912,Inf,0.504603318340586,0.958013217211528,"mr_y_smri__thk__dst__spct"
"co_longi2 - co_longi3","ses-02A",0.00752725019661398,0.00716025555004413,Inf,1.05125440621565,0.719164870485106,"mr_y_smri__thk__dst__spct"
"co_longi0 - co_longi1","ses-04A",-0.002076522611604,0.00274028670608003,Inf,-0.757775676171655,0.873359683059479,"mr_y_smri__thk__dst__spct"
"co_longi0 - co_longi2","ses-04A",0.0043660647882047,0.00498547804279682,Inf,0.875756497315825,0.817439121353311,"mr_y_smri__thk__dst__spct"
"co_longi0 - co_longi3","ses-04A",0.00837225867481537,0.00625743357865266,Inf,1.33797004308244,0.538627465808,"mr_y_smri__thk__dst__spct"
"co_longi1 - co_longi2","ses-04A",0.0064425873998087,0.00502500902911343,Inf,1.28210464150059,0.574356160738356,"mr_y_smri__thk__dst__spct"
"co_longi1 - co_longi3","ses-04A",0.0104487812864194,0.00624861284506491,Inf,1.67217613660794,0.338465000245529,"mr_y_smri__thk__dst__spct"
"co_longi2 - co_longi3","ses-04A",0.00400619388661067,0.00752025766452533,Inf,0.532720295676669,0.951122048022072,"mr_y_smri__thk__dst__spct"
"co_longi0 - co_longi1","ses-06A",-0.00241166015079726,0.00273075727229236,Inf,-0.883147021255673,0.813631974936242,"mr_y_smri__thk__dst__spct"
"co_longi0 - co_longi2","ses-06A",0.00225897370758048,0.00476398569038206,Inf,0.474177265507133,0.96477582380463,"mr_y_smri__thk__dst__spct"
"co_longi0 - co_longi3","ses-06A",0.00199430966993175,0.00596795506300867,Inf,0.334169686077754,0.987144125529791,"mr_y_smri__thk__dst__spct"
"co_longi1 - co_longi2","ses-06A",0.00467063385837774,0.00474873584676156,Inf,0.983553098992213,0.75884997731031,"mr_y_smri__thk__dst__spct"
"co_longi1 - co_longi3","ses-06A",0.00440596982072902,0.00589535837201747,Inf,0.747362508383224,0.877825652187765,"mr_y_smri__thk__dst__spct"
"co_longi2 - co_longi3","ses-06A",-0.000264664037648722,0.00709184727055438,Inf,-0.0373194779232792,0.999981341142184,"mr_y_smri__thk__dst__spct"
"co_longi0 - co_longi1","ses-02A",0.00864414732145301,0.00268256784345935,Inf,3.22234061760235,0.0069664601451298,"mr_y_smri__thk__dst__spo"
"co_longi0 - co_longi2","ses-02A",0.00602900997186961,0.005014082397438,Inf,1.20241541601913,0.625292377777597,"mr_y_smri__thk__dst__spo"
"co_longi0 - co_longi3","ses-02A",0.00844372595300855,0.00632529330269598,Inf,1.33491453264462,0.540576621799427,"mr_y_smri__thk__dst__spo"
"co_longi1 - co_longi2","ses-02A",-0.0026151373495834,0.00509345729394254,Inf,-0.513430701125832,0.955916629425003,"mr_y_smri__thk__dst__spo"
"co_longi1 - co_longi3","ses-02A",-0.000200421368444466,0.00636236474868276,Inf,-0.0315010811799119,0.999988776715724,"mr_y_smri__thk__dst__spo"
"co_longi2 - co_longi3","ses-02A",0.00241471598113894,0.00765376306137937,Inf,0.315493955296776,0.989132422046446,"mr_y_smri__thk__dst__spo"
"co_longi0 - co_longi1","ses-04A",0.0194932388173609,0.00290755136560093,Inf,6.70434890608788,0.000000000121395005159286,"mr_y_smri__thk__dst__spo"
"co_longi0 - co_longi2","ses-04A",0.0245504448952413,0.00529998404153134,Inf,4.63217336181786,0.0000214749742780684,"mr_y_smri__thk__dst__spo"
"co_longi0 - co_longi3","ses-04A",0.0285142256923107,0.00665156433896408,Inf,4.28684505467048,0.000106652124703288,"mr_y_smri__thk__dst__spo"
"co_longi1 - co_longi2","ses-04A",0.00505720607788034,0.00534420229765243,Inf,0.94629765046541,0.779804253647901,"mr_y_smri__thk__dst__spo"
"co_longi1 - co_longi3","ses-04A",0.00902098687494978,0.00664540704412043,Inf,1.35747694837311,0.526205442946394,"mr_y_smri__thk__dst__spo"
"co_longi2 - co_longi3","ses-04A",0.00396378079706944,0.00799865439872232,Inf,0.495555952223989,0.960098945040846,"mr_y_smri__thk__dst__spo"
"co_longi0 - co_longi1","ses-06A",0.0180909312428257,0.00290417158955745,Inf,6.22929144678481,0.00000000280997991541909,"mr_y_smri__thk__dst__spo"
"co_longi0 - co_longi2","ses-06A",0.0185621203989059,0.00509037181997627,Inf,3.64651562898846,0.00151566118144919,"mr_y_smri__thk__dst__spo"
"co_longi0 - co_longi3","ses-06A",0.0238313592308747,0.0063777647505404,Inf,3.73663190208692,0.00106998530739322,"mr_y_smri__thk__dst__spo"
"co_longi1 - co_longi2","ses-06A",0.000471189156080221,0.00507971068833947,Inf,0.0927590536133958,0.999714258507538,"mr_y_smri__thk__dst__spo"
"co_longi1 - co_longi3","ses-06A",0.00574042798804901,0.00630709413597394,Inf,0.910154163596064,0.799441902228755,"mr_y_smri__thk__dst__spo"
"co_longi2 - co_longi3","ses-06A",0.00526923883196878,0.00758865926136383,Inf,0.694357020191443,0.899293254959754,"mr_y_smri__thk__dst__spo"
"co_longi0 - co_longi1","ses-02A",-0.0175496541348801,0.00264288167482243,Inf,-6.64034803452153,0.000000000187761028946909,"mr_y_smri__thk__dst__sprip"
"co_longi0 - co_longi2","ses-02A",-0.0168046369899564,0.0049226458940671,Inf,-3.41374077103734,0.00358325355815259,"mr_y_smri__thk__dst__sprip"
"co_longi0 - co_longi3","ses-02A",-0.0102518578610367,0.00622365464767118,Inf,-1.64724080004549,0.352070033843322,"mr_y_smri__thk__dst__sprip"
"co_longi1 - co_longi2","ses-02A",0.000745017144923686,0.00499643977387868,Inf,0.149109601764566,0.998819124058394,"mr_y_smri__thk__dst__sprip"
"co_longi1 - co_longi3","ses-02A",0.00729779627384336,0.00625380525416836,Inf,1.16693692515915,0.647775592410439,"mr_y_smri__thk__dst__sprip"
"co_longi2 - co_longi3","ses-02A",0.00655277912891967,0.00751788515857905,Inf,0.871625329557203,0.819552638643119,"mr_y_smri__thk__dst__sprip"
"co_longi0 - co_longi1","ses-04A",-0.00184056855575851,0.00292230929128384,Inf,-0.629833591279416,0.922480684650398,"mr_y_smri__thk__dst__sprip"
"co_longi0 - co_longi2","ses-04A",0.00589511113373517,0.00530276809945376,Inf,1.11170449530735,0.682309127868926,"mr_y_smri__thk__dst__sprip"
"co_longi0 - co_longi3","ses-04A",0.0116598178532399,0.00665712723461917,Inf,1.75147889507131,0.297088337155342,"mr_y_smri__thk__dst__sprip"
"co_longi1 - co_longi2","ses-04A",0.00773567968949368,0.00534278650660846,Inf,1.44787362922428,0.4693909643832,"mr_y_smri__thk__dst__sprip"
"co_longi1 - co_longi3","ses-04A",0.0135003864089984,0.00664390883875979,Inf,2.03199452861826,0.176198232566554,"mr_y_smri__thk__dst__sprip"
"co_longi2 - co_longi3","ses-04A",0.00576470671950474,0.00799412959702661,Inf,0.721117496224843,0.888722278173429,"mr_y_smri__thk__dst__sprip"
"co_longi0 - co_longi1","ses-06A",0.00408286762025909,0.00289235493991673,Inf,1.41160670286774,0.492003999386008,"mr_y_smri__thk__dst__sprip"
"co_longi0 - co_longi2","ses-06A",0.00954598938778368,0.00500169777291075,Inf,1.90854982071985,0.224346574118705,"mr_y_smri__thk__dst__sprip"
"co_longi0 - co_longi3","ses-06A",0.0131776578880857,0.00626327540985579,Inf,2.10395632089714,0.151773591633147,"mr_y_smri__thk__dst__sprip"
"co_longi1 - co_longi2","ses-06A",0.0054631217675246,0.00497669987666199,Inf,1.0977398482765,0.690922635593957,"mr_y_smri__thk__dst__sprip"
"co_longi1 - co_longi3","ses-06A",0.0090947902678266,0.00617625783975363,Inf,1.47254057453492,0.45418598733963,"mr_y_smri__thk__dst__sprip"
"co_longi2 - co_longi3","ses-06A",0.003631668500302,0.00742599606740942,Inf,0.489047996704491,0.961559951126776,"mr_y_smri__thk__dst__sprip"
"co_longi0 - co_longi1","ses-02A",-0.0212648175138758,0.00330515737099508,Inf,-6.43382905167797,0.000000000746376294102902,"mr_y_smri__thk__dst__sprsp"
"co_longi0 - co_longi2","ses-02A",-0.0286125831152421,0.0061553645959503,Inf,-4.64839777875492,0.0000198593095891431,"mr_y_smri__thk__dst__sprsp"
"co_longi0 - co_longi3","ses-02A",-0.0151730998199759,0.00778359246699646,Inf,-1.94936976522243,0.20754092316287,"mr_y_smri__thk__dst__sprsp"
"co_longi1 - co_longi2","ses-02A",-0.00734776560136631,0.0062474431685105,Inf,-1.17612364021202,0.641972182552448,"mr_y_smri__thk__dst__sprsp"
"co_longi1 - co_longi3","ses-02A",0.00609171769389982,0.00782095563001325,Inf,0.778896848682097,0.864057459549506,"mr_y_smri__thk__dst__sprsp"
"co_longi2 - co_longi3","ses-02A",0.0134394832952661,0.009401252533382,Inf,1.4295417815387,0.480785754512477,"mr_y_smri__thk__dst__sprsp"
"co_longi0 - co_longi1","ses-04A",-0.00635144705535228,0.00366024894902152,Inf,-1.73525001818529,0.305313259219405,"mr_y_smri__thk__dst__sprsp"
"co_longi0 - co_longi2","ses-04A",-0.00815969856307544,0.00664096496387429,Inf,-1.22869170481441,0.608540522105341,"mr_y_smri__thk__dst__sprsp"
"co_longi0 - co_longi3","ses-04A",0.00119501799531009,0.00833730950590304,Inf,0.143333769061109,0.998950439153303,"mr_y_smri__thk__dst__sprsp"
"co_longi1 - co_longi2","ses-04A",-0.00180825150772316,0.00669113386684351,Inf,-0.270245902071032,0.99310199718202,"mr_y_smri__thk__dst__sprsp"
"co_longi1 - co_longi3","ses-04A",0.00754646505066238,0.00832061802525866,Inf,0.906959678686582,0.801142575546964,"mr_y_smri__thk__dst__sprsp"
"co_longi2 - co_longi3","ses-04A",0.00935471655838553,0.0100113470494082,Inf,0.934411374634993,0.786340801815612,"mr_y_smri__thk__dst__sprsp"
"co_longi0 - co_longi1","ses-06A",-0.000725943876410111,0.0036194967262332,Inf,-0.200564866145244,0.997145506169598,"mr_y_smri__thk__dst__sprsp"
"co_longi0 - co_longi2","ses-06A",0.00157227475269639,0.0062541434587714,Inf,0.251397295738601,0.994426598659682,"mr_y_smri__thk__dst__sprsp"
"co_longi0 - co_longi3","ses-06A",0.00660868420878447,0.00783124183994652,Inf,0.843887131038926,0.833465335694022,"mr_y_smri__thk__dst__sprsp"
"co_longi1 - co_longi2","ses-06A",0.0022982186291065,0.00622206889557251,Inf,0.369365667220732,0.982798050702814,"mr_y_smri__thk__dst__sprsp"
"co_longi1 - co_longi3","ses-06A",0.00733462808519458,0.0077214876703967,Inf,0.949898309533629,0.777809506052943,"mr_y_smri__thk__dst__sprsp"
"co_longi2 - co_longi3","ses-06A",0.00503640945608808,0.00928333720472431,Inf,0.542521438683176,0.948573183701457,"mr_y_smri__thk__dst__sprsp"
"co_longi0 - co_longi1","ses-02A",0.00467578553604162,0.00538668993584905,Inf,0.868025743402032,0.821385571404212,"mr_y_smri__thk__dst__sso"
"co_longi0 - co_longi2","ses-02A",-0.00363475428940643,0.0100375188221708,Inf,-0.362116809323236,0.983759163704436,"mr_y_smri__thk__dst__sso"
"co_longi0 - co_longi3","ses-02A",0.00331858687940322,0.0127273894277631,Inf,0.260743721109386,0.993792672671673,"mr_y_smri__thk__dst__sso"
"co_longi1 - co_longi2","ses-02A",-0.00831053982544805,0.0101894427516877,Inf,-0.815602975351282,0.847134929682037,"mr_y_smri__thk__dst__sso"
"co_longi1 - co_longi3","ses-02A",-0.0013571986566384,0.0127886595864066,Inf,-0.106125168745676,0.999572508999836,"mr_y_smri__thk__dst__sso"
"co_longi2 - co_longi3","ses-02A",0.00695334116880965,0.015359344082819,Inf,0.45271081442779,0.969120831649315,"mr_y_smri__thk__dst__sso"
"co_longi0 - co_longi1","ses-04A",0.0227238464958503,0.00609596408850584,Inf,3.72768706736592,0.00110802804550425,"mr_y_smri__thk__dst__sso"
"co_longi0 - co_longi2","ses-04A",0.0289712494404526,0.0110820692353799,Inf,2.61424548296096,0.0442936430976139,"mr_y_smri__thk__dst__sso"
"co_longi0 - co_longi3","ses-04A",0.0178671855325349,0.0139172711892001,Inf,1.28381385184187,0.573261349627441,"mr_y_smri__thk__dst__sso"
"co_longi1 - co_longi2","ses-04A",0.00624740294460229,0.0111796040924764,Inf,0.55882148356279,0.94416506755786,"mr_y_smri__thk__dst__sso"
"co_longi1 - co_longi3","ses-04A",-0.00485666096331542,0.0139013274971823,Inf,-0.34936670359718,0.985365793181202,"mr_y_smri__thk__dst__sso"
"co_longi2 - co_longi3","ses-04A",-0.0111040639079177,0.0167214114476835,Inf,-0.664062596788503,0.910589189483199,"mr_y_smri__thk__dst__sso"
"co_longi0 - co_longi1","ses-06A",0.0283738856934848,0.00593316160625755,Inf,4.7822539779735,0.0000103132186565214,"mr_y_smri__thk__dst__sso"
"co_longi0 - co_longi2","ses-06A",0.0251053119902404,0.0101829204081941,Inf,2.46543339080196,0.0654278790138508,"mr_y_smri__thk__dst__sso"
"co_longi0 - co_longi3","ses-06A",0.0261906217440351,0.0127402858392454,Inf,2.05573266365477,0.167849267037406,"mr_y_smri__thk__dst__sso"
"co_longi1 - co_longi2","ses-06A",-0.00326857370324443,0.0101295170255428,Inf,-0.322678139046741,0.988392793294832,"mr_y_smri__thk__dst__sso"
"co_longi1 - co_longi3","ses-06A",-0.00218326394944964,0.0125624334744283,Inf,-0.173793075513102,0.998135812740983,"mr_y_smri__thk__dst__sso"
"co_longi2 - co_longi3","ses-06A",0.00108530975379479,0.0150896058087387,Inf,0.0719243277492555,0.999866620126395,"mr_y_smri__thk__dst__sso"
"co_longi0 - co_longi1","ses-02A",0.00538860309598703,0.00259284345488836,Inf,2.07826009928511,0.160192983985656,"mr_y_smri__thk__dst__ssp"
"co_longi0 - co_longi2","ses-02A",0.00654238465470931,0.00483067536795834,Inf,1.35434160989262,0.52819925847087,"mr_y_smri__thk__dst__ssp"
"co_longi0 - co_longi3","ses-02A",0.00692493775977006,0.00610564968980588,Inf,1.13418524016078,0.668335692252809,"mr_y_smri__thk__dst__ssp"
"co_longi1 - co_longi2","ses-02A",0.00115378155872228,0.0049033794778114,Inf,0.235303338022955,0.995416551455418,"mr_y_smri__thk__dst__ssp"
"co_longi1 - co_longi3","ses-02A",0.00153633466378303,0.00613571650397948,Inf,0.250392054911044,0.994492152857592,"mr_y_smri__thk__dst__ssp"
"co_longi2 - co_longi3","ses-02A",0.000382553105060752,0.00737659534492306,Inf,0.0518603891325073,0.999949953405061,"mr_y_smri__thk__dst__ssp"
"co_longi0 - co_longi1","ses-04A",0.0174236971630871,0.00286006310020722,Inf,6.09206739593428,0.00000000668341504361791,"mr_y_smri__thk__dst__ssp"
"co_longi0 - co_longi2","ses-04A",0.0294078543754719,0.00519120688717548,Inf,5.66493592234245,0.000000088108204621129,"mr_y_smri__thk__dst__ssp"
"co_longi0 - co_longi3","ses-04A",0.0307482364834234,0.00651682476714643,Inf,4.71828499032779,0.0000141367305606099,"mr_y_smri__thk__dst__ssp"
"co_longi1 - co_longi2","ses-04A",0.0119841572123847,0.00523042663275118,Inf,2.29123894738222,0.100023959183213,"mr_y_smri__thk__dst__ssp"
"co_longi1 - co_longi3","ses-04A",0.0133245393203362,0.00650417910100929,Inf,2.04861199444348,0.170323264266835,"mr_y_smri__thk__dst__ssp"
"co_longi2 - co_longi3","ses-04A",0.0013403821079515,0.0078263080471516,Inf,0.17126620877635,0.998215367317661,"mr_y_smri__thk__dst__ssp"
"co_longi0 - co_longi1","ses-06A",0.0157851749475012,0.00283454789967591,Inf,5.56885101476183,0.000000153559582716234,"mr_y_smri__thk__dst__ssp"
"co_longi0 - co_longi2","ses-06A",0.0216813702193892,0.00490822155950763,Inf,4.41735768373998,0.0000590173530673477,"mr_y_smri__thk__dst__ssp"
"co_longi0 - co_longi3","ses-06A",0.0155095407056779,0.00614667941889157,Inf,2.52323891465854,0.0563960524155251,"mr_y_smri__thk__dst__ssp"
"co_longi1 - co_longi2","ses-06A",0.00589619527188803,0.0048848362796165,Inf,1.20704050952367,0.622348857273046,"mr_y_smri__thk__dst__ssp"
"co_longi1 - co_longi3","ses-06A",-0.000275634241823286,0.00606263324080702,Inf,-0.0454644427388446,0.999966272496473,"mr_y_smri__thk__dst__ssp"
"co_longi2 - co_longi3","ses-06A",-0.00617182951371132,0.00729005602625996,Inf,-0.846609339006365,0.832121775057023,"mr_y_smri__thk__dst__ssp"
"co_longi0 - co_longi1","ses-02A",-0.00692646831914168,0.00283421567780901,Inf,-2.44387481636407,0.0690874574396821,"mr_y_smri__thk__dst__sti"
"co_longi0 - co_longi2","ses-02A",-0.0118771039905385,0.0052777221024767,Inf,-2.25042239055461,0.109923857611993,"mr_y_smri__thk__dst__sti"
"co_longi0 - co_longi3","ses-02A",-0.00964675600367017,0.00667496954517723,Inf,-1.44521348575142,0.471039683596131,"mr_y_smri__thk__dst__sti"
"co_longi1 - co_longi2","ses-02A",-0.00495063567139686,0.00535653857447391,Inf,-0.924222910479662,0.791883217864536,"mr_y_smri__thk__dst__sti"
"co_longi1 - co_longi3","ses-02A",-0.0027202876845285,0.00670676262391166,Inf,-0.405603692432745,0.977457837859366,"mr_y_smri__thk__dst__sti"
"co_longi2 - co_longi3","ses-02A",0.00223034798686836,0.0080614718148742,Inf,0.276667590991654,0.99260816362748,"mr_y_smri__thk__dst__sti"
"co_longi0 - co_longi1","ses-04A",-0.000709225641322841,0.00314333534326701,Inf,-0.225628373645209,0.99595226193154,"mr_y_smri__thk__dst__sti"
"co_longi0 - co_longi2","ses-04A",-0.00465728536981209,0.00570258093468752,Inf,-0.816697811596652,0.846615810463017,"mr_y_smri__thk__dst__sti"
"co_longi0 - co_longi3","ses-04A",0.0122033844588966,0.00715939272611718,Inf,1.70452787348558,0.321229332597689,"mr_y_smri__thk__dst__sti"
"co_longi1 - co_longi2","ses-04A",-0.00394805972848924,0.00574575771208195,Inf,-0.687126037387101,0.902054691312453,"mr_y_smri__thk__dst__sti"
"co_longi1 - co_longi3","ses-04A",0.0129126101002195,0.00714501241445816,Inf,1.80722010700645,0.269829449941748,"mr_y_smri__thk__dst__sti"
"co_longi2 - co_longi3","ses-04A",0.0168606698287087,0.00859666481563124,Inf,1.96130362068452,0.202793206360208,"mr_y_smri__thk__dst__sti"
"co_longi0 - co_longi1","ses-06A",0.00214588547233308,0.00310560780059435,Inf,0.69097117540805,0.900591337457698,"mr_y_smri__thk__dst__sti"
"co_longi0 - co_longi2","ses-06A",0.00188271683565522,0.00536230157190908,Inf,0.351102378411168,0.985153300460869,"mr_y_smri__thk__dst__sti"
"co_longi0 - co_longi3","ses-06A",0.00524472396885684,0.00671418470593301,Inf,0.781140853069223,0.863050199249176,"mr_y_smri__thk__dst__sti"
"co_longi1 - co_longi2","ses-06A",-0.000263168636677859,0.00533420558529446,Inf,-0.0493360506020564,0.999956907473413,"mr_y_smri__thk__dst__sti"
"co_longi1 - co_longi3","ses-06A",0.00309883849652376,0.00661940067724925,Inf,0.468144874078163,0.966032100480227,"mr_y_smri__thk__dst__sti"
"co_longi2 - co_longi3","ses-06A",0.00336200713320162,0.00795786467697907,Inf,0.422476037187138,0.974657344196902,"mr_y_smri__thk__dst__sti"
"co_longi0 - co_longi1","ses-02A",-0.003320964015099,0.00222902025963075,Inf,-1.48987610173141,0.44359650786147,"mr_y_smri__thk__dst__sts"
"co_longi0 - co_longi2","ses-02A",-0.003488712040587,0.00416760300664269,Inf,-0.837102774670807,0.836792701634377,"mr_y_smri__thk__dst__sts"
"co_longi0 - co_longi3","ses-02A",-0.00380507023857066,0.00525681319701578,Inf,-0.723835924154724,0.887617753187026,"mr_y_smri__thk__dst__sts"
"co_longi1 - co_longi2","ses-02A",-0.000167748025487999,0.00423388302187679,Inf,-0.0396203732179732,0.999977674292255,"mr_y_smri__thk__dst__sts"
"co_longi1 - co_longi3","ses-02A",-0.000484106223471661,0.00528806703313136,Inf,-0.0915469150520572,0.999725291635961,"mr_y_smri__thk__dst__sts"
"co_longi2 - co_longi3","ses-02A",-0.000316358197983663,0.00636165494061203,Inf,-0.049728915028709,0.999955870456935,"mr_y_smri__thk__dst__sts"
"co_longi0 - co_longi1","ses-04A",0.00816411930685914,0.00241308008779765,Inf,3.38327739230167,0.00399354288648934,"mr_y_smri__thk__dst__sts"
"co_longi0 - co_longi2","ses-04A",0.0162806778504016,0.00440055145756061,Inf,3.6996903700398,0.00123540575667036,"mr_y_smri__thk__dst__sts"
"co_longi0 - co_longi3","ses-04A",0.0210734676899464,0.00552266342623094,Inf,3.81581604083529,0.00078253170368181,"mr_y_smri__thk__dst__sts"
"co_longi1 - co_longi2","ses-04A",0.00811655854354245,0.00443769927543011,Inf,1.82900148022215,0.259604171462593,"mr_y_smri__thk__dst__sts"
"co_longi1 - co_longi3","ses-04A",0.0129093483830873,0.0055181657812085,Inf,2.33942742841265,0.0892546012777681,"mr_y_smri__thk__dst__sts"
"co_longi2 - co_longi3","ses-04A",0.00479278983954483,0.0066420055735501,Inf,0.721587747326011,0.888531612311177,"mr_y_smri__thk__dst__sts"
"co_longi0 - co_longi1","ses-06A",0.0118451137591286,0.00241126934982487,Inf,4.9123975967218,0.00000536221033298201,"mr_y_smri__thk__dst__sts"
"co_longi0 - co_longi2","ses-06A",0.017417937378877,0.00423058033932311,Inf,4.11715083554326,0.000224397549434596,"mr_y_smri__thk__dst__sts"
"co_longi0 - co_longi3","ses-06A",0.018030646634397,0.00530067049676464,Inf,3.40157846925258,0.00374218381995861,"mr_y_smri__thk__dst__sts"
"co_longi1 - co_longi2","ses-06A",0.00557282361974842,0.00422273217670218,Inf,1.31971988431921,0.550280674318253,"mr_y_smri__thk__dst__sts"
"co_longi1 - co_longi3","ses-06A",0.00618553287526836,0.00524318131697876,Inf,1.1797289663125,0.639690849432169,"mr_y_smri__thk__dst__sts"
"co_longi2 - co_longi3","ses-06A",0.000612709255519945,0.00630880317994255,Inf,0.0971197290585827,0.999672137294991,"mr_y_smri__thk__dst__sts"
"co_longi0 - co_longi1","ses-02A",-0.0518316844196619,0.00557663785889313,Inf,-9.2944325472032,0.0000000000000410782519111308,"mr_y_smri__thk__dst__stt"
"co_longi0 - co_longi2","ses-02A",-0.0558909462664423,0.0103817840064785,Inf,-5.38355895591401,0.000000436952557469894,"mr_y_smri__thk__dst__stt"
"co_longi0 - co_longi3","ses-02A",-0.0665827261378714,0.0131410397928666,Inf,-5.06677760568192,0.00000241542269818762,"mr_y_smri__thk__dst__stt"
"co_longi1 - co_longi2","ses-02A",-0.00405926184678039,0.0105363519177941,Inf,-0.385262553723647,0.980566671487507,"mr_y_smri__thk__dst__stt"
"co_longi1 - co_longi3","ses-02A",-0.0147510417182096,0.0132023154540821,Inf,-1.1173071700577,0.678838516065351,"mr_y_smri__thk__dst__stt"
"co_longi2 - co_longi3","ses-02A",-0.0106917798714292,0.0158648399402736,Inf,-0.673929261920104,0.906989187684359,"mr_y_smri__thk__dst__stt"
"co_longi0 - co_longi1","ses-04A",-0.0220208634020951,0.00622628108744051,Inf,-3.53676024144092,0.00229008033697131,"mr_y_smri__thk__dst__stt"
"co_longi0 - co_longi2","ses-04A",-0.0283637520488134,0.0112952447635573,Inf,-2.51112327732159,0.0581979060944924,"mr_y_smri__thk__dst__stt"
"co_longi0 - co_longi3","ses-04A",-0.0339177068424013,0.0141822427376141,Inf,-2.39156157949863,0.0786669184947755,"mr_y_smri__thk__dst__stt"
"co_longi1 - co_longi2","ses-04A",-0.00634288864671831,0.0113829815280211,Inf,-0.557225594287776,0.944606006932967,"mr_y_smri__thk__dst__stt"
"co_longi1 - co_longi3","ses-04A",-0.0118968434403062,0.0141549396295218,Inf,-0.840472919820433,0.835143600399234,"mr_y_smri__thk__dst__stt"
"co_longi2 - co_longi3","ses-04A",-0.00555395479358785,0.0170291197402172,Inf,-0.326144561686958,0.988024702011937,"mr_y_smri__thk__dst__stt"
"co_longi0 - co_longi1","ses-06A",-0.016545853253536,0.0061252757597173,Inf,-2.70124218118461,0.034855191329955,"mr_y_smri__thk__dst__stt"
"co_longi0 - co_longi2","ses-06A",-0.0158226071644183,0.0105456660342693,Inf,-1.50038955462851,0.437215999960819,"mr_y_smri__thk__dst__stt"
"co_longi0 - co_longi3","ses-06A",-0.025993505462464,0.013201282990139,Inf,-1.96901357859539,0.199765674970023,"mr_y_smri__thk__dst__stt"
"co_longi1 - co_longi2","ses-06A",0.00072324608911766,0.0104870234427563,Inf,0.0689658121835541,0.999882393238826,"mr_y_smri__thk__dst__stt"
"co_longi1 - co_longi3","ses-06A",-0.00944765220892797,0.0130112003217639,Inf,-0.726116882016245,0.886686646602509,"mr_y_smri__thk__dst__stt"
"co_longi2 - co_longi3","ses-06A",-0.0101708982980456,0.0156377741005621,Inf,-0.650405756768162,0.915445264525921,"mr_y_smri__thk__dst__stt"
"co_longi0 - co_longi1","ses-02A",-0.00563174070704997,0.00175863854016622,Inf,-3.20232985825369,0.00745115094639959,"mr_y_smri__thk__dst"
"co_longi0 - co_longi2","ses-02A",-0.00926845208478921,0.00333056402978713,Inf,-2.78284759034691,0.0276251397726044,"mr_y_smri__thk__dst"
"co_longi0 - co_longi3","ses-02A",-0.0097307354498797,0.00418795540644836,Inf,-2.32350502942245,0.0927058110715114,"mr_y_smri__thk__dst"
"co_longi1 - co_longi2","ses-02A",-0.00363671137773924,0.00339376397783595,Inf,-1.07158641599414,0.706899325349676,"mr_y_smri__thk__dst"
"co_longi1 - co_longi3","ses-02A",-0.00409899474282972,0.00422722514697158,Inf,-0.96966558447124,0.766740958777843,"mr_y_smri__thk__dst"
"co_longi2 - co_longi3","ses-02A",-0.000462283365090486,0.00509033705770448,Inf,-0.0908158654034111,0.999731806890745,"mr_y_smri__thk__dst"
"co_longi0 - co_longi1","ses-04A",0.00684541056086137,0.00183740268120166,Inf,3.72559081952818,0.00111712404685971,"mr_y_smri__thk__dst"
"co_longi0 - co_longi2","ses-04A",0.0101942108453812,0.00341890148054558,Inf,2.98172114738868,0.0152011076358763,"mr_y_smri__thk__dst"
"co_longi0 - co_longi3","ses-04A",0.0121557659795383,0.00428882941248061,Inf,2.83428525838884,0.0237692892609371,"mr_y_smri__thk__dst"
"co_longi1 - co_longi2","ses-04A",0.00334880028451984,0.00346548156971681,Inf,0.966330426854207,0.768622143132604,"mr_y_smri__thk__dst"
"co_longi1 - co_longi3","ses-04A",0.00531035541867691,0.00430851388668275,Inf,1.23252600742237,0.606090950913271,"mr_y_smri__thk__dst"
"co_longi2 - co_longi3","ses-04A",0.00196155513415707,0.00518905212048641,Inf,0.378018005718779,0.981604811486984,"mr_y_smri__thk__dst"
"co_longi0 - co_longi1","ses-06A",0.0114570472118279,0.00184744566456598,Inf,6.20156112386639,0.00000000335267014150986,"mr_y_smri__thk__dst"
"co_longi0 - co_longi2","ses-06A",0.0130919087418713,0.00336318442542914,Inf,3.89271211024972,0.000573960623765801,"mr_y_smri__thk__dst"
"co_longi0 - co_longi3","ses-06A",0.0129348629764298,0.00421641789343548,Inf,3.06773742625653,0.0115838763734856,"mr_y_smri__thk__dst"
"co_longi1 - co_longi2","ses-06A",0.00163486153004338,0.00338964256970047,Inf,0.48231089161352,0.963037936236791,"mr_y_smri__thk__dst"
"co_longi1 - co_longi3","ses-06A",0.00147781576460185,0.00421138130383595,Inf,0.350909988429635,0.985176949991953,"mr_y_smri__thk__dst"
"co_longi2 - co_longi3","ses-06A",-0.000157045765441523,0.00507176411205721,Inf,-0.0309647219333751,0.999989340162292,"mr_y_smri__thk__dst"
